2026-05-01 15:32:49,936:WARNING:/Users/ramsundar/Documents/IITM-Graded-Projects/Capstone/.venv/lib/python3.11/site-packages/_distutils_hack/__init__.py:30: UserWarning: Setuptools is replacing distutils. Support for replacing an already imported distutils is deprecated. In the future, this condition will fail. Register concerns at https://github.com/pypa/setuptools/issues/new?template=distutils-deprecation.yml
  warnings.warn(

2026-05-01 15:32:49,936:WARNING:/Users/ramsundar/Documents/IITM-Graded-Projects/Capstone/.venv/lib/python3.11/site-packages/_distutils_hack/__init__.py:30: UserWarning: Setuptools is replacing distutils. Support for replacing an already imported distutils is deprecated. In the future, this condition will fail. Register concerns at https://github.com/pypa/setuptools/issues/new?template=distutils-deprecation.yml
  warnings.warn(

2026-05-01 15:32:49,936:WARNING:/Users/ramsundar/Documents/IITM-Graded-Projects/Capstone/.venv/lib/python3.11/site-packages/_distutils_hack/__init__.py:30: UserWarning: Setuptools is replacing distutils. Support for replacing an already imported distutils is deprecated. In the future, this condition will fail. Register concerns at https://github.com/pypa/setuptools/issues/new?template=distutils-deprecation.yml
  warnings.warn(

2026-05-01 15:32:49,936:WARNING:/Users/ramsundar/Documents/IITM-Graded-Projects/Capstone/.venv/lib/python3.11/site-packages/_distutils_hack/__init__.py:30: UserWarning: Setuptools is replacing distutils. Support for replacing an already imported distutils is deprecated. In the future, this condition will fail. Register concerns at https://github.com/pypa/setuptools/issues/new?template=distutils-deprecation.yml
  warnings.warn(

2026-05-01 15:32:49,936:WARNING:/Users/ramsundar/Documents/IITM-Graded-Projects/Capstone/.venv/lib/python3.11/site-packages/_distutils_hack/__init__.py:30: UserWarning: Setuptools is replacing distutils. Support for replacing an already imported distutils is deprecated. In the future, this condition will fail. Register concerns at https://github.com/pypa/setuptools/issues/new?template=distutils-deprecation.yml
  warnings.warn(

2026-05-01 15:32:49,936:WARNING:/Users/ramsundar/Documents/IITM-Graded-Projects/Capstone/.venv/lib/python3.11/site-packages/_distutils_hack/__init__.py:30: UserWarning: Setuptools is replacing distutils. Support for replacing an already imported distutils is deprecated. In the future, this condition will fail. Register concerns at https://github.com/pypa/setuptools/issues/new?template=distutils-deprecation.yml
  warnings.warn(

2026-05-01 15:32:49,936:WARNING:/Users/ramsundar/Documents/IITM-Graded-Projects/Capstone/.venv/lib/python3.11/site-packages/_distutils_hack/__init__.py:30: UserWarning: Setuptools is replacing distutils. Support for replacing an already imported distutils is deprecated. In the future, this condition will fail. Register concerns at https://github.com/pypa/setuptools/issues/new?template=distutils-deprecation.yml
  warnings.warn(

2026-05-01 15:32:49,936:WARNING:/Users/ramsundar/Documents/IITM-Graded-Projects/Capstone/.venv/lib/python3.11/site-packages/_distutils_hack/__init__.py:30: UserWarning: Setuptools is replacing distutils. Support for replacing an already imported distutils is deprecated. In the future, this condition will fail. Register concerns at https://github.com/pypa/setuptools/issues/new?template=distutils-deprecation.yml
  warnings.warn(

2026-05-01 15:32:49,936:WARNING:/Users/ramsundar/Documents/IITM-Graded-Projects/Capstone/.venv/lib/python3.11/site-packages/_distutils_hack/__init__.py:30: UserWarning: Setuptools is replacing distutils. Support for replacing an already imported distutils is deprecated. In the future, this condition will fail. Register concerns at https://github.com/pypa/setuptools/issues/new?template=distutils-deprecation.yml
  warnings.warn(

2026-05-01 15:32:49,936:WARNING:/Users/ramsundar/Documents/IITM-Graded-Projects/Capstone/.venv/lib/python3.11/site-packages/_distutils_hack/__init__.py:30: UserWarning: Setuptools is replacing distutils. Support for replacing an already imported distutils is deprecated. In the future, this condition will fail. Register concerns at https://github.com/pypa/setuptools/issues/new?template=distutils-deprecation.yml
  warnings.warn(

2026-05-01 15:32:50,055:WARNING:/Users/ramsundar/Documents/IITM-Graded-Projects/Capstone/.venv/lib/python3.11/site-packages/sklearn/metrics/_classification.py:1561: UserWarning: Note that pos_label (set to 'Medium') is ignored when average != 'binary' (got 'weighted'). You may use labels=[pos_label] to specify a single positive class.
  warnings.warn(

2026-05-01 15:32:50,060:WARNING:/Users/ramsundar/Documents/IITM-Graded-Projects/Capstone/.venv/lib/python3.11/site-packages/sklearn/metrics/_classification.py:1561: UserWarning: Note that pos_label (set to 'Medium') is ignored when average != 'binary' (got 'weighted'). You may use labels=[pos_label] to specify a single positive class.
  warnings.warn(

2026-05-01 15:32:50,060:WARNING:/Users/ramsundar/Documents/IITM-Graded-Projects/Capstone/.venv/lib/python3.11/site-packages/sklearn/metrics/_classification.py:1561: UserWarning: Note that pos_label (set to 'Medium') is ignored when average != 'binary' (got 'weighted'). You may use labels=[pos_label] to specify a single positive class.
  warnings.warn(

2026-05-01 15:32:50,063:WARNING:/Users/ramsundar/Documents/IITM-Graded-Projects/Capstone/.venv/lib/python3.11/site-packages/sklearn/metrics/_classification.py:1561: UserWarning: Note that pos_label (set to 'Medium') is ignored when average != 'binary' (got 'weighted'). You may use labels=[pos_label] to specify a single positive class.
  warnings.warn(

2026-05-01 15:32:50,064:WARNING:/Users/ramsundar/Documents/IITM-Graded-Projects/Capstone/.venv/lib/python3.11/site-packages/sklearn/metrics/_classification.py:1561: UserWarning: Note that pos_label (set to 'Medium') is ignored when average != 'binary' (got 'weighted'). You may use labels=[pos_label] to specify a single positive class.
  warnings.warn(

2026-05-01 15:32:50,066:WARNING:/Users/ramsundar/Documents/IITM-Graded-Projects/Capstone/.venv/lib/python3.11/site-packages/sklearn/metrics/_classification.py:1561: UserWarning: Note that pos_label (set to 'Medium') is ignored when average != 'binary' (got 'weighted'). You may use labels=[pos_label] to specify a single positive class.
  warnings.warn(

2026-05-01 15:32:50,066:WARNING:/Users/ramsundar/Documents/IITM-Graded-Projects/Capstone/.venv/lib/python3.11/site-packages/sklearn/metrics/_classification.py:1561: UserWarning: Note that pos_label (set to 'Medium') is ignored when average != 'binary' (got 'weighted'). You may use labels=[pos_label] to specify a single positive class.
  warnings.warn(

2026-05-01 15:32:50,068:WARNING:/Users/ramsundar/Documents/IITM-Graded-Projects/Capstone/.venv/lib/python3.11/site-packages/sklearn/metrics/_classification.py:1561: UserWarning: Note that pos_label (set to 'Medium') is ignored when average != 'binary' (got 'weighted'). You may use labels=[pos_label] to specify a single positive class.
  warnings.warn(

2026-05-01 15:32:50,070:WARNING:/Users/ramsundar/Documents/IITM-Graded-Projects/Capstone/.venv/lib/python3.11/site-packages/sklearn/metrics/_classification.py:1561: UserWarning: Note that pos_label (set to 'Medium') is ignored when average != 'binary' (got 'weighted'). You may use labels=[pos_label] to specify a single positive class.
  warnings.warn(

2026-05-01 15:32:50,071:WARNING:/Users/ramsundar/Documents/IITM-Graded-Projects/Capstone/.venv/lib/python3.11/site-packages/sklearn/metrics/_classification.py:1561: UserWarning: Note that pos_label (set to 'Medium') is ignored when average != 'binary' (got 'weighted'). You may use labels=[pos_label] to specify a single positive class.
  warnings.warn(

2026-05-01 15:32:50,073:WARNING:/Users/ramsundar/Documents/IITM-Graded-Projects/Capstone/.venv/lib/python3.11/site-packages/sklearn/metrics/_classification.py:1561: UserWarning: Note that pos_label (set to 'Medium') is ignored when average != 'binary' (got 'weighted'). You may use labels=[pos_label] to specify a single positive class.
  warnings.warn(

2026-05-01 15:32:50,073:WARNING:/Users/ramsundar/Documents/IITM-Graded-Projects/Capstone/.venv/lib/python3.11/site-packages/sklearn/metrics/_classification.py:1561: UserWarning: Note that pos_label (set to 'Medium') is ignored when average != 'binary' (got 'weighted'). You may use labels=[pos_label] to specify a single positive class.
  warnings.warn(

2026-05-01 15:32:50,074:WARNING:/Users/ramsundar/Documents/IITM-Graded-Projects/Capstone/.venv/lib/python3.11/site-packages/sklearn/metrics/_classification.py:1561: UserWarning: Note that pos_label (set to 'Medium') is ignored when average != 'binary' (got 'weighted'). You may use labels=[pos_label] to specify a single positive class.
  warnings.warn(

2026-05-01 15:32:50,074:WARNING:/Users/ramsundar/Documents/IITM-Graded-Projects/Capstone/.venv/lib/python3.11/site-packages/sklearn/metrics/_classification.py:1561: UserWarning: Note that pos_label (set to 'Medium') is ignored when average != 'binary' (got 'weighted'). You may use labels=[pos_label] to specify a single positive class.
  warnings.warn(

2026-05-01 15:32:50,076:WARNING:/Users/ramsundar/Documents/IITM-Graded-Projects/Capstone/.venv/lib/python3.11/site-packages/sklearn/metrics/_classification.py:1561: UserWarning: Note that pos_label (set to 'Medium') is ignored when average != 'binary' (got 'weighted'). You may use labels=[pos_label] to specify a single positive class.
  warnings.warn(

2026-05-01 15:32:50,076:WARNING:/Users/ramsundar/Documents/IITM-Graded-Projects/Capstone/.venv/lib/python3.11/site-packages/sklearn/metrics/_classification.py:1561: UserWarning: Note that pos_label (set to 'Medium') is ignored when average != 'binary' (got 'weighted'). You may use labels=[pos_label] to specify a single positive class.
  warnings.warn(

2026-05-01 15:32:50,076:WARNING:/Users/ramsundar/Documents/IITM-Graded-Projects/Capstone/.venv/lib/python3.11/site-packages/sklearn/metrics/_classification.py:1561: UserWarning: Note that pos_label (set to 'Medium') is ignored when average != 'binary' (got 'weighted'). You may use labels=[pos_label] to specify a single positive class.
  warnings.warn(

2026-05-01 15:32:50,080:WARNING:/Users/ramsundar/Documents/IITM-Graded-Projects/Capstone/.venv/lib/python3.11/site-packages/sklearn/metrics/_classification.py:1561: UserWarning: Note that pos_label (set to 'Medium') is ignored when average != 'binary' (got 'weighted'). You may use labels=[pos_label] to specify a single positive class.
  warnings.warn(

2026-05-01 15:32:50,081:WARNING:/Users/ramsundar/Documents/IITM-Graded-Projects/Capstone/.venv/lib/python3.11/site-packages/sklearn/metrics/_classification.py:1561: UserWarning: Note that pos_label (set to 'Medium') is ignored when average != 'binary' (got 'weighted'). You may use labels=[pos_label] to specify a single positive class.
  warnings.warn(

2026-05-01 15:32:50,082:WARNING:/Users/ramsundar/Documents/IITM-Graded-Projects/Capstone/.venv/lib/python3.11/site-packages/sklearn/metrics/_classification.py:1561: UserWarning: Note that pos_label (set to 'Medium') is ignored when average != 'binary' (got 'weighted'). You may use labels=[pos_label] to specify a single positive class.
  warnings.warn(

2026-05-01 15:32:50,082:WARNING:/Users/ramsundar/Documents/IITM-Graded-Projects/Capstone/.venv/lib/python3.11/site-packages/sklearn/metrics/_classification.py:1561: UserWarning: Note that pos_label (set to 'Medium') is ignored when average != 'binary' (got 'weighted'). You may use labels=[pos_label] to specify a single positive class.
  warnings.warn(

2026-05-01 15:32:50,082:WARNING:/Users/ramsundar/Documents/IITM-Graded-Projects/Capstone/.venv/lib/python3.11/site-packages/sklearn/metrics/_classification.py:1561: UserWarning: Note that pos_label (set to 'Medium') is ignored when average != 'binary' (got 'weighted'). You may use labels=[pos_label] to specify a single positive class.
  warnings.warn(

2026-05-01 15:32:50,084:WARNING:/Users/ramsundar/Documents/IITM-Graded-Projects/Capstone/.venv/lib/python3.11/site-packages/sklearn/metrics/_classification.py:1561: UserWarning: Note that pos_label (set to 'Medium') is ignored when average != 'binary' (got 'weighted'). You may use labels=[pos_label] to specify a single positive class.
  warnings.warn(

2026-05-01 15:32:50,084:WARNING:/Users/ramsundar/Documents/IITM-Graded-Projects/Capstone/.venv/lib/python3.11/site-packages/sklearn/metrics/_classification.py:1561: UserWarning: Note that pos_label (set to 'Medium') is ignored when average != 'binary' (got 'weighted'). You may use labels=[pos_label] to specify a single positive class.
  warnings.warn(

2026-05-01 15:32:50,086:WARNING:/Users/ramsundar/Documents/IITM-Graded-Projects/Capstone/.venv/lib/python3.11/site-packages/sklearn/metrics/_classification.py:1561: UserWarning: Note that pos_label (set to 'Medium') is ignored when average != 'binary' (got 'weighted'). You may use labels=[pos_label] to specify a single positive class.
  warnings.warn(

2026-05-01 15:32:50,087:WARNING:/Users/ramsundar/Documents/IITM-Graded-Projects/Capstone/.venv/lib/python3.11/site-packages/sklearn/metrics/_classification.py:1561: UserWarning: Note that pos_label (set to 'Medium') is ignored when average != 'binary' (got 'weighted'). You may use labels=[pos_label] to specify a single positive class.
  warnings.warn(

2026-05-01 15:32:50,088:WARNING:/Users/ramsundar/Documents/IITM-Graded-Projects/Capstone/.venv/lib/python3.11/site-packages/sklearn/metrics/_classification.py:1561: UserWarning: Note that pos_label (set to 'Medium') is ignored when average != 'binary' (got 'weighted'). You may use labels=[pos_label] to specify a single positive class.
  warnings.warn(

2026-05-01 15:32:50,089:WARNING:/Users/ramsundar/Documents/IITM-Graded-Projects/Capstone/.venv/lib/python3.11/site-packages/sklearn/metrics/_classification.py:1561: UserWarning: Note that pos_label (set to 'Medium') is ignored when average != 'binary' (got 'weighted'). You may use labels=[pos_label] to specify a single positive class.
  warnings.warn(

2026-05-01 15:32:50,090:WARNING:/Users/ramsundar/Documents/IITM-Graded-Projects/Capstone/.venv/lib/python3.11/site-packages/sklearn/metrics/_classification.py:1561: UserWarning: Note that pos_label (set to 'Medium') is ignored when average != 'binary' (got 'weighted'). You may use labels=[pos_label] to specify a single positive class.
  warnings.warn(

2026-05-01 15:32:50,093:WARNING:/Users/ramsundar/Documents/IITM-Graded-Projects/Capstone/.venv/lib/python3.11/site-packages/sklearn/metrics/_classification.py:1561: UserWarning: Note that pos_label (set to 'Medium') is ignored when average != 'binary' (got 'weighted'). You may use labels=[pos_label] to specify a single positive class.
  warnings.warn(

2026-05-01 15:37:40,298:WARNING:/Users/ramsundar/Documents/IITM-Graded-Projects/Capstone/.venv/lib/python3.11/site-packages/_distutils_hack/__init__.py:30: UserWarning: Setuptools is replacing distutils. Support for replacing an already imported distutils is deprecated. In the future, this condition will fail. Register concerns at https://github.com/pypa/setuptools/issues/new?template=distutils-deprecation.yml
  warnings.warn(

2026-05-01 15:37:40,374:WARNING:/Users/ramsundar/Documents/IITM-Graded-Projects/Capstone/.venv/lib/python3.11/site-packages/_distutils_hack/__init__.py:30: UserWarning: Setuptools is replacing distutils. Support for replacing an already imported distutils is deprecated. In the future, this condition will fail. Register concerns at https://github.com/pypa/setuptools/issues/new?template=distutils-deprecation.yml
  warnings.warn(

2026-05-01 15:37:40,418:WARNING:/Users/ramsundar/Documents/IITM-Graded-Projects/Capstone/.venv/lib/python3.11/site-packages/_distutils_hack/__init__.py:30: UserWarning: Setuptools is replacing distutils. Support for replacing an already imported distutils is deprecated. In the future, this condition will fail. Register concerns at https://github.com/pypa/setuptools/issues/new?template=distutils-deprecation.yml
  warnings.warn(

2026-05-01 15:37:40,438:WARNING:/Users/ramsundar/Documents/IITM-Graded-Projects/Capstone/.venv/lib/python3.11/site-packages/_distutils_hack/__init__.py:30: UserWarning: Setuptools is replacing distutils. Support for replacing an already imported distutils is deprecated. In the future, this condition will fail. Register concerns at https://github.com/pypa/setuptools/issues/new?template=distutils-deprecation.yml
  warnings.warn(

2026-05-01 15:37:40,453:WARNING:/Users/ramsundar/Documents/IITM-Graded-Projects/Capstone/.venv/lib/python3.11/site-packages/_distutils_hack/__init__.py:30: UserWarning: Setuptools is replacing distutils. Support for replacing an already imported distutils is deprecated. In the future, this condition will fail. Register concerns at https://github.com/pypa/setuptools/issues/new?template=distutils-deprecation.yml
  warnings.warn(

2026-05-01 15:37:40,459:WARNING:/Users/ramsundar/Documents/IITM-Graded-Projects/Capstone/.venv/lib/python3.11/site-packages/_distutils_hack/__init__.py:30: UserWarning: Setuptools is replacing distutils. Support for replacing an already imported distutils is deprecated. In the future, this condition will fail. Register concerns at https://github.com/pypa/setuptools/issues/new?template=distutils-deprecation.yml
  warnings.warn(

2026-05-01 15:37:40,507:WARNING:/Users/ramsundar/Documents/IITM-Graded-Projects/Capstone/.venv/lib/python3.11/site-packages/_distutils_hack/__init__.py:30: UserWarning: Setuptools is replacing distutils. Support for replacing an already imported distutils is deprecated. In the future, this condition will fail. Register concerns at https://github.com/pypa/setuptools/issues/new?template=distutils-deprecation.yml
  warnings.warn(

2026-05-01 15:37:40,533:WARNING:/Users/ramsundar/Documents/IITM-Graded-Projects/Capstone/.venv/lib/python3.11/site-packages/_distutils_hack/__init__.py:30: UserWarning: Setuptools is replacing distutils. Support for replacing an already imported distutils is deprecated. In the future, this condition will fail. Register concerns at https://github.com/pypa/setuptools/issues/new?template=distutils-deprecation.yml
  warnings.warn(

2026-05-01 15:37:40,544:WARNING:/Users/ramsundar/Documents/IITM-Graded-Projects/Capstone/.venv/lib/python3.11/site-packages/_distutils_hack/__init__.py:30: UserWarning: Setuptools is replacing distutils. Support for replacing an already imported distutils is deprecated. In the future, this condition will fail. Register concerns at https://github.com/pypa/setuptools/issues/new?template=distutils-deprecation.yml
  warnings.warn(

2026-05-01 15:37:40,546:WARNING:/Users/ramsundar/Documents/IITM-Graded-Projects/Capstone/.venv/lib/python3.11/site-packages/_distutils_hack/__init__.py:30: UserWarning: Setuptools is replacing distutils. Support for replacing an already imported distutils is deprecated. In the future, this condition will fail. Register concerns at https://github.com/pypa/setuptools/issues/new?template=distutils-deprecation.yml
  warnings.warn(

2026-05-01 15:37:49,946:WARNING:/Users/ramsundar/Documents/IITM-Graded-Projects/Capstone/.venv/lib/python3.11/site-packages/pycaret/internal/metrics.py:204: FitFailedWarning: Metric 'make_scorer(roc_auc_score, response_method=('decision_function', 'predict_proba'), average=weighted, multi_class=ovr)' failed and error score 0.0 has been returned instead. If this is a custom metric, this usually means that the error is in the metric code. Full exception below:
Traceback (most recent call last):
  File "/Users/ramsundar/Documents/IITM-Graded-Projects/Capstone/.venv/lib/python3.11/site-packages/pycaret/internal/metrics.py", line 196, in _score
    return super()._score(
           ^^^^^^^^^^^^^^^
  File "/Users/ramsundar/Documents/IITM-Graded-Projects/Capstone/.venv/lib/python3.11/site-packages/sklearn/metrics/_scorer.py", line 350, in _score
    return self._sign * self._score_func(y_true, y_pred, **scoring_kwargs)
                        ^^^^^^^^^^^^^^^^^^^^^^^^^^^^^^^^^^^^^^^^^^^^^^^^^^
  File "/Users/ramsundar/Documents/IITM-Graded-Projects/Capstone/.venv/lib/python3.11/site-packages/pycaret/internal/metrics.py", line 144, in __call__
    return self.score_func(y_true, y_pred, **kwargs)
           ^^^^^^^^^^^^^^^^^^^^^^^^^^^^^^^^^^^^^^^^^
  File "/Users/ramsundar/Documents/IITM-Graded-Projects/Capstone/.venv/lib/python3.11/site-packages/sklearn/utils/_param_validation.py", line 213, in wrapper
    return func(*args, **kwargs)
           ^^^^^^^^^^^^^^^^^^^^^
  File "/Users/ramsundar/Documents/IITM-Graded-Projects/Capstone/.venv/lib/python3.11/site-packages/sklearn/metrics/_ranking.py", line 634, in roc_auc_score
    return _multiclass_roc_auc_score(
           ^^^^^^^^^^^^^^^^^^^^^^^^^^
  File "/Users/ramsundar/Documents/IITM-Graded-Projects/Capstone/.venv/lib/python3.11/site-packages/sklearn/metrics/_ranking.py", line 707, in _multiclass_roc_auc_score
    raise ValueError(
ValueError: Target scores need to be probabilities for multiclass roc_auc, i.e. they should sum up to 1.0 over classes

  warnings.warn(

2026-05-01 15:37:49,950:WARNING:/Users/ramsundar/Documents/IITM-Graded-Projects/Capstone/.venv/lib/python3.11/site-packages/sklearn/metrics/_classification.py:1561: UserWarning: Note that pos_label (set to 'Rejected') is ignored when average != 'binary' (got 'weighted'). You may use labels=[pos_label] to specify a single positive class.
  warnings.warn(

2026-05-01 15:37:49,955:WARNING:/Users/ramsundar/Documents/IITM-Graded-Projects/Capstone/.venv/lib/python3.11/site-packages/sklearn/metrics/_classification.py:1561: UserWarning: Note that pos_label (set to 'Rejected') is ignored when average != 'binary' (got 'weighted'). You may use labels=[pos_label] to specify a single positive class.
  warnings.warn(

2026-05-01 15:37:49,963:WARNING:/Users/ramsundar/Documents/IITM-Graded-Projects/Capstone/.venv/lib/python3.11/site-packages/sklearn/metrics/_classification.py:1561: UserWarning: Note that pos_label (set to 'Rejected') is ignored when average != 'binary' (got 'weighted'). You may use labels=[pos_label] to specify a single positive class.
  warnings.warn(

2026-05-01 15:37:50,091:WARNING:/Users/ramsundar/Documents/IITM-Graded-Projects/Capstone/.venv/lib/python3.11/site-packages/pycaret/internal/metrics.py:204: FitFailedWarning: Metric 'make_scorer(roc_auc_score, response_method=('decision_function', 'predict_proba'), average=weighted, multi_class=ovr)' failed and error score 0.0 has been returned instead. If this is a custom metric, this usually means that the error is in the metric code. Full exception below:
Traceback (most recent call last):
  File "/Users/ramsundar/Documents/IITM-Graded-Projects/Capstone/.venv/lib/python3.11/site-packages/pycaret/internal/metrics.py", line 196, in _score
    return super()._score(
           ^^^^^^^^^^^^^^^
  File "/Users/ramsundar/Documents/IITM-Graded-Projects/Capstone/.venv/lib/python3.11/site-packages/sklearn/metrics/_scorer.py", line 350, in _score
    return self._sign * self._score_func(y_true, y_pred, **scoring_kwargs)
                        ^^^^^^^^^^^^^^^^^^^^^^^^^^^^^^^^^^^^^^^^^^^^^^^^^^
  File "/Users/ramsundar/Documents/IITM-Graded-Projects/Capstone/.venv/lib/python3.11/site-packages/pycaret/internal/metrics.py", line 144, in __call__
    return self.score_func(y_true, y_pred, **kwargs)
           ^^^^^^^^^^^^^^^^^^^^^^^^^^^^^^^^^^^^^^^^^
  File "/Users/ramsundar/Documents/IITM-Graded-Projects/Capstone/.venv/lib/python3.11/site-packages/sklearn/utils/_param_validation.py", line 213, in wrapper
    return func(*args, **kwargs)
           ^^^^^^^^^^^^^^^^^^^^^
  File "/Users/ramsundar/Documents/IITM-Graded-Projects/Capstone/.venv/lib/python3.11/site-packages/sklearn/metrics/_ranking.py", line 634, in roc_auc_score
    return _multiclass_roc_auc_score(
           ^^^^^^^^^^^^^^^^^^^^^^^^^^
  File "/Users/ramsundar/Documents/IITM-Graded-Projects/Capstone/.venv/lib/python3.11/site-packages/sklearn/metrics/_ranking.py", line 707, in _multiclass_roc_auc_score
    raise ValueError(
ValueError: Target scores need to be probabilities for multiclass roc_auc, i.e. they should sum up to 1.0 over classes

  warnings.warn(

2026-05-01 15:37:50,091:WARNING:/Users/ramsundar/Documents/IITM-Graded-Projects/Capstone/.venv/lib/python3.11/site-packages/pycaret/internal/metrics.py:204: FitFailedWarning: Metric 'make_scorer(roc_auc_score, response_method=('decision_function', 'predict_proba'), average=weighted, multi_class=ovr)' failed and error score 0.0 has been returned instead. If this is a custom metric, this usually means that the error is in the metric code. Full exception below:
Traceback (most recent call last):
  File "/Users/ramsundar/Documents/IITM-Graded-Projects/Capstone/.venv/lib/python3.11/site-packages/pycaret/internal/metrics.py", line 196, in _score
    return super()._score(
           ^^^^^^^^^^^^^^^
  File "/Users/ramsundar/Documents/IITM-Graded-Projects/Capstone/.venv/lib/python3.11/site-packages/sklearn/metrics/_scorer.py", line 350, in _score
    return self._sign * self._score_func(y_true, y_pred, **scoring_kwargs)
                        ^^^^^^^^^^^^^^^^^^^^^^^^^^^^^^^^^^^^^^^^^^^^^^^^^^
  File "/Users/ramsundar/Documents/IITM-Graded-Projects/Capstone/.venv/lib/python3.11/site-packages/pycaret/internal/metrics.py", line 144, in __call__
    return self.score_func(y_true, y_pred, **kwargs)
           ^^^^^^^^^^^^^^^^^^^^^^^^^^^^^^^^^^^^^^^^^
  File "/Users/ramsundar/Documents/IITM-Graded-Projects/Capstone/.venv/lib/python3.11/site-packages/sklearn/utils/_param_validation.py", line 213, in wrapper
    return func(*args, **kwargs)
           ^^^^^^^^^^^^^^^^^^^^^
  File "/Users/ramsundar/Documents/IITM-Graded-Projects/Capstone/.venv/lib/python3.11/site-packages/sklearn/metrics/_ranking.py", line 634, in roc_auc_score
    return _multiclass_roc_auc_score(
           ^^^^^^^^^^^^^^^^^^^^^^^^^^
  File "/Users/ramsundar/Documents/IITM-Graded-Projects/Capstone/.venv/lib/python3.11/site-packages/sklearn/metrics/_ranking.py", line 707, in _multiclass_roc_auc_score
    raise ValueError(
ValueError: Target scores need to be probabilities for multiclass roc_auc, i.e. they should sum up to 1.0 over classes

  warnings.warn(

2026-05-01 15:37:50,094:WARNING:/Users/ramsundar/Documents/IITM-Graded-Projects/Capstone/.venv/lib/python3.11/site-packages/sklearn/metrics/_classification.py:1561: UserWarning: Note that pos_label (set to 'Rejected') is ignored when average != 'binary' (got 'weighted'). You may use labels=[pos_label] to specify a single positive class.
  warnings.warn(

2026-05-01 15:37:50,099:WARNING:/Users/ramsundar/Documents/IITM-Graded-Projects/Capstone/.venv/lib/python3.11/site-packages/sklearn/metrics/_classification.py:1561: UserWarning: Note that pos_label (set to 'Rejected') is ignored when average != 'binary' (got 'weighted'). You may use labels=[pos_label] to specify a single positive class.
  warnings.warn(

2026-05-01 15:37:50,108:WARNING:/Users/ramsundar/Documents/IITM-Graded-Projects/Capstone/.venv/lib/python3.11/site-packages/sklearn/metrics/_classification.py:1561: UserWarning: Note that pos_label (set to 'Rejected') is ignored when average != 'binary' (got 'weighted'). You may use labels=[pos_label] to specify a single positive class.
  warnings.warn(

2026-05-01 15:37:50,114:WARNING:/Users/ramsundar/Documents/IITM-Graded-Projects/Capstone/.venv/lib/python3.11/site-packages/sklearn/metrics/_classification.py:1561: UserWarning: Note that pos_label (set to 'Rejected') is ignored when average != 'binary' (got 'weighted'). You may use labels=[pos_label] to specify a single positive class.
  warnings.warn(

2026-05-01 15:37:50,119:WARNING:/Users/ramsundar/Documents/IITM-Graded-Projects/Capstone/.venv/lib/python3.11/site-packages/sklearn/metrics/_classification.py:1561: UserWarning: Note that pos_label (set to 'Rejected') is ignored when average != 'binary' (got 'weighted'). You may use labels=[pos_label] to specify a single positive class.
  warnings.warn(

2026-05-01 15:37:50,124:WARNING:/Users/ramsundar/Documents/IITM-Graded-Projects/Capstone/.venv/lib/python3.11/site-packages/pycaret/internal/metrics.py:204: FitFailedWarning: Metric 'make_scorer(roc_auc_score, response_method=('decision_function', 'predict_proba'), average=weighted, multi_class=ovr)' failed and error score 0.0 has been returned instead. If this is a custom metric, this usually means that the error is in the metric code. Full exception below:
Traceback (most recent call last):
  File "/Users/ramsundar/Documents/IITM-Graded-Projects/Capstone/.venv/lib/python3.11/site-packages/pycaret/internal/metrics.py", line 196, in _score
    return super()._score(
           ^^^^^^^^^^^^^^^
  File "/Users/ramsundar/Documents/IITM-Graded-Projects/Capstone/.venv/lib/python3.11/site-packages/sklearn/metrics/_scorer.py", line 350, in _score
    return self._sign * self._score_func(y_true, y_pred, **scoring_kwargs)
                        ^^^^^^^^^^^^^^^^^^^^^^^^^^^^^^^^^^^^^^^^^^^^^^^^^^
  File "/Users/ramsundar/Documents/IITM-Graded-Projects/Capstone/.venv/lib/python3.11/site-packages/pycaret/internal/metrics.py", line 144, in __call__
    return self.score_func(y_true, y_pred, **kwargs)
           ^^^^^^^^^^^^^^^^^^^^^^^^^^^^^^^^^^^^^^^^^
  File "/Users/ramsundar/Documents/IITM-Graded-Projects/Capstone/.venv/lib/python3.11/site-packages/sklearn/utils/_param_validation.py", line 213, in wrapper
    return func(*args, **kwargs)
           ^^^^^^^^^^^^^^^^^^^^^
  File "/Users/ramsundar/Documents/IITM-Graded-Projects/Capstone/.venv/lib/python3.11/site-packages/sklearn/metrics/_ranking.py", line 634, in roc_auc_score
    return _multiclass_roc_auc_score(
           ^^^^^^^^^^^^^^^^^^^^^^^^^^
  File "/Users/ramsundar/Documents/IITM-Graded-Projects/Capstone/.venv/lib/python3.11/site-packages/sklearn/metrics/_ranking.py", line 707, in _multiclass_roc_auc_score
    raise ValueError(
ValueError: Target scores need to be probabilities for multiclass roc_auc, i.e. they should sum up to 1.0 over classes

  warnings.warn(

2026-05-01 15:37:50,126:WARNING:/Users/ramsundar/Documents/IITM-Graded-Projects/Capstone/.venv/lib/python3.11/site-packages/pycaret/internal/metrics.py:204: FitFailedWarning: Metric 'make_scorer(roc_auc_score, response_method=('decision_function', 'predict_proba'), average=weighted, multi_class=ovr)' failed and error score 0.0 has been returned instead. If this is a custom metric, this usually means that the error is in the metric code. Full exception below:
Traceback (most recent call last):
  File "/Users/ramsundar/Documents/IITM-Graded-Projects/Capstone/.venv/lib/python3.11/site-packages/pycaret/internal/metrics.py", line 196, in _score
    return super()._score(
           ^^^^^^^^^^^^^^^
  File "/Users/ramsundar/Documents/IITM-Graded-Projects/Capstone/.venv/lib/python3.11/site-packages/sklearn/metrics/_scorer.py", line 350, in _score
    return self._sign * self._score_func(y_true, y_pred, **scoring_kwargs)
                        ^^^^^^^^^^^^^^^^^^^^^^^^^^^^^^^^^^^^^^^^^^^^^^^^^^
  File "/Users/ramsundar/Documents/IITM-Graded-Projects/Capstone/.venv/lib/python3.11/site-packages/pycaret/internal/metrics.py", line 144, in __call__
    return self.score_func(y_true, y_pred, **kwargs)
           ^^^^^^^^^^^^^^^^^^^^^^^^^^^^^^^^^^^^^^^^^
  File "/Users/ramsundar/Documents/IITM-Graded-Projects/Capstone/.venv/lib/python3.11/site-packages/sklearn/utils/_param_validation.py", line 213, in wrapper
    return func(*args, **kwargs)
           ^^^^^^^^^^^^^^^^^^^^^
  File "/Users/ramsundar/Documents/IITM-Graded-Projects/Capstone/.venv/lib/python3.11/site-packages/sklearn/metrics/_ranking.py", line 634, in roc_auc_score
    return _multiclass_roc_auc_score(
           ^^^^^^^^^^^^^^^^^^^^^^^^^^
  File "/Users/ramsundar/Documents/IITM-Graded-Projects/Capstone/.venv/lib/python3.11/site-packages/sklearn/metrics/_ranking.py", line 707, in _multiclass_roc_auc_score
    raise ValueError(
ValueError: Target scores need to be probabilities for multiclass roc_auc, i.e. they should sum up to 1.0 over classes

  warnings.warn(

2026-05-01 15:37:50,127:WARNING:/Users/ramsundar/Documents/IITM-Graded-Projects/Capstone/.venv/lib/python3.11/site-packages/sklearn/metrics/_classification.py:1561: UserWarning: Note that pos_label (set to 'Rejected') is ignored when average != 'binary' (got 'weighted'). You may use labels=[pos_label] to specify a single positive class.
  warnings.warn(

2026-05-01 15:37:50,128:WARNING:/Users/ramsundar/Documents/IITM-Graded-Projects/Capstone/.venv/lib/python3.11/site-packages/sklearn/metrics/_classification.py:1561: UserWarning: Note that pos_label (set to 'Rejected') is ignored when average != 'binary' (got 'weighted'). You may use labels=[pos_label] to specify a single positive class.
  warnings.warn(

2026-05-01 15:37:50,133:WARNING:/Users/ramsundar/Documents/IITM-Graded-Projects/Capstone/.venv/lib/python3.11/site-packages/sklearn/metrics/_classification.py:1561: UserWarning: Note that pos_label (set to 'Rejected') is ignored when average != 'binary' (got 'weighted'). You may use labels=[pos_label] to specify a single positive class.
  warnings.warn(

2026-05-01 15:37:50,133:WARNING:/Users/ramsundar/Documents/IITM-Graded-Projects/Capstone/.venv/lib/python3.11/site-packages/sklearn/metrics/_classification.py:1561: UserWarning: Note that pos_label (set to 'Rejected') is ignored when average != 'binary' (got 'weighted'). You may use labels=[pos_label] to specify a single positive class.
  warnings.warn(

2026-05-01 15:37:50,134:WARNING:/Users/ramsundar/Documents/IITM-Graded-Projects/Capstone/.venv/lib/python3.11/site-packages/sklearn/metrics/_classification.py:1561: UserWarning: Note that pos_label (set to 'Rejected') is ignored when average != 'binary' (got 'weighted'). You may use labels=[pos_label] to specify a single positive class.
  warnings.warn(

2026-05-01 15:37:50,137:WARNING:/Users/ramsundar/Documents/IITM-Graded-Projects/Capstone/.venv/lib/python3.11/site-packages/pycaret/internal/metrics.py:204: FitFailedWarning: Metric 'make_scorer(roc_auc_score, response_method=('decision_function', 'predict_proba'), average=weighted, multi_class=ovr)' failed and error score 0.0 has been returned instead. If this is a custom metric, this usually means that the error is in the metric code. Full exception below:
Traceback (most recent call last):
  File "/Users/ramsundar/Documents/IITM-Graded-Projects/Capstone/.venv/lib/python3.11/site-packages/pycaret/internal/metrics.py", line 196, in _score
    return super()._score(
           ^^^^^^^^^^^^^^^
  File "/Users/ramsundar/Documents/IITM-Graded-Projects/Capstone/.venv/lib/python3.11/site-packages/sklearn/metrics/_scorer.py", line 350, in _score
    return self._sign * self._score_func(y_true, y_pred, **scoring_kwargs)
                        ^^^^^^^^^^^^^^^^^^^^^^^^^^^^^^^^^^^^^^^^^^^^^^^^^^
  File "/Users/ramsundar/Documents/IITM-Graded-Projects/Capstone/.venv/lib/python3.11/site-packages/pycaret/internal/metrics.py", line 144, in __call__
    return self.score_func(y_true, y_pred, **kwargs)
           ^^^^^^^^^^^^^^^^^^^^^^^^^^^^^^^^^^^^^^^^^
  File "/Users/ramsundar/Documents/IITM-Graded-Projects/Capstone/.venv/lib/python3.11/site-packages/sklearn/utils/_param_validation.py", line 213, in wrapper
    return func(*args, **kwargs)
           ^^^^^^^^^^^^^^^^^^^^^
  File "/Users/ramsundar/Documents/IITM-Graded-Projects/Capstone/.venv/lib/python3.11/site-packages/sklearn/metrics/_ranking.py", line 634, in roc_auc_score
    return _multiclass_roc_auc_score(
           ^^^^^^^^^^^^^^^^^^^^^^^^^^
  File "/Users/ramsundar/Documents/IITM-Graded-Projects/Capstone/.venv/lib/python3.11/site-packages/sklearn/metrics/_ranking.py", line 707, in _multiclass_roc_auc_score
    raise ValueError(
ValueError: Target scores need to be probabilities for multiclass roc_auc, i.e. they should sum up to 1.0 over classes

  warnings.warn(

2026-05-01 15:37:50,138:WARNING:/Users/ramsundar/Documents/IITM-Graded-Projects/Capstone/.venv/lib/python3.11/site-packages/sklearn/metrics/_classification.py:1561: UserWarning: Note that pos_label (set to 'Rejected') is ignored when average != 'binary' (got 'weighted'). You may use labels=[pos_label] to specify a single positive class.
  warnings.warn(

2026-05-01 15:37:50,140:WARNING:/Users/ramsundar/Documents/IITM-Graded-Projects/Capstone/.venv/lib/python3.11/site-packages/sklearn/metrics/_classification.py:1561: UserWarning: Note that pos_label (set to 'Rejected') is ignored when average != 'binary' (got 'weighted'). You may use labels=[pos_label] to specify a single positive class.
  warnings.warn(

2026-05-01 15:37:50,146:WARNING:/Users/ramsundar/Documents/IITM-Graded-Projects/Capstone/.venv/lib/python3.11/site-packages/sklearn/metrics/_classification.py:1561: UserWarning: Note that pos_label (set to 'Rejected') is ignored when average != 'binary' (got 'weighted'). You may use labels=[pos_label] to specify a single positive class.
  warnings.warn(

2026-05-01 15:37:50,146:WARNING:/Users/ramsundar/Documents/IITM-Graded-Projects/Capstone/.venv/lib/python3.11/site-packages/pycaret/internal/metrics.py:204: FitFailedWarning: Metric 'make_scorer(roc_auc_score, response_method=('decision_function', 'predict_proba'), average=weighted, multi_class=ovr)' failed and error score 0.0 has been returned instead. If this is a custom metric, this usually means that the error is in the metric code. Full exception below:
Traceback (most recent call last):
  File "/Users/ramsundar/Documents/IITM-Graded-Projects/Capstone/.venv/lib/python3.11/site-packages/pycaret/internal/metrics.py", line 196, in _score
    return super()._score(
           ^^^^^^^^^^^^^^^
  File "/Users/ramsundar/Documents/IITM-Graded-Projects/Capstone/.venv/lib/python3.11/site-packages/sklearn/metrics/_scorer.py", line 350, in _score
    return self._sign * self._score_func(y_true, y_pred, **scoring_kwargs)
                        ^^^^^^^^^^^^^^^^^^^^^^^^^^^^^^^^^^^^^^^^^^^^^^^^^^
  File "/Users/ramsundar/Documents/IITM-Graded-Projects/Capstone/.venv/lib/python3.11/site-packages/pycaret/internal/metrics.py", line 144, in __call__
    return self.score_func(y_true, y_pred, **kwargs)
           ^^^^^^^^^^^^^^^^^^^^^^^^^^^^^^^^^^^^^^^^^
  File "/Users/ramsundar/Documents/IITM-Graded-Projects/Capstone/.venv/lib/python3.11/site-packages/sklearn/utils/_param_validation.py", line 213, in wrapper
    return func(*args, **kwargs)
           ^^^^^^^^^^^^^^^^^^^^^
  File "/Users/ramsundar/Documents/IITM-Graded-Projects/Capstone/.venv/lib/python3.11/site-packages/sklearn/metrics/_ranking.py", line 634, in roc_auc_score
    return _multiclass_roc_auc_score(
           ^^^^^^^^^^^^^^^^^^^^^^^^^^
  File "/Users/ramsundar/Documents/IITM-Graded-Projects/Capstone/.venv/lib/python3.11/site-packages/sklearn/metrics/_ranking.py", line 707, in _multiclass_roc_auc_score
    raise ValueError(
ValueError: Target scores need to be probabilities for multiclass roc_auc, i.e. they should sum up to 1.0 over classes

  warnings.warn(

2026-05-01 15:37:50,147:WARNING:/Users/ramsundar/Documents/IITM-Graded-Projects/Capstone/.venv/lib/python3.11/site-packages/pycaret/internal/metrics.py:204: FitFailedWarning: Metric 'make_scorer(roc_auc_score, response_method=('decision_function', 'predict_proba'), average=weighted, multi_class=ovr)' failed and error score 0.0 has been returned instead. If this is a custom metric, this usually means that the error is in the metric code. Full exception below:
Traceback (most recent call last):
  File "/Users/ramsundar/Documents/IITM-Graded-Projects/Capstone/.venv/lib/python3.11/site-packages/pycaret/internal/metrics.py", line 196, in _score
    return super()._score(
           ^^^^^^^^^^^^^^^
  File "/Users/ramsundar/Documents/IITM-Graded-Projects/Capstone/.venv/lib/python3.11/site-packages/sklearn/metrics/_scorer.py", line 350, in _score
    return self._sign * self._score_func(y_true, y_pred, **scoring_kwargs)
                        ^^^^^^^^^^^^^^^^^^^^^^^^^^^^^^^^^^^^^^^^^^^^^^^^^^
  File "/Users/ramsundar/Documents/IITM-Graded-Projects/Capstone/.venv/lib/python3.11/site-packages/pycaret/internal/metrics.py", line 144, in __call__
    return self.score_func(y_true, y_pred, **kwargs)
           ^^^^^^^^^^^^^^^^^^^^^^^^^^^^^^^^^^^^^^^^^
  File "/Users/ramsundar/Documents/IITM-Graded-Projects/Capstone/.venv/lib/python3.11/site-packages/sklearn/utils/_param_validation.py", line 213, in wrapper
    return func(*args, **kwargs)
           ^^^^^^^^^^^^^^^^^^^^^
  File "/Users/ramsundar/Documents/IITM-Graded-Projects/Capstone/.venv/lib/python3.11/site-packages/sklearn/metrics/_ranking.py", line 634, in roc_auc_score
    return _multiclass_roc_auc_score(
           ^^^^^^^^^^^^^^^^^^^^^^^^^^
  File "/Users/ramsundar/Documents/IITM-Graded-Projects/Capstone/.venv/lib/python3.11/site-packages/sklearn/metrics/_ranking.py", line 707, in _multiclass_roc_auc_score
    raise ValueError(
ValueError: Target scores need to be probabilities for multiclass roc_auc, i.e. they should sum up to 1.0 over classes

  warnings.warn(

2026-05-01 15:37:50,148:WARNING:/Users/ramsundar/Documents/IITM-Graded-Projects/Capstone/.venv/lib/python3.11/site-packages/pycaret/internal/metrics.py:204: FitFailedWarning: Metric 'make_scorer(roc_auc_score, response_method=('decision_function', 'predict_proba'), average=weighted, multi_class=ovr)' failed and error score 0.0 has been returned instead. If this is a custom metric, this usually means that the error is in the metric code. Full exception below:
Traceback (most recent call last):
  File "/Users/ramsundar/Documents/IITM-Graded-Projects/Capstone/.venv/lib/python3.11/site-packages/pycaret/internal/metrics.py", line 196, in _score
    return super()._score(
           ^^^^^^^^^^^^^^^
  File "/Users/ramsundar/Documents/IITM-Graded-Projects/Capstone/.venv/lib/python3.11/site-packages/sklearn/metrics/_scorer.py", line 350, in _score
    return self._sign * self._score_func(y_true, y_pred, **scoring_kwargs)
                        ^^^^^^^^^^^^^^^^^^^^^^^^^^^^^^^^^^^^^^^^^^^^^^^^^^
  File "/Users/ramsundar/Documents/IITM-Graded-Projects/Capstone/.venv/lib/python3.11/site-packages/pycaret/internal/metrics.py", line 144, in __call__
    return self.score_func(y_true, y_pred, **kwargs)
           ^^^^^^^^^^^^^^^^^^^^^^^^^^^^^^^^^^^^^^^^^
  File "/Users/ramsundar/Documents/IITM-Graded-Projects/Capstone/.venv/lib/python3.11/site-packages/sklearn/utils/_param_validation.py", line 213, in wrapper
    return func(*args, **kwargs)
           ^^^^^^^^^^^^^^^^^^^^^
  File "/Users/ramsundar/Documents/IITM-Graded-Projects/Capstone/.venv/lib/python3.11/site-packages/sklearn/metrics/_ranking.py", line 634, in roc_auc_score
    return _multiclass_roc_auc_score(
           ^^^^^^^^^^^^^^^^^^^^^^^^^^
  File "/Users/ramsundar/Documents/IITM-Graded-Projects/Capstone/.venv/lib/python3.11/site-packages/sklearn/metrics/_ranking.py", line 707, in _multiclass_roc_auc_score
    raise ValueError(
ValueError: Target scores need to be probabilities for multiclass roc_auc, i.e. they should sum up to 1.0 over classes

  warnings.warn(

2026-05-01 15:37:50,149:WARNING:/Users/ramsundar/Documents/IITM-Graded-Projects/Capstone/.venv/lib/python3.11/site-packages/sklearn/metrics/_classification.py:1561: UserWarning: Note that pos_label (set to 'Rejected') is ignored when average != 'binary' (got 'weighted'). You may use labels=[pos_label] to specify a single positive class.
  warnings.warn(

2026-05-01 15:37:50,150:WARNING:/Users/ramsundar/Documents/IITM-Graded-Projects/Capstone/.venv/lib/python3.11/site-packages/sklearn/metrics/_classification.py:1561: UserWarning: Note that pos_label (set to 'Rejected') is ignored when average != 'binary' (got 'weighted'). You may use labels=[pos_label] to specify a single positive class.
  warnings.warn(

2026-05-01 15:37:50,152:WARNING:/Users/ramsundar/Documents/IITM-Graded-Projects/Capstone/.venv/lib/python3.11/site-packages/sklearn/metrics/_classification.py:1561: UserWarning: Note that pos_label (set to 'Rejected') is ignored when average != 'binary' (got 'weighted'). You may use labels=[pos_label] to specify a single positive class.
  warnings.warn(

2026-05-01 15:37:50,153:WARNING:/Users/ramsundar/Documents/IITM-Graded-Projects/Capstone/.venv/lib/python3.11/site-packages/sklearn/metrics/_classification.py:1561: UserWarning: Note that pos_label (set to 'Rejected') is ignored when average != 'binary' (got 'weighted'). You may use labels=[pos_label] to specify a single positive class.
  warnings.warn(

2026-05-01 15:37:50,158:WARNING:/Users/ramsundar/Documents/IITM-Graded-Projects/Capstone/.venv/lib/python3.11/site-packages/sklearn/metrics/_classification.py:1561: UserWarning: Note that pos_label (set to 'Rejected') is ignored when average != 'binary' (got 'weighted'). You may use labels=[pos_label] to specify a single positive class.
  warnings.warn(

2026-05-01 15:37:50,158:WARNING:/Users/ramsundar/Documents/IITM-Graded-Projects/Capstone/.venv/lib/python3.11/site-packages/sklearn/metrics/_classification.py:1561: UserWarning: Note that pos_label (set to 'Rejected') is ignored when average != 'binary' (got 'weighted'). You may use labels=[pos_label] to specify a single positive class.
  warnings.warn(

2026-05-01 15:37:50,161:WARNING:/Users/ramsundar/Documents/IITM-Graded-Projects/Capstone/.venv/lib/python3.11/site-packages/sklearn/metrics/_classification.py:1561: UserWarning: Note that pos_label (set to 'Rejected') is ignored when average != 'binary' (got 'weighted'). You may use labels=[pos_label] to specify a single positive class.
  warnings.warn(

2026-05-01 15:37:50,161:WARNING:/Users/ramsundar/Documents/IITM-Graded-Projects/Capstone/.venv/lib/python3.11/site-packages/sklearn/metrics/_classification.py:1561: UserWarning: Note that pos_label (set to 'Rejected') is ignored when average != 'binary' (got 'weighted'). You may use labels=[pos_label] to specify a single positive class.
  warnings.warn(

2026-05-01 15:37:50,166:WARNING:/Users/ramsundar/Documents/IITM-Graded-Projects/Capstone/.venv/lib/python3.11/site-packages/sklearn/metrics/_classification.py:1561: UserWarning: Note that pos_label (set to 'Rejected') is ignored when average != 'binary' (got 'weighted'). You may use labels=[pos_label] to specify a single positive class.
  warnings.warn(

2026-05-01 15:37:50,168:WARNING:/Users/ramsundar/Documents/IITM-Graded-Projects/Capstone/.venv/lib/python3.11/site-packages/sklearn/metrics/_classification.py:1561: UserWarning: Note that pos_label (set to 'Rejected') is ignored when average != 'binary' (got 'weighted'). You may use labels=[pos_label] to specify a single positive class.
  warnings.warn(

2026-05-01 15:37:50,175:WARNING:/Users/ramsundar/Documents/IITM-Graded-Projects/Capstone/.venv/lib/python3.11/site-packages/sklearn/metrics/_classification.py:1561: UserWarning: Note that pos_label (set to 'Rejected') is ignored when average != 'binary' (got 'weighted'). You may use labels=[pos_label] to specify a single positive class.
  warnings.warn(

2026-05-01 15:37:50,466:WARNING:/Users/ramsundar/Documents/IITM-Graded-Projects/Capstone/.venv/lib/python3.11/site-packages/pycaret/internal/metrics.py:204: FitFailedWarning: Metric 'make_scorer(roc_auc_score, response_method=('decision_function', 'predict_proba'), average=weighted, multi_class=ovr)' failed and error score 0.0 has been returned instead. If this is a custom metric, this usually means that the error is in the metric code. Full exception below:
Traceback (most recent call last):
  File "/Users/ramsundar/Documents/IITM-Graded-Projects/Capstone/.venv/lib/python3.11/site-packages/pycaret/internal/metrics.py", line 196, in _score
    return super()._score(
           ^^^^^^^^^^^^^^^
  File "/Users/ramsundar/Documents/IITM-Graded-Projects/Capstone/.venv/lib/python3.11/site-packages/sklearn/metrics/_scorer.py", line 350, in _score
    return self._sign * self._score_func(y_true, y_pred, **scoring_kwargs)
                        ^^^^^^^^^^^^^^^^^^^^^^^^^^^^^^^^^^^^^^^^^^^^^^^^^^
  File "/Users/ramsundar/Documents/IITM-Graded-Projects/Capstone/.venv/lib/python3.11/site-packages/pycaret/internal/metrics.py", line 144, in __call__
    return self.score_func(y_true, y_pred, **kwargs)
           ^^^^^^^^^^^^^^^^^^^^^^^^^^^^^^^^^^^^^^^^^
  File "/Users/ramsundar/Documents/IITM-Graded-Projects/Capstone/.venv/lib/python3.11/site-packages/sklearn/utils/_param_validation.py", line 213, in wrapper
    return func(*args, **kwargs)
           ^^^^^^^^^^^^^^^^^^^^^
  File "/Users/ramsundar/Documents/IITM-Graded-Projects/Capstone/.venv/lib/python3.11/site-packages/sklearn/metrics/_ranking.py", line 634, in roc_auc_score
    return _multiclass_roc_auc_score(
           ^^^^^^^^^^^^^^^^^^^^^^^^^^
  File "/Users/ramsundar/Documents/IITM-Graded-Projects/Capstone/.venv/lib/python3.11/site-packages/sklearn/metrics/_ranking.py", line 707, in _multiclass_roc_auc_score
    raise ValueError(
ValueError: Target scores need to be probabilities for multiclass roc_auc, i.e. they should sum up to 1.0 over classes

  warnings.warn(

2026-05-01 15:37:50,468:WARNING:/Users/ramsundar/Documents/IITM-Graded-Projects/Capstone/.venv/lib/python3.11/site-packages/sklearn/metrics/_classification.py:1561: UserWarning: Note that pos_label (set to 'Rejected') is ignored when average != 'binary' (got 'weighted'). You may use labels=[pos_label] to specify a single positive class.
  warnings.warn(

2026-05-01 15:37:50,473:WARNING:/Users/ramsundar/Documents/IITM-Graded-Projects/Capstone/.venv/lib/python3.11/site-packages/sklearn/metrics/_classification.py:1561: UserWarning: Note that pos_label (set to 'Rejected') is ignored when average != 'binary' (got 'weighted'). You may use labels=[pos_label] to specify a single positive class.
  warnings.warn(

2026-05-01 15:37:50,477:WARNING:/Users/ramsundar/Documents/IITM-Graded-Projects/Capstone/.venv/lib/python3.11/site-packages/sklearn/metrics/_classification.py:1561: UserWarning: Note that pos_label (set to 'Rejected') is ignored when average != 'binary' (got 'weighted'). You may use labels=[pos_label] to specify a single positive class.
  warnings.warn(

2026-05-01 15:38:00,235:WARNING:/Users/ramsundar/Documents/IITM-Graded-Projects/Capstone/.venv/lib/python3.11/site-packages/sklearn/metrics/_classification.py:1561: UserWarning: Note that pos_label (set to 'Rejected') is ignored when average != 'binary' (got 'weighted'). You may use labels=[pos_label] to specify a single positive class.
  warnings.warn(

2026-05-01 15:38:00,246:WARNING:/Users/ramsundar/Documents/IITM-Graded-Projects/Capstone/.venv/lib/python3.11/site-packages/sklearn/metrics/_classification.py:1561: UserWarning: Note that pos_label (set to 'Rejected') is ignored when average != 'binary' (got 'weighted'). You may use labels=[pos_label] to specify a single positive class.
  warnings.warn(

2026-05-01 15:38:00,247:WARNING:/Users/ramsundar/Documents/IITM-Graded-Projects/Capstone/.venv/lib/python3.11/site-packages/sklearn/metrics/_classification.py:1561: UserWarning: Note that pos_label (set to 'Rejected') is ignored when average != 'binary' (got 'weighted'). You may use labels=[pos_label] to specify a single positive class.
  warnings.warn(

2026-05-01 15:38:00,251:WARNING:/Users/ramsundar/Documents/IITM-Graded-Projects/Capstone/.venv/lib/python3.11/site-packages/sklearn/metrics/_classification.py:1561: UserWarning: Note that pos_label (set to 'Rejected') is ignored when average != 'binary' (got 'weighted'). You may use labels=[pos_label] to specify a single positive class.
  warnings.warn(

2026-05-01 15:38:00,252:WARNING:/Users/ramsundar/Documents/IITM-Graded-Projects/Capstone/.venv/lib/python3.11/site-packages/sklearn/metrics/_classification.py:1561: UserWarning: Note that pos_label (set to 'Rejected') is ignored when average != 'binary' (got 'weighted'). You may use labels=[pos_label] to specify a single positive class.
  warnings.warn(

2026-05-01 15:38:00,271:WARNING:/Users/ramsundar/Documents/IITM-Graded-Projects/Capstone/.venv/lib/python3.11/site-packages/sklearn/metrics/_classification.py:1561: UserWarning: Note that pos_label (set to 'Rejected') is ignored when average != 'binary' (got 'weighted'). You may use labels=[pos_label] to specify a single positive class.
  warnings.warn(

2026-05-01 15:38:00,285:WARNING:/Users/ramsundar/Documents/IITM-Graded-Projects/Capstone/.venv/lib/python3.11/site-packages/sklearn/metrics/_classification.py:1561: UserWarning: Note that pos_label (set to 'Rejected') is ignored when average != 'binary' (got 'weighted'). You may use labels=[pos_label] to specify a single positive class.
  warnings.warn(

2026-05-01 15:38:00,292:WARNING:/Users/ramsundar/Documents/IITM-Graded-Projects/Capstone/.venv/lib/python3.11/site-packages/sklearn/metrics/_classification.py:1561: UserWarning: Note that pos_label (set to 'Rejected') is ignored when average != 'binary' (got 'weighted'). You may use labels=[pos_label] to specify a single positive class.
  warnings.warn(

2026-05-01 15:38:00,323:WARNING:/Users/ramsundar/Documents/IITM-Graded-Projects/Capstone/.venv/lib/python3.11/site-packages/sklearn/metrics/_classification.py:1561: UserWarning: Note that pos_label (set to 'Rejected') is ignored when average != 'binary' (got 'weighted'). You may use labels=[pos_label] to specify a single positive class.
  warnings.warn(

2026-05-01 15:38:00,325:WARNING:/Users/ramsundar/Documents/IITM-Graded-Projects/Capstone/.venv/lib/python3.11/site-packages/sklearn/metrics/_classification.py:1561: UserWarning: Note that pos_label (set to 'Rejected') is ignored when average != 'binary' (got 'weighted'). You may use labels=[pos_label] to specify a single positive class.
  warnings.warn(

2026-05-01 15:38:00,327:WARNING:/Users/ramsundar/Documents/IITM-Graded-Projects/Capstone/.venv/lib/python3.11/site-packages/sklearn/metrics/_classification.py:1561: UserWarning: Note that pos_label (set to 'Rejected') is ignored when average != 'binary' (got 'weighted'). You may use labels=[pos_label] to specify a single positive class.
  warnings.warn(

2026-05-01 15:38:00,328:WARNING:/Users/ramsundar/Documents/IITM-Graded-Projects/Capstone/.venv/lib/python3.11/site-packages/sklearn/metrics/_classification.py:1561: UserWarning: Note that pos_label (set to 'Rejected') is ignored when average != 'binary' (got 'weighted'). You may use labels=[pos_label] to specify a single positive class.
  warnings.warn(

2026-05-01 15:38:00,329:WARNING:/Users/ramsundar/Documents/IITM-Graded-Projects/Capstone/.venv/lib/python3.11/site-packages/sklearn/metrics/_classification.py:1561: UserWarning: Note that pos_label (set to 'Rejected') is ignored when average != 'binary' (got 'weighted'). You may use labels=[pos_label] to specify a single positive class.
  warnings.warn(

2026-05-01 15:38:00,331:WARNING:/Users/ramsundar/Documents/IITM-Graded-Projects/Capstone/.venv/lib/python3.11/site-packages/sklearn/metrics/_classification.py:1561: UserWarning: Note that pos_label (set to 'Rejected') is ignored when average != 'binary' (got 'weighted'). You may use labels=[pos_label] to specify a single positive class.
  warnings.warn(

2026-05-01 15:38:00,340:WARNING:/Users/ramsundar/Documents/IITM-Graded-Projects/Capstone/.venv/lib/python3.11/site-packages/sklearn/metrics/_classification.py:1561: UserWarning: Note that pos_label (set to 'Rejected') is ignored when average != 'binary' (got 'weighted'). You may use labels=[pos_label] to specify a single positive class.
  warnings.warn(

2026-05-01 15:38:00,341:WARNING:/Users/ramsundar/Documents/IITM-Graded-Projects/Capstone/.venv/lib/python3.11/site-packages/sklearn/metrics/_classification.py:1561: UserWarning: Note that pos_label (set to 'Rejected') is ignored when average != 'binary' (got 'weighted'). You may use labels=[pos_label] to specify a single positive class.
  warnings.warn(

2026-05-01 15:38:00,347:WARNING:/Users/ramsundar/Documents/IITM-Graded-Projects/Capstone/.venv/lib/python3.11/site-packages/sklearn/metrics/_classification.py:1561: UserWarning: Note that pos_label (set to 'Rejected') is ignored when average != 'binary' (got 'weighted'). You may use labels=[pos_label] to specify a single positive class.
  warnings.warn(

2026-05-01 15:38:00,347:WARNING:/Users/ramsundar/Documents/IITM-Graded-Projects/Capstone/.venv/lib/python3.11/site-packages/sklearn/metrics/_classification.py:1561: UserWarning: Note that pos_label (set to 'Rejected') is ignored when average != 'binary' (got 'weighted'). You may use labels=[pos_label] to specify a single positive class.
  warnings.warn(

2026-05-01 15:38:00,348:WARNING:/Users/ramsundar/Documents/IITM-Graded-Projects/Capstone/.venv/lib/python3.11/site-packages/sklearn/metrics/_classification.py:1561: UserWarning: Note that pos_label (set to 'Rejected') is ignored when average != 'binary' (got 'weighted'). You may use labels=[pos_label] to specify a single positive class.
  warnings.warn(

2026-05-01 15:38:00,350:WARNING:/Users/ramsundar/Documents/IITM-Graded-Projects/Capstone/.venv/lib/python3.11/site-packages/sklearn/metrics/_classification.py:1561: UserWarning: Note that pos_label (set to 'Rejected') is ignored when average != 'binary' (got 'weighted'). You may use labels=[pos_label] to specify a single positive class.
  warnings.warn(

2026-05-01 15:38:00,353:WARNING:/Users/ramsundar/Documents/IITM-Graded-Projects/Capstone/.venv/lib/python3.11/site-packages/sklearn/metrics/_classification.py:1561: UserWarning: Note that pos_label (set to 'Rejected') is ignored when average != 'binary' (got 'weighted'). You may use labels=[pos_label] to specify a single positive class.
  warnings.warn(

2026-05-01 15:38:00,354:WARNING:/Users/ramsundar/Documents/IITM-Graded-Projects/Capstone/.venv/lib/python3.11/site-packages/sklearn/metrics/_classification.py:1561: UserWarning: Note that pos_label (set to 'Rejected') is ignored when average != 'binary' (got 'weighted'). You may use labels=[pos_label] to specify a single positive class.
  warnings.warn(

2026-05-01 15:38:00,369:WARNING:/Users/ramsundar/Documents/IITM-Graded-Projects/Capstone/.venv/lib/python3.11/site-packages/sklearn/metrics/_classification.py:1561: UserWarning: Note that pos_label (set to 'Rejected') is ignored when average != 'binary' (got 'weighted'). You may use labels=[pos_label] to specify a single positive class.
  warnings.warn(

2026-05-01 15:38:00,371:WARNING:/Users/ramsundar/Documents/IITM-Graded-Projects/Capstone/.venv/lib/python3.11/site-packages/sklearn/metrics/_classification.py:1561: UserWarning: Note that pos_label (set to 'Rejected') is ignored when average != 'binary' (got 'weighted'). You may use labels=[pos_label] to specify a single positive class.
  warnings.warn(

2026-05-01 15:38:00,427:WARNING:/Users/ramsundar/Documents/IITM-Graded-Projects/Capstone/.venv/lib/python3.11/site-packages/sklearn/metrics/_classification.py:1561: UserWarning: Note that pos_label (set to 'Rejected') is ignored when average != 'binary' (got 'weighted'). You may use labels=[pos_label] to specify a single positive class.
  warnings.warn(

2026-05-01 15:38:00,431:WARNING:/Users/ramsundar/Documents/IITM-Graded-Projects/Capstone/.venv/lib/python3.11/site-packages/sklearn/metrics/_classification.py:1561: UserWarning: Note that pos_label (set to 'Rejected') is ignored when average != 'binary' (got 'weighted'). You may use labels=[pos_label] to specify a single positive class.
  warnings.warn(

2026-05-01 15:38:00,432:WARNING:/Users/ramsundar/Documents/IITM-Graded-Projects/Capstone/.venv/lib/python3.11/site-packages/sklearn/metrics/_classification.py:1561: UserWarning: Note that pos_label (set to 'Rejected') is ignored when average != 'binary' (got 'weighted'). You may use labels=[pos_label] to specify a single positive class.
  warnings.warn(

2026-05-01 15:38:00,435:WARNING:/Users/ramsundar/Documents/IITM-Graded-Projects/Capstone/.venv/lib/python3.11/site-packages/sklearn/metrics/_classification.py:1561: UserWarning: Note that pos_label (set to 'Rejected') is ignored when average != 'binary' (got 'weighted'). You may use labels=[pos_label] to specify a single positive class.
  warnings.warn(

2026-05-01 15:38:00,436:WARNING:/Users/ramsundar/Documents/IITM-Graded-Projects/Capstone/.venv/lib/python3.11/site-packages/sklearn/metrics/_classification.py:1561: UserWarning: Note that pos_label (set to 'Rejected') is ignored when average != 'binary' (got 'weighted'). You may use labels=[pos_label] to specify a single positive class.
  warnings.warn(

2026-05-01 15:38:00,440:WARNING:/Users/ramsundar/Documents/IITM-Graded-Projects/Capstone/.venv/lib/python3.11/site-packages/sklearn/metrics/_classification.py:1561: UserWarning: Note that pos_label (set to 'Rejected') is ignored when average != 'binary' (got 'weighted'). You may use labels=[pos_label] to specify a single positive class.
  warnings.warn(

2026-05-01 15:38:09,727:WARNING:/Users/ramsundar/Documents/IITM-Graded-Projects/Capstone/.venv/lib/python3.11/site-packages/sklearn/metrics/_classification.py:1561: UserWarning: Note that pos_label (set to 'Rejected') is ignored when average != 'binary' (got 'weighted'). You may use labels=[pos_label] to specify a single positive class.
  warnings.warn(

2026-05-01 15:38:09,749:WARNING:/Users/ramsundar/Documents/IITM-Graded-Projects/Capstone/.venv/lib/python3.11/site-packages/sklearn/metrics/_classification.py:1561: UserWarning: Note that pos_label (set to 'Rejected') is ignored when average != 'binary' (got 'weighted'). You may use labels=[pos_label] to specify a single positive class.
  warnings.warn(

2026-05-01 15:38:09,760:WARNING:/Users/ramsundar/Documents/IITM-Graded-Projects/Capstone/.venv/lib/python3.11/site-packages/sklearn/metrics/_classification.py:1561: UserWarning: Note that pos_label (set to 'Rejected') is ignored when average != 'binary' (got 'weighted'). You may use labels=[pos_label] to specify a single positive class.
  warnings.warn(

2026-05-01 15:38:09,766:WARNING:/Users/ramsundar/Documents/IITM-Graded-Projects/Capstone/.venv/lib/python3.11/site-packages/sklearn/metrics/_classification.py:1561: UserWarning: Note that pos_label (set to 'Rejected') is ignored when average != 'binary' (got 'weighted'). You may use labels=[pos_label] to specify a single positive class.
  warnings.warn(

2026-05-01 15:38:09,775:WARNING:/Users/ramsundar/Documents/IITM-Graded-Projects/Capstone/.venv/lib/python3.11/site-packages/sklearn/metrics/_classification.py:1561: UserWarning: Note that pos_label (set to 'Rejected') is ignored when average != 'binary' (got 'weighted'). You may use labels=[pos_label] to specify a single positive class.
  warnings.warn(

2026-05-01 15:38:09,780:WARNING:/Users/ramsundar/Documents/IITM-Graded-Projects/Capstone/.venv/lib/python3.11/site-packages/sklearn/metrics/_classification.py:1561: UserWarning: Note that pos_label (set to 'Rejected') is ignored when average != 'binary' (got 'weighted'). You may use labels=[pos_label] to specify a single positive class.
  warnings.warn(

2026-05-01 15:38:09,782:WARNING:/Users/ramsundar/Documents/IITM-Graded-Projects/Capstone/.venv/lib/python3.11/site-packages/sklearn/metrics/_classification.py:1561: UserWarning: Note that pos_label (set to 'Rejected') is ignored when average != 'binary' (got 'weighted'). You may use labels=[pos_label] to specify a single positive class.
  warnings.warn(

2026-05-01 15:38:09,787:WARNING:/Users/ramsundar/Documents/IITM-Graded-Projects/Capstone/.venv/lib/python3.11/site-packages/sklearn/metrics/_classification.py:1561: UserWarning: Note that pos_label (set to 'Rejected') is ignored when average != 'binary' (got 'weighted'). You may use labels=[pos_label] to specify a single positive class.
  warnings.warn(

2026-05-01 15:38:09,794:WARNING:/Users/ramsundar/Documents/IITM-Graded-Projects/Capstone/.venv/lib/python3.11/site-packages/sklearn/metrics/_classification.py:1561: UserWarning: Note that pos_label (set to 'Rejected') is ignored when average != 'binary' (got 'weighted'). You may use labels=[pos_label] to specify a single positive class.
  warnings.warn(

2026-05-01 15:38:09,794:WARNING:/Users/ramsundar/Documents/IITM-Graded-Projects/Capstone/.venv/lib/python3.11/site-packages/sklearn/metrics/_classification.py:1561: UserWarning: Note that pos_label (set to 'Rejected') is ignored when average != 'binary' (got 'weighted'). You may use labels=[pos_label] to specify a single positive class.
  warnings.warn(

2026-05-01 15:38:09,799:WARNING:/Users/ramsundar/Documents/IITM-Graded-Projects/Capstone/.venv/lib/python3.11/site-packages/sklearn/metrics/_classification.py:1561: UserWarning: Note that pos_label (set to 'Rejected') is ignored when average != 'binary' (got 'weighted'). You may use labels=[pos_label] to specify a single positive class.
  warnings.warn(

2026-05-01 15:38:09,805:WARNING:/Users/ramsundar/Documents/IITM-Graded-Projects/Capstone/.venv/lib/python3.11/site-packages/sklearn/metrics/_classification.py:1561: UserWarning: Note that pos_label (set to 'Rejected') is ignored when average != 'binary' (got 'weighted'). You may use labels=[pos_label] to specify a single positive class.
  warnings.warn(

2026-05-01 15:38:09,816:WARNING:/Users/ramsundar/Documents/IITM-Graded-Projects/Capstone/.venv/lib/python3.11/site-packages/sklearn/metrics/_classification.py:1561: UserWarning: Note that pos_label (set to 'Rejected') is ignored when average != 'binary' (got 'weighted'). You may use labels=[pos_label] to specify a single positive class.
  warnings.warn(

2026-05-01 15:38:09,821:WARNING:/Users/ramsundar/Documents/IITM-Graded-Projects/Capstone/.venv/lib/python3.11/site-packages/sklearn/metrics/_classification.py:1561: UserWarning: Note that pos_label (set to 'Rejected') is ignored when average != 'binary' (got 'weighted'). You may use labels=[pos_label] to specify a single positive class.
  warnings.warn(

2026-05-01 15:38:09,826:WARNING:/Users/ramsundar/Documents/IITM-Graded-Projects/Capstone/.venv/lib/python3.11/site-packages/sklearn/metrics/_classification.py:1561: UserWarning: Note that pos_label (set to 'Rejected') is ignored when average != 'binary' (got 'weighted'). You may use labels=[pos_label] to specify a single positive class.
  warnings.warn(

2026-05-01 15:38:09,839:WARNING:/Users/ramsundar/Documents/IITM-Graded-Projects/Capstone/.venv/lib/python3.11/site-packages/sklearn/metrics/_classification.py:1561: UserWarning: Note that pos_label (set to 'Rejected') is ignored when average != 'binary' (got 'weighted'). You may use labels=[pos_label] to specify a single positive class.
  warnings.warn(

2026-05-01 15:38:09,844:WARNING:/Users/ramsundar/Documents/IITM-Graded-Projects/Capstone/.venv/lib/python3.11/site-packages/sklearn/metrics/_classification.py:1561: UserWarning: Note that pos_label (set to 'Rejected') is ignored when average != 'binary' (got 'weighted'). You may use labels=[pos_label] to specify a single positive class.
  warnings.warn(

2026-05-01 15:38:09,849:WARNING:/Users/ramsundar/Documents/IITM-Graded-Projects/Capstone/.venv/lib/python3.11/site-packages/sklearn/metrics/_classification.py:1561: UserWarning: Note that pos_label (set to 'Rejected') is ignored when average != 'binary' (got 'weighted'). You may use labels=[pos_label] to specify a single positive class.
  warnings.warn(

2026-05-01 15:38:09,849:WARNING:/Users/ramsundar/Documents/IITM-Graded-Projects/Capstone/.venv/lib/python3.11/site-packages/sklearn/metrics/_classification.py:1561: UserWarning: Note that pos_label (set to 'Rejected') is ignored when average != 'binary' (got 'weighted'). You may use labels=[pos_label] to specify a single positive class.
  warnings.warn(

2026-05-01 15:38:09,854:WARNING:/Users/ramsundar/Documents/IITM-Graded-Projects/Capstone/.venv/lib/python3.11/site-packages/sklearn/metrics/_classification.py:1561: UserWarning: Note that pos_label (set to 'Rejected') is ignored when average != 'binary' (got 'weighted'). You may use labels=[pos_label] to specify a single positive class.
  warnings.warn(

2026-05-01 15:38:09,859:WARNING:/Users/ramsundar/Documents/IITM-Graded-Projects/Capstone/.venv/lib/python3.11/site-packages/sklearn/metrics/_classification.py:1561: UserWarning: Note that pos_label (set to 'Rejected') is ignored when average != 'binary' (got 'weighted'). You may use labels=[pos_label] to specify a single positive class.
  warnings.warn(

2026-05-01 15:38:10,439:WARNING:/Users/ramsundar/Documents/IITM-Graded-Projects/Capstone/.venv/lib/python3.11/site-packages/sklearn/metrics/_classification.py:1561: UserWarning: Note that pos_label (set to 'Rejected') is ignored when average != 'binary' (got 'weighted'). You may use labels=[pos_label] to specify a single positive class.
  warnings.warn(

2026-05-01 15:38:10,445:WARNING:/Users/ramsundar/Documents/IITM-Graded-Projects/Capstone/.venv/lib/python3.11/site-packages/sklearn/metrics/_classification.py:1561: UserWarning: Note that pos_label (set to 'Rejected') is ignored when average != 'binary' (got 'weighted'). You may use labels=[pos_label] to specify a single positive class.
  warnings.warn(

2026-05-01 15:38:10,450:WARNING:/Users/ramsundar/Documents/IITM-Graded-Projects/Capstone/.venv/lib/python3.11/site-packages/sklearn/metrics/_classification.py:1561: UserWarning: Note that pos_label (set to 'Rejected') is ignored when average != 'binary' (got 'weighted'). You may use labels=[pos_label] to specify a single positive class.
  warnings.warn(

2026-05-01 15:38:10,463:WARNING:/Users/ramsundar/Documents/IITM-Graded-Projects/Capstone/.venv/lib/python3.11/site-packages/sklearn/metrics/_classification.py:1561: UserWarning: Note that pos_label (set to 'Rejected') is ignored when average != 'binary' (got 'weighted'). You may use labels=[pos_label] to specify a single positive class.
  warnings.warn(

2026-05-01 15:38:10,469:WARNING:/Users/ramsundar/Documents/IITM-Graded-Projects/Capstone/.venv/lib/python3.11/site-packages/sklearn/metrics/_classification.py:1561: UserWarning: Note that pos_label (set to 'Rejected') is ignored when average != 'binary' (got 'weighted'). You may use labels=[pos_label] to specify a single positive class.
  warnings.warn(

2026-05-01 15:38:10,474:WARNING:/Users/ramsundar/Documents/IITM-Graded-Projects/Capstone/.venv/lib/python3.11/site-packages/sklearn/metrics/_classification.py:1561: UserWarning: Note that pos_label (set to 'Rejected') is ignored when average != 'binary' (got 'weighted'). You may use labels=[pos_label] to specify a single positive class.
  warnings.warn(

2026-05-01 15:38:10,511:WARNING:/Users/ramsundar/Documents/IITM-Graded-Projects/Capstone/.venv/lib/python3.11/site-packages/sklearn/metrics/_classification.py:1561: UserWarning: Note that pos_label (set to 'Rejected') is ignored when average != 'binary' (got 'weighted'). You may use labels=[pos_label] to specify a single positive class.
  warnings.warn(

2026-05-01 15:38:10,515:WARNING:/Users/ramsundar/Documents/IITM-Graded-Projects/Capstone/.venv/lib/python3.11/site-packages/sklearn/metrics/_classification.py:1561: UserWarning: Note that pos_label (set to 'Rejected') is ignored when average != 'binary' (got 'weighted'). You may use labels=[pos_label] to specify a single positive class.
  warnings.warn(

2026-05-01 15:38:10,520:WARNING:/Users/ramsundar/Documents/IITM-Graded-Projects/Capstone/.venv/lib/python3.11/site-packages/sklearn/metrics/_classification.py:1561: UserWarning: Note that pos_label (set to 'Rejected') is ignored when average != 'binary' (got 'weighted'). You may use labels=[pos_label] to specify a single positive class.
  warnings.warn(

2026-05-01 15:38:20,273:WARNING:/Users/ramsundar/Documents/IITM-Graded-Projects/Capstone/.venv/lib/python3.11/site-packages/sklearn/metrics/_classification.py:1561: UserWarning: Note that pos_label (set to 'Rejected') is ignored when average != 'binary' (got 'weighted'). You may use labels=[pos_label] to specify a single positive class.
  warnings.warn(

2026-05-01 15:38:20,280:WARNING:/Users/ramsundar/Documents/IITM-Graded-Projects/Capstone/.venv/lib/python3.11/site-packages/sklearn/metrics/_classification.py:1561: UserWarning: Note that pos_label (set to 'Rejected') is ignored when average != 'binary' (got 'weighted'). You may use labels=[pos_label] to specify a single positive class.
  warnings.warn(

2026-05-01 15:38:20,285:WARNING:/Users/ramsundar/Documents/IITM-Graded-Projects/Capstone/.venv/lib/python3.11/site-packages/sklearn/metrics/_classification.py:1561: UserWarning: Note that pos_label (set to 'Rejected') is ignored when average != 'binary' (got 'weighted'). You may use labels=[pos_label] to specify a single positive class.
  warnings.warn(

2026-05-01 15:38:20,304:WARNING:/Users/ramsundar/Documents/IITM-Graded-Projects/Capstone/.venv/lib/python3.11/site-packages/sklearn/metrics/_classification.py:1561: UserWarning: Note that pos_label (set to 'Rejected') is ignored when average != 'binary' (got 'weighted'). You may use labels=[pos_label] to specify a single positive class.
  warnings.warn(

2026-05-01 15:38:20,310:WARNING:/Users/ramsundar/Documents/IITM-Graded-Projects/Capstone/.venv/lib/python3.11/site-packages/sklearn/metrics/_classification.py:1561: UserWarning: Note that pos_label (set to 'Rejected') is ignored when average != 'binary' (got 'weighted'). You may use labels=[pos_label] to specify a single positive class.
  warnings.warn(

2026-05-01 15:38:20,315:WARNING:/Users/ramsundar/Documents/IITM-Graded-Projects/Capstone/.venv/lib/python3.11/site-packages/sklearn/metrics/_classification.py:1561: UserWarning: Note that pos_label (set to 'Rejected') is ignored when average != 'binary' (got 'weighted'). You may use labels=[pos_label] to specify a single positive class.
  warnings.warn(

2026-05-01 15:38:20,317:WARNING:/Users/ramsundar/Documents/IITM-Graded-Projects/Capstone/.venv/lib/python3.11/site-packages/sklearn/metrics/_classification.py:1561: UserWarning: Note that pos_label (set to 'Rejected') is ignored when average != 'binary' (got 'weighted'). You may use labels=[pos_label] to specify a single positive class.
  warnings.warn(

2026-05-01 15:38:20,324:WARNING:/Users/ramsundar/Documents/IITM-Graded-Projects/Capstone/.venv/lib/python3.11/site-packages/sklearn/metrics/_classification.py:1561: UserWarning: Note that pos_label (set to 'Rejected') is ignored when average != 'binary' (got 'weighted'). You may use labels=[pos_label] to specify a single positive class.
  warnings.warn(

2026-05-01 15:38:20,329:WARNING:/Users/ramsundar/Documents/IITM-Graded-Projects/Capstone/.venv/lib/python3.11/site-packages/sklearn/metrics/_classification.py:1561: UserWarning: Note that pos_label (set to 'Rejected') is ignored when average != 'binary' (got 'weighted'). You may use labels=[pos_label] to specify a single positive class.
  warnings.warn(

2026-05-01 15:38:20,331:WARNING:/Users/ramsundar/Documents/IITM-Graded-Projects/Capstone/.venv/lib/python3.11/site-packages/sklearn/metrics/_classification.py:1561: UserWarning: Note that pos_label (set to 'Rejected') is ignored when average != 'binary' (got 'weighted'). You may use labels=[pos_label] to specify a single positive class.
  warnings.warn(

2026-05-01 15:38:20,331:WARNING:/Users/ramsundar/Documents/IITM-Graded-Projects/Capstone/.venv/lib/python3.11/site-packages/sklearn/metrics/_classification.py:1561: UserWarning: Note that pos_label (set to 'Rejected') is ignored when average != 'binary' (got 'weighted'). You may use labels=[pos_label] to specify a single positive class.
  warnings.warn(

2026-05-01 15:38:20,333:WARNING:/Users/ramsundar/Documents/IITM-Graded-Projects/Capstone/.venv/lib/python3.11/site-packages/sklearn/metrics/_classification.py:1561: UserWarning: Note that pos_label (set to 'Rejected') is ignored when average != 'binary' (got 'weighted'). You may use labels=[pos_label] to specify a single positive class.
  warnings.warn(

2026-05-01 15:38:20,334:WARNING:/Users/ramsundar/Documents/IITM-Graded-Projects/Capstone/.venv/lib/python3.11/site-packages/sklearn/metrics/_classification.py:1561: UserWarning: Note that pos_label (set to 'Rejected') is ignored when average != 'binary' (got 'weighted'). You may use labels=[pos_label] to specify a single positive class.
  warnings.warn(

2026-05-01 15:38:20,335:WARNING:/Users/ramsundar/Documents/IITM-Graded-Projects/Capstone/.venv/lib/python3.11/site-packages/sklearn/metrics/_classification.py:1561: UserWarning: Note that pos_label (set to 'Rejected') is ignored when average != 'binary' (got 'weighted'). You may use labels=[pos_label] to specify a single positive class.
  warnings.warn(

2026-05-01 15:38:20,336:WARNING:/Users/ramsundar/Documents/IITM-Graded-Projects/Capstone/.venv/lib/python3.11/site-packages/sklearn/metrics/_classification.py:1561: UserWarning: Note that pos_label (set to 'Rejected') is ignored when average != 'binary' (got 'weighted'). You may use labels=[pos_label] to specify a single positive class.
  warnings.warn(

2026-05-01 15:38:20,338:WARNING:/Users/ramsundar/Documents/IITM-Graded-Projects/Capstone/.venv/lib/python3.11/site-packages/sklearn/metrics/_classification.py:1561: UserWarning: Note that pos_label (set to 'Rejected') is ignored when average != 'binary' (got 'weighted'). You may use labels=[pos_label] to specify a single positive class.
  warnings.warn(

2026-05-01 15:38:20,339:WARNING:/Users/ramsundar/Documents/IITM-Graded-Projects/Capstone/.venv/lib/python3.11/site-packages/sklearn/metrics/_classification.py:1561: UserWarning: Note that pos_label (set to 'Rejected') is ignored when average != 'binary' (got 'weighted'). You may use labels=[pos_label] to specify a single positive class.
  warnings.warn(

2026-05-01 15:38:20,340:WARNING:/Users/ramsundar/Documents/IITM-Graded-Projects/Capstone/.venv/lib/python3.11/site-packages/sklearn/metrics/_classification.py:1561: UserWarning: Note that pos_label (set to 'Rejected') is ignored when average != 'binary' (got 'weighted'). You may use labels=[pos_label] to specify a single positive class.
  warnings.warn(

2026-05-01 15:38:20,341:WARNING:/Users/ramsundar/Documents/IITM-Graded-Projects/Capstone/.venv/lib/python3.11/site-packages/sklearn/metrics/_classification.py:1561: UserWarning: Note that pos_label (set to 'Rejected') is ignored when average != 'binary' (got 'weighted'). You may use labels=[pos_label] to specify a single positive class.
  warnings.warn(

2026-05-01 15:38:20,342:WARNING:/Users/ramsundar/Documents/IITM-Graded-Projects/Capstone/.venv/lib/python3.11/site-packages/sklearn/metrics/_classification.py:1561: UserWarning: Note that pos_label (set to 'Rejected') is ignored when average != 'binary' (got 'weighted'). You may use labels=[pos_label] to specify a single positive class.
  warnings.warn(

2026-05-01 15:38:20,343:WARNING:/Users/ramsundar/Documents/IITM-Graded-Projects/Capstone/.venv/lib/python3.11/site-packages/sklearn/metrics/_classification.py:1561: UserWarning: Note that pos_label (set to 'Rejected') is ignored when average != 'binary' (got 'weighted'). You may use labels=[pos_label] to specify a single positive class.
  warnings.warn(

2026-05-01 15:38:20,346:WARNING:/Users/ramsundar/Documents/IITM-Graded-Projects/Capstone/.venv/lib/python3.11/site-packages/sklearn/metrics/_classification.py:1561: UserWarning: Note that pos_label (set to 'Rejected') is ignored when average != 'binary' (got 'weighted'). You may use labels=[pos_label] to specify a single positive class.
  warnings.warn(

2026-05-01 15:38:20,348:WARNING:/Users/ramsundar/Documents/IITM-Graded-Projects/Capstone/.venv/lib/python3.11/site-packages/sklearn/metrics/_classification.py:1561: UserWarning: Note that pos_label (set to 'Rejected') is ignored when average != 'binary' (got 'weighted'). You may use labels=[pos_label] to specify a single positive class.
  warnings.warn(

2026-05-01 15:38:20,348:WARNING:/Users/ramsundar/Documents/IITM-Graded-Projects/Capstone/.venv/lib/python3.11/site-packages/sklearn/metrics/_classification.py:1561: UserWarning: Note that pos_label (set to 'Rejected') is ignored when average != 'binary' (got 'weighted'). You may use labels=[pos_label] to specify a single positive class.
  warnings.warn(

2026-05-01 15:38:20,349:WARNING:/Users/ramsundar/Documents/IITM-Graded-Projects/Capstone/.venv/lib/python3.11/site-packages/sklearn/metrics/_classification.py:1561: UserWarning: Note that pos_label (set to 'Rejected') is ignored when average != 'binary' (got 'weighted'). You may use labels=[pos_label] to specify a single positive class.
  warnings.warn(

2026-05-01 15:38:20,354:WARNING:/Users/ramsundar/Documents/IITM-Graded-Projects/Capstone/.venv/lib/python3.11/site-packages/sklearn/metrics/_classification.py:1561: UserWarning: Note that pos_label (set to 'Rejected') is ignored when average != 'binary' (got 'weighted'). You may use labels=[pos_label] to specify a single positive class.
  warnings.warn(

2026-05-01 15:38:20,359:WARNING:/Users/ramsundar/Documents/IITM-Graded-Projects/Capstone/.venv/lib/python3.11/site-packages/sklearn/metrics/_classification.py:1561: UserWarning: Note that pos_label (set to 'Rejected') is ignored when average != 'binary' (got 'weighted'). You may use labels=[pos_label] to specify a single positive class.
  warnings.warn(

2026-05-01 15:38:20,668:WARNING:/Users/ramsundar/Documents/IITM-Graded-Projects/Capstone/.venv/lib/python3.11/site-packages/sklearn/metrics/_classification.py:1561: UserWarning: Note that pos_label (set to 'Rejected') is ignored when average != 'binary' (got 'weighted'). You may use labels=[pos_label] to specify a single positive class.
  warnings.warn(

2026-05-01 15:38:20,673:WARNING:/Users/ramsundar/Documents/IITM-Graded-Projects/Capstone/.venv/lib/python3.11/site-packages/sklearn/metrics/_classification.py:1561: UserWarning: Note that pos_label (set to 'Rejected') is ignored when average != 'binary' (got 'weighted'). You may use labels=[pos_label] to specify a single positive class.
  warnings.warn(

2026-05-01 15:38:20,678:WARNING:/Users/ramsundar/Documents/IITM-Graded-Projects/Capstone/.venv/lib/python3.11/site-packages/sklearn/metrics/_classification.py:1561: UserWarning: Note that pos_label (set to 'Rejected') is ignored when average != 'binary' (got 'weighted'). You may use labels=[pos_label] to specify a single positive class.
  warnings.warn(

2026-05-01 15:38:30,313:WARNING:/Users/ramsundar/Documents/IITM-Graded-Projects/Capstone/.venv/lib/python3.11/site-packages/pycaret/internal/metrics.py:204: FitFailedWarning: Metric 'make_scorer(roc_auc_score, response_method=('decision_function', 'predict_proba'), average=weighted, multi_class=ovr)' failed and error score 0.0 has been returned instead. If this is a custom metric, this usually means that the error is in the metric code. Full exception below:
Traceback (most recent call last):
  File "/Users/ramsundar/Documents/IITM-Graded-Projects/Capstone/.venv/lib/python3.11/site-packages/pycaret/internal/metrics.py", line 196, in _score
    return super()._score(
           ^^^^^^^^^^^^^^^
  File "/Users/ramsundar/Documents/IITM-Graded-Projects/Capstone/.venv/lib/python3.11/site-packages/sklearn/metrics/_scorer.py", line 350, in _score
    return self._sign * self._score_func(y_true, y_pred, **scoring_kwargs)
                        ^^^^^^^^^^^^^^^^^^^^^^^^^^^^^^^^^^^^^^^^^^^^^^^^^^
  File "/Users/ramsundar/Documents/IITM-Graded-Projects/Capstone/.venv/lib/python3.11/site-packages/pycaret/internal/metrics.py", line 144, in __call__
    return self.score_func(y_true, y_pred, **kwargs)
           ^^^^^^^^^^^^^^^^^^^^^^^^^^^^^^^^^^^^^^^^^
  File "/Users/ramsundar/Documents/IITM-Graded-Projects/Capstone/.venv/lib/python3.11/site-packages/sklearn/utils/_param_validation.py", line 213, in wrapper
    return func(*args, **kwargs)
           ^^^^^^^^^^^^^^^^^^^^^
  File "/Users/ramsundar/Documents/IITM-Graded-Projects/Capstone/.venv/lib/python3.11/site-packages/sklearn/metrics/_ranking.py", line 634, in roc_auc_score
    return _multiclass_roc_auc_score(
           ^^^^^^^^^^^^^^^^^^^^^^^^^^
  File "/Users/ramsundar/Documents/IITM-Graded-Projects/Capstone/.venv/lib/python3.11/site-packages/sklearn/metrics/_ranking.py", line 707, in _multiclass_roc_auc_score
    raise ValueError(
ValueError: Target scores need to be probabilities for multiclass roc_auc, i.e. they should sum up to 1.0 over classes

  warnings.warn(

2026-05-01 15:38:30,316:WARNING:/Users/ramsundar/Documents/IITM-Graded-Projects/Capstone/.venv/lib/python3.11/site-packages/sklearn/metrics/_classification.py:1561: UserWarning: Note that pos_label (set to 'Rejected') is ignored when average != 'binary' (got 'weighted'). You may use labels=[pos_label] to specify a single positive class.
  warnings.warn(

2026-05-01 15:38:30,333:WARNING:/Users/ramsundar/Documents/IITM-Graded-Projects/Capstone/.venv/lib/python3.11/site-packages/sklearn/metrics/_classification.py:1561: UserWarning: Note that pos_label (set to 'Rejected') is ignored when average != 'binary' (got 'weighted'). You may use labels=[pos_label] to specify a single positive class.
  warnings.warn(

2026-05-01 15:38:30,344:WARNING:/Users/ramsundar/Documents/IITM-Graded-Projects/Capstone/.venv/lib/python3.11/site-packages/pycaret/internal/metrics.py:204: FitFailedWarning: Metric 'make_scorer(roc_auc_score, response_method=('decision_function', 'predict_proba'), average=weighted, multi_class=ovr)' failed and error score 0.0 has been returned instead. If this is a custom metric, this usually means that the error is in the metric code. Full exception below:
Traceback (most recent call last):
  File "/Users/ramsundar/Documents/IITM-Graded-Projects/Capstone/.venv/lib/python3.11/site-packages/pycaret/internal/metrics.py", line 196, in _score
    return super()._score(
           ^^^^^^^^^^^^^^^
  File "/Users/ramsundar/Documents/IITM-Graded-Projects/Capstone/.venv/lib/python3.11/site-packages/sklearn/metrics/_scorer.py", line 350, in _score
    return self._sign * self._score_func(y_true, y_pred, **scoring_kwargs)
                        ^^^^^^^^^^^^^^^^^^^^^^^^^^^^^^^^^^^^^^^^^^^^^^^^^^
  File "/Users/ramsundar/Documents/IITM-Graded-Projects/Capstone/.venv/lib/python3.11/site-packages/pycaret/internal/metrics.py", line 144, in __call__
    return self.score_func(y_true, y_pred, **kwargs)
           ^^^^^^^^^^^^^^^^^^^^^^^^^^^^^^^^^^^^^^^^^
  File "/Users/ramsundar/Documents/IITM-Graded-Projects/Capstone/.venv/lib/python3.11/site-packages/sklearn/utils/_param_validation.py", line 213, in wrapper
    return func(*args, **kwargs)
           ^^^^^^^^^^^^^^^^^^^^^
  File "/Users/ramsundar/Documents/IITM-Graded-Projects/Capstone/.venv/lib/python3.11/site-packages/sklearn/metrics/_ranking.py", line 634, in roc_auc_score
    return _multiclass_roc_auc_score(
           ^^^^^^^^^^^^^^^^^^^^^^^^^^
  File "/Users/ramsundar/Documents/IITM-Graded-Projects/Capstone/.venv/lib/python3.11/site-packages/sklearn/metrics/_ranking.py", line 707, in _multiclass_roc_auc_score
    raise ValueError(
ValueError: Target scores need to be probabilities for multiclass roc_auc, i.e. they should sum up to 1.0 over classes

  warnings.warn(

2026-05-01 15:38:30,386:WARNING:/Users/ramsundar/Documents/IITM-Graded-Projects/Capstone/.venv/lib/python3.11/site-packages/pycaret/internal/metrics.py:204: FitFailedWarning: Metric 'make_scorer(roc_auc_score, response_method=('decision_function', 'predict_proba'), average=weighted, multi_class=ovr)' failed and error score 0.0 has been returned instead. If this is a custom metric, this usually means that the error is in the metric code. Full exception below:
Traceback (most recent call last):
  File "/Users/ramsundar/Documents/IITM-Graded-Projects/Capstone/.venv/lib/python3.11/site-packages/pycaret/internal/metrics.py", line 196, in _score
    return super()._score(
           ^^^^^^^^^^^^^^^
  File "/Users/ramsundar/Documents/IITM-Graded-Projects/Capstone/.venv/lib/python3.11/site-packages/sklearn/metrics/_scorer.py", line 350, in _score
    return self._sign * self._score_func(y_true, y_pred, **scoring_kwargs)
                        ^^^^^^^^^^^^^^^^^^^^^^^^^^^^^^^^^^^^^^^^^^^^^^^^^^
  File "/Users/ramsundar/Documents/IITM-Graded-Projects/Capstone/.venv/lib/python3.11/site-packages/pycaret/internal/metrics.py", line 144, in __call__
    return self.score_func(y_true, y_pred, **kwargs)
           ^^^^^^^^^^^^^^^^^^^^^^^^^^^^^^^^^^^^^^^^^
  File "/Users/ramsundar/Documents/IITM-Graded-Projects/Capstone/.venv/lib/python3.11/site-packages/sklearn/utils/_param_validation.py", line 213, in wrapper
    return func(*args, **kwargs)
           ^^^^^^^^^^^^^^^^^^^^^
  File "/Users/ramsundar/Documents/IITM-Graded-Projects/Capstone/.venv/lib/python3.11/site-packages/sklearn/metrics/_ranking.py", line 634, in roc_auc_score
    return _multiclass_roc_auc_score(
           ^^^^^^^^^^^^^^^^^^^^^^^^^^
  File "/Users/ramsundar/Documents/IITM-Graded-Projects/Capstone/.venv/lib/python3.11/site-packages/sklearn/metrics/_ranking.py", line 707, in _multiclass_roc_auc_score
    raise ValueError(
ValueError: Target scores need to be probabilities for multiclass roc_auc, i.e. they should sum up to 1.0 over classes

  warnings.warn(

2026-05-01 15:38:30,404:WARNING:/Users/ramsundar/Documents/IITM-Graded-Projects/Capstone/.venv/lib/python3.11/site-packages/sklearn/metrics/_classification.py:1561: UserWarning: Note that pos_label (set to 'Rejected') is ignored when average != 'binary' (got 'weighted'). You may use labels=[pos_label] to specify a single positive class.
  warnings.warn(

2026-05-01 15:38:30,407:WARNING:/Users/ramsundar/Documents/IITM-Graded-Projects/Capstone/.venv/lib/python3.11/site-packages/pycaret/internal/metrics.py:204: FitFailedWarning: Metric 'make_scorer(roc_auc_score, response_method=('decision_function', 'predict_proba'), average=weighted, multi_class=ovr)' failed and error score 0.0 has been returned instead. If this is a custom metric, this usually means that the error is in the metric code. Full exception below:
Traceback (most recent call last):
  File "/Users/ramsundar/Documents/IITM-Graded-Projects/Capstone/.venv/lib/python3.11/site-packages/pycaret/internal/metrics.py", line 196, in _score
    return super()._score(
           ^^^^^^^^^^^^^^^
  File "/Users/ramsundar/Documents/IITM-Graded-Projects/Capstone/.venv/lib/python3.11/site-packages/sklearn/metrics/_scorer.py", line 350, in _score
    return self._sign * self._score_func(y_true, y_pred, **scoring_kwargs)
                        ^^^^^^^^^^^^^^^^^^^^^^^^^^^^^^^^^^^^^^^^^^^^^^^^^^
  File "/Users/ramsundar/Documents/IITM-Graded-Projects/Capstone/.venv/lib/python3.11/site-packages/pycaret/internal/metrics.py", line 144, in __call__
    return self.score_func(y_true, y_pred, **kwargs)
           ^^^^^^^^^^^^^^^^^^^^^^^^^^^^^^^^^^^^^^^^^
  File "/Users/ramsundar/Documents/IITM-Graded-Projects/Capstone/.venv/lib/python3.11/site-packages/sklearn/utils/_param_validation.py", line 213, in wrapper
    return func(*args, **kwargs)
           ^^^^^^^^^^^^^^^^^^^^^
  File "/Users/ramsundar/Documents/IITM-Graded-Projects/Capstone/.venv/lib/python3.11/site-packages/sklearn/metrics/_ranking.py", line 634, in roc_auc_score
    return _multiclass_roc_auc_score(
           ^^^^^^^^^^^^^^^^^^^^^^^^^^
  File "/Users/ramsundar/Documents/IITM-Graded-Projects/Capstone/.venv/lib/python3.11/site-packages/sklearn/metrics/_ranking.py", line 707, in _multiclass_roc_auc_score
    raise ValueError(
ValueError: Target scores need to be probabilities for multiclass roc_auc, i.e. they should sum up to 1.0 over classes

  warnings.warn(

2026-05-01 15:38:30,409:WARNING:/Users/ramsundar/Documents/IITM-Graded-Projects/Capstone/.venv/lib/python3.11/site-packages/sklearn/metrics/_classification.py:1561: UserWarning: Note that pos_label (set to 'Rejected') is ignored when average != 'binary' (got 'weighted'). You may use labels=[pos_label] to specify a single positive class.
  warnings.warn(

2026-05-01 15:38:30,410:WARNING:/Users/ramsundar/Documents/IITM-Graded-Projects/Capstone/.venv/lib/python3.11/site-packages/sklearn/metrics/_classification.py:1561: UserWarning: Note that pos_label (set to 'Rejected') is ignored when average != 'binary' (got 'weighted'). You may use labels=[pos_label] to specify a single positive class.
  warnings.warn(

2026-05-01 15:38:30,414:WARNING:/Users/ramsundar/Documents/IITM-Graded-Projects/Capstone/.venv/lib/python3.11/site-packages/sklearn/metrics/_classification.py:1561: UserWarning: Note that pos_label (set to 'Rejected') is ignored when average != 'binary' (got 'weighted'). You may use labels=[pos_label] to specify a single positive class.
  warnings.warn(

2026-05-01 15:38:30,414:WARNING:/Users/ramsundar/Documents/IITM-Graded-Projects/Capstone/.venv/lib/python3.11/site-packages/sklearn/metrics/_classification.py:1561: UserWarning: Note that pos_label (set to 'Rejected') is ignored when average != 'binary' (got 'weighted'). You may use labels=[pos_label] to specify a single positive class.
  warnings.warn(

2026-05-01 15:38:30,418:WARNING:/Users/ramsundar/Documents/IITM-Graded-Projects/Capstone/.venv/lib/python3.11/site-packages/sklearn/metrics/_classification.py:1561: UserWarning: Note that pos_label (set to 'Rejected') is ignored when average != 'binary' (got 'weighted'). You may use labels=[pos_label] to specify a single positive class.
  warnings.warn(

2026-05-01 15:38:30,419:WARNING:/Users/ramsundar/Documents/IITM-Graded-Projects/Capstone/.venv/lib/python3.11/site-packages/sklearn/metrics/_classification.py:1561: UserWarning: Note that pos_label (set to 'Rejected') is ignored when average != 'binary' (got 'weighted'). You may use labels=[pos_label] to specify a single positive class.
  warnings.warn(

2026-05-01 15:38:30,425:WARNING:/Users/ramsundar/Documents/IITM-Graded-Projects/Capstone/.venv/lib/python3.11/site-packages/sklearn/metrics/_classification.py:1561: UserWarning: Note that pos_label (set to 'Rejected') is ignored when average != 'binary' (got 'weighted'). You may use labels=[pos_label] to specify a single positive class.
  warnings.warn(

2026-05-01 15:38:30,425:WARNING:/Users/ramsundar/Documents/IITM-Graded-Projects/Capstone/.venv/lib/python3.11/site-packages/sklearn/metrics/_classification.py:1561: UserWarning: Note that pos_label (set to 'Rejected') is ignored when average != 'binary' (got 'weighted'). You may use labels=[pos_label] to specify a single positive class.
  warnings.warn(

2026-05-01 15:38:30,430:WARNING:/Users/ramsundar/Documents/IITM-Graded-Projects/Capstone/.venv/lib/python3.11/site-packages/sklearn/metrics/_classification.py:1561: UserWarning: Note that pos_label (set to 'Rejected') is ignored when average != 'binary' (got 'weighted'). You may use labels=[pos_label] to specify a single positive class.
  warnings.warn(

2026-05-01 15:38:30,430:WARNING:/Users/ramsundar/Documents/IITM-Graded-Projects/Capstone/.venv/lib/python3.11/site-packages/pycaret/internal/metrics.py:204: FitFailedWarning: Metric 'make_scorer(roc_auc_score, response_method=('decision_function', 'predict_proba'), average=weighted, multi_class=ovr)' failed and error score 0.0 has been returned instead. If this is a custom metric, this usually means that the error is in the metric code. Full exception below:
Traceback (most recent call last):
  File "/Users/ramsundar/Documents/IITM-Graded-Projects/Capstone/.venv/lib/python3.11/site-packages/pycaret/internal/metrics.py", line 196, in _score
    return super()._score(
           ^^^^^^^^^^^^^^^
  File "/Users/ramsundar/Documents/IITM-Graded-Projects/Capstone/.venv/lib/python3.11/site-packages/sklearn/metrics/_scorer.py", line 350, in _score
    return self._sign * self._score_func(y_true, y_pred, **scoring_kwargs)
                        ^^^^^^^^^^^^^^^^^^^^^^^^^^^^^^^^^^^^^^^^^^^^^^^^^^
  File "/Users/ramsundar/Documents/IITM-Graded-Projects/Capstone/.venv/lib/python3.11/site-packages/pycaret/internal/metrics.py", line 144, in __call__
    return self.score_func(y_true, y_pred, **kwargs)
           ^^^^^^^^^^^^^^^^^^^^^^^^^^^^^^^^^^^^^^^^^
  File "/Users/ramsundar/Documents/IITM-Graded-Projects/Capstone/.venv/lib/python3.11/site-packages/sklearn/utils/_param_validation.py", line 213, in wrapper
    return func(*args, **kwargs)
           ^^^^^^^^^^^^^^^^^^^^^
  File "/Users/ramsundar/Documents/IITM-Graded-Projects/Capstone/.venv/lib/python3.11/site-packages/sklearn/metrics/_ranking.py", line 634, in roc_auc_score
    return _multiclass_roc_auc_score(
           ^^^^^^^^^^^^^^^^^^^^^^^^^^
  File "/Users/ramsundar/Documents/IITM-Graded-Projects/Capstone/.venv/lib/python3.11/site-packages/sklearn/metrics/_ranking.py", line 707, in _multiclass_roc_auc_score
    raise ValueError(
ValueError: Target scores need to be probabilities for multiclass roc_auc, i.e. they should sum up to 1.0 over classes

  warnings.warn(

2026-05-01 15:38:30,432:WARNING:/Users/ramsundar/Documents/IITM-Graded-Projects/Capstone/.venv/lib/python3.11/site-packages/sklearn/metrics/_classification.py:1561: UserWarning: Note that pos_label (set to 'Rejected') is ignored when average != 'binary' (got 'weighted'). You may use labels=[pos_label] to specify a single positive class.
  warnings.warn(

2026-05-01 15:38:30,437:WARNING:/Users/ramsundar/Documents/IITM-Graded-Projects/Capstone/.venv/lib/python3.11/site-packages/sklearn/metrics/_classification.py:1561: UserWarning: Note that pos_label (set to 'Rejected') is ignored when average != 'binary' (got 'weighted'). You may use labels=[pos_label] to specify a single positive class.
  warnings.warn(

2026-05-01 15:38:30,442:WARNING:/Users/ramsundar/Documents/IITM-Graded-Projects/Capstone/.venv/lib/python3.11/site-packages/pycaret/internal/metrics.py:204: FitFailedWarning: Metric 'make_scorer(roc_auc_score, response_method=('decision_function', 'predict_proba'), average=weighted, multi_class=ovr)' failed and error score 0.0 has been returned instead. If this is a custom metric, this usually means that the error is in the metric code. Full exception below:
Traceback (most recent call last):
  File "/Users/ramsundar/Documents/IITM-Graded-Projects/Capstone/.venv/lib/python3.11/site-packages/pycaret/internal/metrics.py", line 196, in _score
    return super()._score(
           ^^^^^^^^^^^^^^^
  File "/Users/ramsundar/Documents/IITM-Graded-Projects/Capstone/.venv/lib/python3.11/site-packages/sklearn/metrics/_scorer.py", line 350, in _score
    return self._sign * self._score_func(y_true, y_pred, **scoring_kwargs)
                        ^^^^^^^^^^^^^^^^^^^^^^^^^^^^^^^^^^^^^^^^^^^^^^^^^^
  File "/Users/ramsundar/Documents/IITM-Graded-Projects/Capstone/.venv/lib/python3.11/site-packages/pycaret/internal/metrics.py", line 144, in __call__
    return self.score_func(y_true, y_pred, **kwargs)
           ^^^^^^^^^^^^^^^^^^^^^^^^^^^^^^^^^^^^^^^^^
  File "/Users/ramsundar/Documents/IITM-Graded-Projects/Capstone/.venv/lib/python3.11/site-packages/sklearn/utils/_param_validation.py", line 213, in wrapper
    return func(*args, **kwargs)
           ^^^^^^^^^^^^^^^^^^^^^
  File "/Users/ramsundar/Documents/IITM-Graded-Projects/Capstone/.venv/lib/python3.11/site-packages/sklearn/metrics/_ranking.py", line 634, in roc_auc_score
    return _multiclass_roc_auc_score(
           ^^^^^^^^^^^^^^^^^^^^^^^^^^
  File "/Users/ramsundar/Documents/IITM-Graded-Projects/Capstone/.venv/lib/python3.11/site-packages/sklearn/metrics/_ranking.py", line 707, in _multiclass_roc_auc_score
    raise ValueError(
ValueError: Target scores need to be probabilities for multiclass roc_auc, i.e. they should sum up to 1.0 over classes

  warnings.warn(

2026-05-01 15:38:30,443:WARNING:/Users/ramsundar/Documents/IITM-Graded-Projects/Capstone/.venv/lib/python3.11/site-packages/sklearn/metrics/_classification.py:1561: UserWarning: Note that pos_label (set to 'Rejected') is ignored when average != 'binary' (got 'weighted'). You may use labels=[pos_label] to specify a single positive class.
  warnings.warn(

2026-05-01 15:38:30,444:WARNING:/Users/ramsundar/Documents/IITM-Graded-Projects/Capstone/.venv/lib/python3.11/site-packages/sklearn/metrics/_classification.py:1561: UserWarning: Note that pos_label (set to 'Rejected') is ignored when average != 'binary' (got 'weighted'). You may use labels=[pos_label] to specify a single positive class.
  warnings.warn(

2026-05-01 15:38:30,444:WARNING:/Users/ramsundar/Documents/IITM-Graded-Projects/Capstone/.venv/lib/python3.11/site-packages/pycaret/internal/metrics.py:204: FitFailedWarning: Metric 'make_scorer(roc_auc_score, response_method=('decision_function', 'predict_proba'), average=weighted, multi_class=ovr)' failed and error score 0.0 has been returned instead. If this is a custom metric, this usually means that the error is in the metric code. Full exception below:
Traceback (most recent call last):
  File "/Users/ramsundar/Documents/IITM-Graded-Projects/Capstone/.venv/lib/python3.11/site-packages/pycaret/internal/metrics.py", line 196, in _score
    return super()._score(
           ^^^^^^^^^^^^^^^
  File "/Users/ramsundar/Documents/IITM-Graded-Projects/Capstone/.venv/lib/python3.11/site-packages/sklearn/metrics/_scorer.py", line 350, in _score
    return self._sign * self._score_func(y_true, y_pred, **scoring_kwargs)
                        ^^^^^^^^^^^^^^^^^^^^^^^^^^^^^^^^^^^^^^^^^^^^^^^^^^
  File "/Users/ramsundar/Documents/IITM-Graded-Projects/Capstone/.venv/lib/python3.11/site-packages/pycaret/internal/metrics.py", line 144, in __call__
    return self.score_func(y_true, y_pred, **kwargs)
           ^^^^^^^^^^^^^^^^^^^^^^^^^^^^^^^^^^^^^^^^^
  File "/Users/ramsundar/Documents/IITM-Graded-Projects/Capstone/.venv/lib/python3.11/site-packages/sklearn/utils/_param_validation.py", line 213, in wrapper
    return func(*args, **kwargs)
           ^^^^^^^^^^^^^^^^^^^^^
  File "/Users/ramsundar/Documents/IITM-Graded-Projects/Capstone/.venv/lib/python3.11/site-packages/sklearn/metrics/_ranking.py", line 634, in roc_auc_score
    return _multiclass_roc_auc_score(
           ^^^^^^^^^^^^^^^^^^^^^^^^^^
  File "/Users/ramsundar/Documents/IITM-Graded-Projects/Capstone/.venv/lib/python3.11/site-packages/sklearn/metrics/_ranking.py", line 707, in _multiclass_roc_auc_score
    raise ValueError(
ValueError: Target scores need to be probabilities for multiclass roc_auc, i.e. they should sum up to 1.0 over classes

  warnings.warn(

2026-05-01 15:38:30,446:WARNING:/Users/ramsundar/Documents/IITM-Graded-Projects/Capstone/.venv/lib/python3.11/site-packages/sklearn/metrics/_classification.py:1561: UserWarning: Note that pos_label (set to 'Rejected') is ignored when average != 'binary' (got 'weighted'). You may use labels=[pos_label] to specify a single positive class.
  warnings.warn(

2026-05-01 15:38:30,448:WARNING:/Users/ramsundar/Documents/IITM-Graded-Projects/Capstone/.venv/lib/python3.11/site-packages/sklearn/metrics/_classification.py:1561: UserWarning: Note that pos_label (set to 'Rejected') is ignored when average != 'binary' (got 'weighted'). You may use labels=[pos_label] to specify a single positive class.
  warnings.warn(

2026-05-01 15:38:30,453:WARNING:/Users/ramsundar/Documents/IITM-Graded-Projects/Capstone/.venv/lib/python3.11/site-packages/sklearn/metrics/_classification.py:1561: UserWarning: Note that pos_label (set to 'Rejected') is ignored when average != 'binary' (got 'weighted'). You may use labels=[pos_label] to specify a single positive class.
  warnings.warn(

2026-05-01 15:38:30,456:WARNING:/Users/ramsundar/Documents/IITM-Graded-Projects/Capstone/.venv/lib/python3.11/site-packages/sklearn/metrics/_classification.py:1561: UserWarning: Note that pos_label (set to 'Rejected') is ignored when average != 'binary' (got 'weighted'). You may use labels=[pos_label] to specify a single positive class.
  warnings.warn(

2026-05-01 15:38:30,461:WARNING:/Users/ramsundar/Documents/IITM-Graded-Projects/Capstone/.venv/lib/python3.11/site-packages/sklearn/metrics/_classification.py:1561: UserWarning: Note that pos_label (set to 'Rejected') is ignored when average != 'binary' (got 'weighted'). You may use labels=[pos_label] to specify a single positive class.
  warnings.warn(

2026-05-01 15:38:30,512:WARNING:/Users/ramsundar/Documents/IITM-Graded-Projects/Capstone/.venv/lib/python3.11/site-packages/pycaret/internal/metrics.py:204: FitFailedWarning: Metric 'make_scorer(roc_auc_score, response_method=('decision_function', 'predict_proba'), average=weighted, multi_class=ovr)' failed and error score 0.0 has been returned instead. If this is a custom metric, this usually means that the error is in the metric code. Full exception below:
Traceback (most recent call last):
  File "/Users/ramsundar/Documents/IITM-Graded-Projects/Capstone/.venv/lib/python3.11/site-packages/pycaret/internal/metrics.py", line 196, in _score
    return super()._score(
           ^^^^^^^^^^^^^^^
  File "/Users/ramsundar/Documents/IITM-Graded-Projects/Capstone/.venv/lib/python3.11/site-packages/sklearn/metrics/_scorer.py", line 350, in _score
    return self._sign * self._score_func(y_true, y_pred, **scoring_kwargs)
                        ^^^^^^^^^^^^^^^^^^^^^^^^^^^^^^^^^^^^^^^^^^^^^^^^^^
  File "/Users/ramsundar/Documents/IITM-Graded-Projects/Capstone/.venv/lib/python3.11/site-packages/pycaret/internal/metrics.py", line 144, in __call__
    return self.score_func(y_true, y_pred, **kwargs)
           ^^^^^^^^^^^^^^^^^^^^^^^^^^^^^^^^^^^^^^^^^
  File "/Users/ramsundar/Documents/IITM-Graded-Projects/Capstone/.venv/lib/python3.11/site-packages/sklearn/utils/_param_validation.py", line 213, in wrapper
    return func(*args, **kwargs)
           ^^^^^^^^^^^^^^^^^^^^^
  File "/Users/ramsundar/Documents/IITM-Graded-Projects/Capstone/.venv/lib/python3.11/site-packages/sklearn/metrics/_ranking.py", line 634, in roc_auc_score
    return _multiclass_roc_auc_score(
           ^^^^^^^^^^^^^^^^^^^^^^^^^^
  File "/Users/ramsundar/Documents/IITM-Graded-Projects/Capstone/.venv/lib/python3.11/site-packages/sklearn/metrics/_ranking.py", line 707, in _multiclass_roc_auc_score
    raise ValueError(
ValueError: Target scores need to be probabilities for multiclass roc_auc, i.e. they should sum up to 1.0 over classes

  warnings.warn(

2026-05-01 15:38:30,515:WARNING:/Users/ramsundar/Documents/IITM-Graded-Projects/Capstone/.venv/lib/python3.11/site-packages/sklearn/metrics/_classification.py:1561: UserWarning: Note that pos_label (set to 'Rejected') is ignored when average != 'binary' (got 'weighted'). You may use labels=[pos_label] to specify a single positive class.
  warnings.warn(

2026-05-01 15:38:30,521:WARNING:/Users/ramsundar/Documents/IITM-Graded-Projects/Capstone/.venv/lib/python3.11/site-packages/sklearn/metrics/_classification.py:1561: UserWarning: Note that pos_label (set to 'Rejected') is ignored when average != 'binary' (got 'weighted'). You may use labels=[pos_label] to specify a single positive class.
  warnings.warn(

2026-05-01 15:38:30,527:WARNING:/Users/ramsundar/Documents/IITM-Graded-Projects/Capstone/.venv/lib/python3.11/site-packages/sklearn/metrics/_classification.py:1561: UserWarning: Note that pos_label (set to 'Rejected') is ignored when average != 'binary' (got 'weighted'). You may use labels=[pos_label] to specify a single positive class.
  warnings.warn(

2026-05-01 15:38:30,928:WARNING:/Users/ramsundar/Documents/IITM-Graded-Projects/Capstone/.venv/lib/python3.11/site-packages/pycaret/internal/metrics.py:204: FitFailedWarning: Metric 'make_scorer(roc_auc_score, response_method=('decision_function', 'predict_proba'), average=weighted, multi_class=ovr)' failed and error score 0.0 has been returned instead. If this is a custom metric, this usually means that the error is in the metric code. Full exception below:
Traceback (most recent call last):
  File "/Users/ramsundar/Documents/IITM-Graded-Projects/Capstone/.venv/lib/python3.11/site-packages/pycaret/internal/metrics.py", line 196, in _score
    return super()._score(
           ^^^^^^^^^^^^^^^
  File "/Users/ramsundar/Documents/IITM-Graded-Projects/Capstone/.venv/lib/python3.11/site-packages/sklearn/metrics/_scorer.py", line 350, in _score
    return self._sign * self._score_func(y_true, y_pred, **scoring_kwargs)
                        ^^^^^^^^^^^^^^^^^^^^^^^^^^^^^^^^^^^^^^^^^^^^^^^^^^
  File "/Users/ramsundar/Documents/IITM-Graded-Projects/Capstone/.venv/lib/python3.11/site-packages/pycaret/internal/metrics.py", line 144, in __call__
    return self.score_func(y_true, y_pred, **kwargs)
           ^^^^^^^^^^^^^^^^^^^^^^^^^^^^^^^^^^^^^^^^^
  File "/Users/ramsundar/Documents/IITM-Graded-Projects/Capstone/.venv/lib/python3.11/site-packages/sklearn/utils/_param_validation.py", line 213, in wrapper
    return func(*args, **kwargs)
           ^^^^^^^^^^^^^^^^^^^^^
  File "/Users/ramsundar/Documents/IITM-Graded-Projects/Capstone/.venv/lib/python3.11/site-packages/sklearn/metrics/_ranking.py", line 634, in roc_auc_score
    return _multiclass_roc_auc_score(
           ^^^^^^^^^^^^^^^^^^^^^^^^^^
  File "/Users/ramsundar/Documents/IITM-Graded-Projects/Capstone/.venv/lib/python3.11/site-packages/sklearn/metrics/_ranking.py", line 707, in _multiclass_roc_auc_score
    raise ValueError(
ValueError: Target scores need to be probabilities for multiclass roc_auc, i.e. they should sum up to 1.0 over classes

  warnings.warn(

2026-05-01 15:38:30,930:WARNING:/Users/ramsundar/Documents/IITM-Graded-Projects/Capstone/.venv/lib/python3.11/site-packages/sklearn/metrics/_classification.py:1561: UserWarning: Note that pos_label (set to 'Rejected') is ignored when average != 'binary' (got 'weighted'). You may use labels=[pos_label] to specify a single positive class.
  warnings.warn(

2026-05-01 15:38:30,935:WARNING:/Users/ramsundar/Documents/IITM-Graded-Projects/Capstone/.venv/lib/python3.11/site-packages/sklearn/metrics/_classification.py:1561: UserWarning: Note that pos_label (set to 'Rejected') is ignored when average != 'binary' (got 'weighted'). You may use labels=[pos_label] to specify a single positive class.
  warnings.warn(

2026-05-01 15:38:30,940:WARNING:/Users/ramsundar/Documents/IITM-Graded-Projects/Capstone/.venv/lib/python3.11/site-packages/sklearn/metrics/_classification.py:1561: UserWarning: Note that pos_label (set to 'Rejected') is ignored when average != 'binary' (got 'weighted'). You may use labels=[pos_label] to specify a single positive class.
  warnings.warn(

2026-05-01 15:38:31,016:WARNING:/Users/ramsundar/Documents/IITM-Graded-Projects/Capstone/.venv/lib/python3.11/site-packages/pycaret/internal/metrics.py:204: FitFailedWarning: Metric 'make_scorer(roc_auc_score, response_method=('decision_function', 'predict_proba'), average=weighted, multi_class=ovr)' failed and error score 0.0 has been returned instead. If this is a custom metric, this usually means that the error is in the metric code. Full exception below:
Traceback (most recent call last):
  File "/Users/ramsundar/Documents/IITM-Graded-Projects/Capstone/.venv/lib/python3.11/site-packages/pycaret/internal/metrics.py", line 196, in _score
    return super()._score(
           ^^^^^^^^^^^^^^^
  File "/Users/ramsundar/Documents/IITM-Graded-Projects/Capstone/.venv/lib/python3.11/site-packages/sklearn/metrics/_scorer.py", line 350, in _score
    return self._sign * self._score_func(y_true, y_pred, **scoring_kwargs)
                        ^^^^^^^^^^^^^^^^^^^^^^^^^^^^^^^^^^^^^^^^^^^^^^^^^^
  File "/Users/ramsundar/Documents/IITM-Graded-Projects/Capstone/.venv/lib/python3.11/site-packages/pycaret/internal/metrics.py", line 144, in __call__
    return self.score_func(y_true, y_pred, **kwargs)
           ^^^^^^^^^^^^^^^^^^^^^^^^^^^^^^^^^^^^^^^^^
  File "/Users/ramsundar/Documents/IITM-Graded-Projects/Capstone/.venv/lib/python3.11/site-packages/sklearn/utils/_param_validation.py", line 213, in wrapper
    return func(*args, **kwargs)
           ^^^^^^^^^^^^^^^^^^^^^
  File "/Users/ramsundar/Documents/IITM-Graded-Projects/Capstone/.venv/lib/python3.11/site-packages/sklearn/metrics/_ranking.py", line 634, in roc_auc_score
    return _multiclass_roc_auc_score(
           ^^^^^^^^^^^^^^^^^^^^^^^^^^
  File "/Users/ramsundar/Documents/IITM-Graded-Projects/Capstone/.venv/lib/python3.11/site-packages/sklearn/metrics/_ranking.py", line 707, in _multiclass_roc_auc_score
    raise ValueError(
ValueError: Target scores need to be probabilities for multiclass roc_auc, i.e. they should sum up to 1.0 over classes

  warnings.warn(

2026-05-01 15:38:31,018:WARNING:/Users/ramsundar/Documents/IITM-Graded-Projects/Capstone/.venv/lib/python3.11/site-packages/sklearn/metrics/_classification.py:1561: UserWarning: Note that pos_label (set to 'Rejected') is ignored when average != 'binary' (got 'weighted'). You may use labels=[pos_label] to specify a single positive class.
  warnings.warn(

2026-05-01 15:38:31,023:WARNING:/Users/ramsundar/Documents/IITM-Graded-Projects/Capstone/.venv/lib/python3.11/site-packages/sklearn/metrics/_classification.py:1561: UserWarning: Note that pos_label (set to 'Rejected') is ignored when average != 'binary' (got 'weighted'). You may use labels=[pos_label] to specify a single positive class.
  warnings.warn(

2026-05-01 15:38:31,027:WARNING:/Users/ramsundar/Documents/IITM-Graded-Projects/Capstone/.venv/lib/python3.11/site-packages/sklearn/metrics/_classification.py:1561: UserWarning: Note that pos_label (set to 'Rejected') is ignored when average != 'binary' (got 'weighted'). You may use labels=[pos_label] to specify a single positive class.
  warnings.warn(

2026-05-01 15:38:40,442:WARNING:/Users/ramsundar/Documents/IITM-Graded-Projects/Capstone/.venv/lib/python3.11/site-packages/pycaret/internal/metrics.py:204: FitFailedWarning: Metric 'make_scorer(roc_auc_score, response_method=('decision_function', 'predict_proba'), average=weighted, multi_class=ovr)' failed and error score 0.0 has been returned instead. If this is a custom metric, this usually means that the error is in the metric code. Full exception below:
Traceback (most recent call last):
  File "/Users/ramsundar/Documents/IITM-Graded-Projects/Capstone/.venv/lib/python3.11/site-packages/pycaret/internal/metrics.py", line 196, in _score
    return super()._score(
           ^^^^^^^^^^^^^^^
  File "/Users/ramsundar/Documents/IITM-Graded-Projects/Capstone/.venv/lib/python3.11/site-packages/sklearn/metrics/_scorer.py", line 350, in _score
    return self._sign * self._score_func(y_true, y_pred, **scoring_kwargs)
                        ^^^^^^^^^^^^^^^^^^^^^^^^^^^^^^^^^^^^^^^^^^^^^^^^^^
  File "/Users/ramsundar/Documents/IITM-Graded-Projects/Capstone/.venv/lib/python3.11/site-packages/pycaret/internal/metrics.py", line 144, in __call__
    return self.score_func(y_true, y_pred, **kwargs)
           ^^^^^^^^^^^^^^^^^^^^^^^^^^^^^^^^^^^^^^^^^
  File "/Users/ramsundar/Documents/IITM-Graded-Projects/Capstone/.venv/lib/python3.11/site-packages/sklearn/utils/_param_validation.py", line 213, in wrapper
    return func(*args, **kwargs)
           ^^^^^^^^^^^^^^^^^^^^^
  File "/Users/ramsundar/Documents/IITM-Graded-Projects/Capstone/.venv/lib/python3.11/site-packages/sklearn/metrics/_ranking.py", line 634, in roc_auc_score
    return _multiclass_roc_auc_score(
           ^^^^^^^^^^^^^^^^^^^^^^^^^^
  File "/Users/ramsundar/Documents/IITM-Graded-Projects/Capstone/.venv/lib/python3.11/site-packages/sklearn/metrics/_ranking.py", line 707, in _multiclass_roc_auc_score
    raise ValueError(
ValueError: Target scores need to be probabilities for multiclass roc_auc, i.e. they should sum up to 1.0 over classes

  warnings.warn(

2026-05-01 15:38:40,445:WARNING:/Users/ramsundar/Documents/IITM-Graded-Projects/Capstone/.venv/lib/python3.11/site-packages/sklearn/metrics/_classification.py:1561: UserWarning: Note that pos_label (set to 'Rejected') is ignored when average != 'binary' (got 'weighted'). You may use labels=[pos_label] to specify a single positive class.
  warnings.warn(

2026-05-01 15:38:40,458:WARNING:/Users/ramsundar/Documents/IITM-Graded-Projects/Capstone/.venv/lib/python3.11/site-packages/sklearn/metrics/_classification.py:1561: UserWarning: Note that pos_label (set to 'Rejected') is ignored when average != 'binary' (got 'weighted'). You may use labels=[pos_label] to specify a single positive class.
  warnings.warn(

2026-05-01 15:38:40,470:WARNING:/Users/ramsundar/Documents/IITM-Graded-Projects/Capstone/.venv/lib/python3.11/site-packages/sklearn/metrics/_classification.py:1561: UserWarning: Note that pos_label (set to 'Rejected') is ignored when average != 'binary' (got 'weighted'). You may use labels=[pos_label] to specify a single positive class.
  warnings.warn(

2026-05-01 15:38:40,490:WARNING:/Users/ramsundar/Documents/IITM-Graded-Projects/Capstone/.venv/lib/python3.11/site-packages/pycaret/internal/metrics.py:204: FitFailedWarning: Metric 'make_scorer(roc_auc_score, response_method=('decision_function', 'predict_proba'), average=weighted, multi_class=ovr)' failed and error score 0.0 has been returned instead. If this is a custom metric, this usually means that the error is in the metric code. Full exception below:
Traceback (most recent call last):
  File "/Users/ramsundar/Documents/IITM-Graded-Projects/Capstone/.venv/lib/python3.11/site-packages/pycaret/internal/metrics.py", line 196, in _score
    return super()._score(
           ^^^^^^^^^^^^^^^
  File "/Users/ramsundar/Documents/IITM-Graded-Projects/Capstone/.venv/lib/python3.11/site-packages/sklearn/metrics/_scorer.py", line 350, in _score
    return self._sign * self._score_func(y_true, y_pred, **scoring_kwargs)
                        ^^^^^^^^^^^^^^^^^^^^^^^^^^^^^^^^^^^^^^^^^^^^^^^^^^
  File "/Users/ramsundar/Documents/IITM-Graded-Projects/Capstone/.venv/lib/python3.11/site-packages/pycaret/internal/metrics.py", line 144, in __call__
    return self.score_func(y_true, y_pred, **kwargs)
           ^^^^^^^^^^^^^^^^^^^^^^^^^^^^^^^^^^^^^^^^^
  File "/Users/ramsundar/Documents/IITM-Graded-Projects/Capstone/.venv/lib/python3.11/site-packages/sklearn/utils/_param_validation.py", line 213, in wrapper
    return func(*args, **kwargs)
           ^^^^^^^^^^^^^^^^^^^^^
  File "/Users/ramsundar/Documents/IITM-Graded-Projects/Capstone/.venv/lib/python3.11/site-packages/sklearn/metrics/_ranking.py", line 634, in roc_auc_score
    return _multiclass_roc_auc_score(
           ^^^^^^^^^^^^^^^^^^^^^^^^^^
  File "/Users/ramsundar/Documents/IITM-Graded-Projects/Capstone/.venv/lib/python3.11/site-packages/sklearn/metrics/_ranking.py", line 707, in _multiclass_roc_auc_score
    raise ValueError(
ValueError: Target scores need to be probabilities for multiclass roc_auc, i.e. they should sum up to 1.0 over classes

  warnings.warn(

2026-05-01 15:38:40,501:WARNING:/Users/ramsundar/Documents/IITM-Graded-Projects/Capstone/.venv/lib/python3.11/site-packages/sklearn/metrics/_classification.py:1561: UserWarning: Note that pos_label (set to 'Rejected') is ignored when average != 'binary' (got 'weighted'). You may use labels=[pos_label] to specify a single positive class.
  warnings.warn(

2026-05-01 15:38:40,503:WARNING:/Users/ramsundar/Documents/IITM-Graded-Projects/Capstone/.venv/lib/python3.11/site-packages/pycaret/internal/metrics.py:204: FitFailedWarning: Metric 'make_scorer(roc_auc_score, response_method=('decision_function', 'predict_proba'), average=weighted, multi_class=ovr)' failed and error score 0.0 has been returned instead. If this is a custom metric, this usually means that the error is in the metric code. Full exception below:
Traceback (most recent call last):
  File "/Users/ramsundar/Documents/IITM-Graded-Projects/Capstone/.venv/lib/python3.11/site-packages/pycaret/internal/metrics.py", line 196, in _score
    return super()._score(
           ^^^^^^^^^^^^^^^
  File "/Users/ramsundar/Documents/IITM-Graded-Projects/Capstone/.venv/lib/python3.11/site-packages/sklearn/metrics/_scorer.py", line 350, in _score
    return self._sign * self._score_func(y_true, y_pred, **scoring_kwargs)
                        ^^^^^^^^^^^^^^^^^^^^^^^^^^^^^^^^^^^^^^^^^^^^^^^^^^
  File "/Users/ramsundar/Documents/IITM-Graded-Projects/Capstone/.venv/lib/python3.11/site-packages/pycaret/internal/metrics.py", line 144, in __call__
    return self.score_func(y_true, y_pred, **kwargs)
           ^^^^^^^^^^^^^^^^^^^^^^^^^^^^^^^^^^^^^^^^^
  File "/Users/ramsundar/Documents/IITM-Graded-Projects/Capstone/.venv/lib/python3.11/site-packages/sklearn/utils/_param_validation.py", line 213, in wrapper
    return func(*args, **kwargs)
           ^^^^^^^^^^^^^^^^^^^^^
  File "/Users/ramsundar/Documents/IITM-Graded-Projects/Capstone/.venv/lib/python3.11/site-packages/sklearn/metrics/_ranking.py", line 634, in roc_auc_score
    return _multiclass_roc_auc_score(
           ^^^^^^^^^^^^^^^^^^^^^^^^^^
  File "/Users/ramsundar/Documents/IITM-Graded-Projects/Capstone/.venv/lib/python3.11/site-packages/sklearn/metrics/_ranking.py", line 707, in _multiclass_roc_auc_score
    raise ValueError(
ValueError: Target scores need to be probabilities for multiclass roc_auc, i.e. they should sum up to 1.0 over classes

  warnings.warn(

2026-05-01 15:38:40,507:WARNING:/Users/ramsundar/Documents/IITM-Graded-Projects/Capstone/.venv/lib/python3.11/site-packages/sklearn/metrics/_classification.py:1561: UserWarning: Note that pos_label (set to 'Rejected') is ignored when average != 'binary' (got 'weighted'). You may use labels=[pos_label] to specify a single positive class.
  warnings.warn(

2026-05-01 15:38:40,511:WARNING:/Users/ramsundar/Documents/IITM-Graded-Projects/Capstone/.venv/lib/python3.11/site-packages/sklearn/metrics/_classification.py:1561: UserWarning: Note that pos_label (set to 'Rejected') is ignored when average != 'binary' (got 'weighted'). You may use labels=[pos_label] to specify a single positive class.
  warnings.warn(

2026-05-01 15:38:40,526:WARNING:/Users/ramsundar/Documents/IITM-Graded-Projects/Capstone/.venv/lib/python3.11/site-packages/sklearn/metrics/_classification.py:1561: UserWarning: Note that pos_label (set to 'Rejected') is ignored when average != 'binary' (got 'weighted'). You may use labels=[pos_label] to specify a single positive class.
  warnings.warn(

2026-05-01 15:38:40,535:WARNING:/Users/ramsundar/Documents/IITM-Graded-Projects/Capstone/.venv/lib/python3.11/site-packages/sklearn/metrics/_classification.py:1561: UserWarning: Note that pos_label (set to 'Rejected') is ignored when average != 'binary' (got 'weighted'). You may use labels=[pos_label] to specify a single positive class.
  warnings.warn(

2026-05-01 15:38:40,537:WARNING:/Users/ramsundar/Documents/IITM-Graded-Projects/Capstone/.venv/lib/python3.11/site-packages/pycaret/internal/metrics.py:204: FitFailedWarning: Metric 'make_scorer(roc_auc_score, response_method=('decision_function', 'predict_proba'), average=weighted, multi_class=ovr)' failed and error score 0.0 has been returned instead. If this is a custom metric, this usually means that the error is in the metric code. Full exception below:
Traceback (most recent call last):
  File "/Users/ramsundar/Documents/IITM-Graded-Projects/Capstone/.venv/lib/python3.11/site-packages/pycaret/internal/metrics.py", line 196, in _score
    return super()._score(
           ^^^^^^^^^^^^^^^
  File "/Users/ramsundar/Documents/IITM-Graded-Projects/Capstone/.venv/lib/python3.11/site-packages/sklearn/metrics/_scorer.py", line 350, in _score
    return self._sign * self._score_func(y_true, y_pred, **scoring_kwargs)
                        ^^^^^^^^^^^^^^^^^^^^^^^^^^^^^^^^^^^^^^^^^^^^^^^^^^
  File "/Users/ramsundar/Documents/IITM-Graded-Projects/Capstone/.venv/lib/python3.11/site-packages/pycaret/internal/metrics.py", line 144, in __call__
    return self.score_func(y_true, y_pred, **kwargs)
           ^^^^^^^^^^^^^^^^^^^^^^^^^^^^^^^^^^^^^^^^^
  File "/Users/ramsundar/Documents/IITM-Graded-Projects/Capstone/.venv/lib/python3.11/site-packages/sklearn/utils/_param_validation.py", line 213, in wrapper
    return func(*args, **kwargs)
           ^^^^^^^^^^^^^^^^^^^^^
  File "/Users/ramsundar/Documents/IITM-Graded-Projects/Capstone/.venv/lib/python3.11/site-packages/sklearn/metrics/_ranking.py", line 634, in roc_auc_score
    return _multiclass_roc_auc_score(
           ^^^^^^^^^^^^^^^^^^^^^^^^^^
  File "/Users/ramsundar/Documents/IITM-Graded-Projects/Capstone/.venv/lib/python3.11/site-packages/sklearn/metrics/_ranking.py", line 707, in _multiclass_roc_auc_score
    raise ValueError(
ValueError: Target scores need to be probabilities for multiclass roc_auc, i.e. they should sum up to 1.0 over classes

  warnings.warn(

2026-05-01 15:38:40,539:WARNING:/Users/ramsundar/Documents/IITM-Graded-Projects/Capstone/.venv/lib/python3.11/site-packages/sklearn/metrics/_classification.py:1561: UserWarning: Note that pos_label (set to 'Rejected') is ignored when average != 'binary' (got 'weighted'). You may use labels=[pos_label] to specify a single positive class.
  warnings.warn(

2026-05-01 15:38:40,540:WARNING:/Users/ramsundar/Documents/IITM-Graded-Projects/Capstone/.venv/lib/python3.11/site-packages/sklearn/metrics/_classification.py:1561: UserWarning: Note that pos_label (set to 'Rejected') is ignored when average != 'binary' (got 'weighted'). You may use labels=[pos_label] to specify a single positive class.
  warnings.warn(

2026-05-01 15:38:40,549:WARNING:/Users/ramsundar/Documents/IITM-Graded-Projects/Capstone/.venv/lib/python3.11/site-packages/sklearn/metrics/_classification.py:1561: UserWarning: Note that pos_label (set to 'Rejected') is ignored when average != 'binary' (got 'weighted'). You may use labels=[pos_label] to specify a single positive class.
  warnings.warn(

2026-05-01 15:38:40,549:WARNING:/Users/ramsundar/Documents/IITM-Graded-Projects/Capstone/.venv/lib/python3.11/site-packages/pycaret/internal/metrics.py:204: FitFailedWarning: Metric 'make_scorer(roc_auc_score, response_method=('decision_function', 'predict_proba'), average=weighted, multi_class=ovr)' failed and error score 0.0 has been returned instead. If this is a custom metric, this usually means that the error is in the metric code. Full exception below:
Traceback (most recent call last):
  File "/Users/ramsundar/Documents/IITM-Graded-Projects/Capstone/.venv/lib/python3.11/site-packages/pycaret/internal/metrics.py", line 196, in _score
    return super()._score(
           ^^^^^^^^^^^^^^^
  File "/Users/ramsundar/Documents/IITM-Graded-Projects/Capstone/.venv/lib/python3.11/site-packages/sklearn/metrics/_scorer.py", line 350, in _score
    return self._sign * self._score_func(y_true, y_pred, **scoring_kwargs)
                        ^^^^^^^^^^^^^^^^^^^^^^^^^^^^^^^^^^^^^^^^^^^^^^^^^^
  File "/Users/ramsundar/Documents/IITM-Graded-Projects/Capstone/.venv/lib/python3.11/site-packages/pycaret/internal/metrics.py", line 144, in __call__
    return self.score_func(y_true, y_pred, **kwargs)
           ^^^^^^^^^^^^^^^^^^^^^^^^^^^^^^^^^^^^^^^^^
  File "/Users/ramsundar/Documents/IITM-Graded-Projects/Capstone/.venv/lib/python3.11/site-packages/sklearn/utils/_param_validation.py", line 213, in wrapper
    return func(*args, **kwargs)
           ^^^^^^^^^^^^^^^^^^^^^
  File "/Users/ramsundar/Documents/IITM-Graded-Projects/Capstone/.venv/lib/python3.11/site-packages/sklearn/metrics/_ranking.py", line 634, in roc_auc_score
    return _multiclass_roc_auc_score(
           ^^^^^^^^^^^^^^^^^^^^^^^^^^
  File "/Users/ramsundar/Documents/IITM-Graded-Projects/Capstone/.venv/lib/python3.11/site-packages/sklearn/metrics/_ranking.py", line 707, in _multiclass_roc_auc_score
    raise ValueError(
ValueError: Target scores need to be probabilities for multiclass roc_auc, i.e. they should sum up to 1.0 over classes

  warnings.warn(

2026-05-01 15:38:40,552:WARNING:/Users/ramsundar/Documents/IITM-Graded-Projects/Capstone/.venv/lib/python3.11/site-packages/sklearn/metrics/_classification.py:1561: UserWarning: Note that pos_label (set to 'Rejected') is ignored when average != 'binary' (got 'weighted'). You may use labels=[pos_label] to specify a single positive class.
  warnings.warn(

2026-05-01 15:38:40,557:WARNING:/Users/ramsundar/Documents/IITM-Graded-Projects/Capstone/.venv/lib/python3.11/site-packages/pycaret/internal/metrics.py:204: FitFailedWarning: Metric 'make_scorer(roc_auc_score, response_method=('decision_function', 'predict_proba'), average=weighted, multi_class=ovr)' failed and error score 0.0 has been returned instead. If this is a custom metric, this usually means that the error is in the metric code. Full exception below:
Traceback (most recent call last):
  File "/Users/ramsundar/Documents/IITM-Graded-Projects/Capstone/.venv/lib/python3.11/site-packages/pycaret/internal/metrics.py", line 196, in _score
    return super()._score(
           ^^^^^^^^^^^^^^^
  File "/Users/ramsundar/Documents/IITM-Graded-Projects/Capstone/.venv/lib/python3.11/site-packages/sklearn/metrics/_scorer.py", line 350, in _score
    return self._sign * self._score_func(y_true, y_pred, **scoring_kwargs)
                        ^^^^^^^^^^^^^^^^^^^^^^^^^^^^^^^^^^^^^^^^^^^^^^^^^^
  File "/Users/ramsundar/Documents/IITM-Graded-Projects/Capstone/.venv/lib/python3.11/site-packages/pycaret/internal/metrics.py", line 144, in __call__
    return self.score_func(y_true, y_pred, **kwargs)
           ^^^^^^^^^^^^^^^^^^^^^^^^^^^^^^^^^^^^^^^^^
  File "/Users/ramsundar/Documents/IITM-Graded-Projects/Capstone/.venv/lib/python3.11/site-packages/sklearn/utils/_param_validation.py", line 213, in wrapper
    return func(*args, **kwargs)
           ^^^^^^^^^^^^^^^^^^^^^
  File "/Users/ramsundar/Documents/IITM-Graded-Projects/Capstone/.venv/lib/python3.11/site-packages/sklearn/metrics/_ranking.py", line 634, in roc_auc_score
    return _multiclass_roc_auc_score(
           ^^^^^^^^^^^^^^^^^^^^^^^^^^
  File "/Users/ramsundar/Documents/IITM-Graded-Projects/Capstone/.venv/lib/python3.11/site-packages/sklearn/metrics/_ranking.py", line 707, in _multiclass_roc_auc_score
    raise ValueError(
ValueError: Target scores need to be probabilities for multiclass roc_auc, i.e. they should sum up to 1.0 over classes

  warnings.warn(

2026-05-01 15:38:40,557:WARNING:/Users/ramsundar/Documents/IITM-Graded-Projects/Capstone/.venv/lib/python3.11/site-packages/sklearn/metrics/_classification.py:1561: UserWarning: Note that pos_label (set to 'Rejected') is ignored when average != 'binary' (got 'weighted'). You may use labels=[pos_label] to specify a single positive class.
  warnings.warn(

2026-05-01 15:38:40,559:WARNING:/Users/ramsundar/Documents/IITM-Graded-Projects/Capstone/.venv/lib/python3.11/site-packages/sklearn/metrics/_classification.py:1561: UserWarning: Note that pos_label (set to 'Rejected') is ignored when average != 'binary' (got 'weighted'). You may use labels=[pos_label] to specify a single positive class.
  warnings.warn(

2026-05-01 15:38:40,560:WARNING:/Users/ramsundar/Documents/IITM-Graded-Projects/Capstone/.venv/lib/python3.11/site-packages/sklearn/metrics/_classification.py:1561: UserWarning: Note that pos_label (set to 'Rejected') is ignored when average != 'binary' (got 'weighted'). You may use labels=[pos_label] to specify a single positive class.
  warnings.warn(

2026-05-01 15:38:40,567:WARNING:/Users/ramsundar/Documents/IITM-Graded-Projects/Capstone/.venv/lib/python3.11/site-packages/sklearn/metrics/_classification.py:1561: UserWarning: Note that pos_label (set to 'Rejected') is ignored when average != 'binary' (got 'weighted'). You may use labels=[pos_label] to specify a single positive class.
  warnings.warn(

2026-05-01 15:38:40,567:WARNING:/Users/ramsundar/Documents/IITM-Graded-Projects/Capstone/.venv/lib/python3.11/site-packages/pycaret/internal/metrics.py:204: FitFailedWarning: Metric 'make_scorer(roc_auc_score, response_method=('decision_function', 'predict_proba'), average=weighted, multi_class=ovr)' failed and error score 0.0 has been returned instead. If this is a custom metric, this usually means that the error is in the metric code. Full exception below:
Traceback (most recent call last):
  File "/Users/ramsundar/Documents/IITM-Graded-Projects/Capstone/.venv/lib/python3.11/site-packages/pycaret/internal/metrics.py", line 196, in _score
    return super()._score(
           ^^^^^^^^^^^^^^^
  File "/Users/ramsundar/Documents/IITM-Graded-Projects/Capstone/.venv/lib/python3.11/site-packages/sklearn/metrics/_scorer.py", line 350, in _score
    return self._sign * self._score_func(y_true, y_pred, **scoring_kwargs)
                        ^^^^^^^^^^^^^^^^^^^^^^^^^^^^^^^^^^^^^^^^^^^^^^^^^^
  File "/Users/ramsundar/Documents/IITM-Graded-Projects/Capstone/.venv/lib/python3.11/site-packages/pycaret/internal/metrics.py", line 144, in __call__
    return self.score_func(y_true, y_pred, **kwargs)
           ^^^^^^^^^^^^^^^^^^^^^^^^^^^^^^^^^^^^^^^^^
  File "/Users/ramsundar/Documents/IITM-Graded-Projects/Capstone/.venv/lib/python3.11/site-packages/sklearn/utils/_param_validation.py", line 213, in wrapper
    return func(*args, **kwargs)
           ^^^^^^^^^^^^^^^^^^^^^
  File "/Users/ramsundar/Documents/IITM-Graded-Projects/Capstone/.venv/lib/python3.11/site-packages/sklearn/metrics/_ranking.py", line 634, in roc_auc_score
    return _multiclass_roc_auc_score(
           ^^^^^^^^^^^^^^^^^^^^^^^^^^
  File "/Users/ramsundar/Documents/IITM-Graded-Projects/Capstone/.venv/lib/python3.11/site-packages/sklearn/metrics/_ranking.py", line 707, in _multiclass_roc_auc_score
    raise ValueError(
ValueError: Target scores need to be probabilities for multiclass roc_auc, i.e. they should sum up to 1.0 over classes

  warnings.warn(

2026-05-01 15:38:40,568:WARNING:/Users/ramsundar/Documents/IITM-Graded-Projects/Capstone/.venv/lib/python3.11/site-packages/sklearn/metrics/_classification.py:1561: UserWarning: Note that pos_label (set to 'Rejected') is ignored when average != 'binary' (got 'weighted'). You may use labels=[pos_label] to specify a single positive class.
  warnings.warn(

2026-05-01 15:38:40,569:WARNING:/Users/ramsundar/Documents/IITM-Graded-Projects/Capstone/.venv/lib/python3.11/site-packages/sklearn/metrics/_classification.py:1561: UserWarning: Note that pos_label (set to 'Rejected') is ignored when average != 'binary' (got 'weighted'). You may use labels=[pos_label] to specify a single positive class.
  warnings.warn(

2026-05-01 15:38:40,569:WARNING:/Users/ramsundar/Documents/IITM-Graded-Projects/Capstone/.venv/lib/python3.11/site-packages/pycaret/internal/metrics.py:204: FitFailedWarning: Metric 'make_scorer(roc_auc_score, response_method=('decision_function', 'predict_proba'), average=weighted, multi_class=ovr)' failed and error score 0.0 has been returned instead. If this is a custom metric, this usually means that the error is in the metric code. Full exception below:
Traceback (most recent call last):
  File "/Users/ramsundar/Documents/IITM-Graded-Projects/Capstone/.venv/lib/python3.11/site-packages/pycaret/internal/metrics.py", line 196, in _score
    return super()._score(
           ^^^^^^^^^^^^^^^
  File "/Users/ramsundar/Documents/IITM-Graded-Projects/Capstone/.venv/lib/python3.11/site-packages/sklearn/metrics/_scorer.py", line 350, in _score
    return self._sign * self._score_func(y_true, y_pred, **scoring_kwargs)
                        ^^^^^^^^^^^^^^^^^^^^^^^^^^^^^^^^^^^^^^^^^^^^^^^^^^
  File "/Users/ramsundar/Documents/IITM-Graded-Projects/Capstone/.venv/lib/python3.11/site-packages/pycaret/internal/metrics.py", line 144, in __call__
    return self.score_func(y_true, y_pred, **kwargs)
           ^^^^^^^^^^^^^^^^^^^^^^^^^^^^^^^^^^^^^^^^^
  File "/Users/ramsundar/Documents/IITM-Graded-Projects/Capstone/.venv/lib/python3.11/site-packages/sklearn/utils/_param_validation.py", line 213, in wrapper
    return func(*args, **kwargs)
           ^^^^^^^^^^^^^^^^^^^^^
  File "/Users/ramsundar/Documents/IITM-Graded-Projects/Capstone/.venv/lib/python3.11/site-packages/sklearn/metrics/_ranking.py", line 634, in roc_auc_score
    return _multiclass_roc_auc_score(
           ^^^^^^^^^^^^^^^^^^^^^^^^^^
  File "/Users/ramsundar/Documents/IITM-Graded-Projects/Capstone/.venv/lib/python3.11/site-packages/sklearn/metrics/_ranking.py", line 707, in _multiclass_roc_auc_score
    raise ValueError(
ValueError: Target scores need to be probabilities for multiclass roc_auc, i.e. they should sum up to 1.0 over classes

  warnings.warn(

2026-05-01 15:38:40,572:WARNING:/Users/ramsundar/Documents/IITM-Graded-Projects/Capstone/.venv/lib/python3.11/site-packages/sklearn/metrics/_classification.py:1561: UserWarning: Note that pos_label (set to 'Rejected') is ignored when average != 'binary' (got 'weighted'). You may use labels=[pos_label] to specify a single positive class.
  warnings.warn(

2026-05-01 15:38:40,572:WARNING:/Users/ramsundar/Documents/IITM-Graded-Projects/Capstone/.venv/lib/python3.11/site-packages/pycaret/internal/metrics.py:204: FitFailedWarning: Metric 'make_scorer(roc_auc_score, response_method=('decision_function', 'predict_proba'), average=weighted, multi_class=ovr)' failed and error score 0.0 has been returned instead. If this is a custom metric, this usually means that the error is in the metric code. Full exception below:
Traceback (most recent call last):
  File "/Users/ramsundar/Documents/IITM-Graded-Projects/Capstone/.venv/lib/python3.11/site-packages/pycaret/internal/metrics.py", line 196, in _score
    return super()._score(
           ^^^^^^^^^^^^^^^
  File "/Users/ramsundar/Documents/IITM-Graded-Projects/Capstone/.venv/lib/python3.11/site-packages/sklearn/metrics/_scorer.py", line 350, in _score
    return self._sign * self._score_func(y_true, y_pred, **scoring_kwargs)
                        ^^^^^^^^^^^^^^^^^^^^^^^^^^^^^^^^^^^^^^^^^^^^^^^^^^
  File "/Users/ramsundar/Documents/IITM-Graded-Projects/Capstone/.venv/lib/python3.11/site-packages/pycaret/internal/metrics.py", line 144, in __call__
    return self.score_func(y_true, y_pred, **kwargs)
           ^^^^^^^^^^^^^^^^^^^^^^^^^^^^^^^^^^^^^^^^^
  File "/Users/ramsundar/Documents/IITM-Graded-Projects/Capstone/.venv/lib/python3.11/site-packages/sklearn/utils/_param_validation.py", line 213, in wrapper
    return func(*args, **kwargs)
           ^^^^^^^^^^^^^^^^^^^^^
  File "/Users/ramsundar/Documents/IITM-Graded-Projects/Capstone/.venv/lib/python3.11/site-packages/sklearn/metrics/_ranking.py", line 634, in roc_auc_score
    return _multiclass_roc_auc_score(
           ^^^^^^^^^^^^^^^^^^^^^^^^^^
  File "/Users/ramsundar/Documents/IITM-Graded-Projects/Capstone/.venv/lib/python3.11/site-packages/sklearn/metrics/_ranking.py", line 707, in _multiclass_roc_auc_score
    raise ValueError(
ValueError: Target scores need to be probabilities for multiclass roc_auc, i.e. they should sum up to 1.0 over classes

  warnings.warn(

2026-05-01 15:38:40,573:WARNING:/Users/ramsundar/Documents/IITM-Graded-Projects/Capstone/.venv/lib/python3.11/site-packages/sklearn/metrics/_classification.py:1561: UserWarning: Note that pos_label (set to 'Rejected') is ignored when average != 'binary' (got 'weighted'). You may use labels=[pos_label] to specify a single positive class.
  warnings.warn(

2026-05-01 15:38:40,575:WARNING:/Users/ramsundar/Documents/IITM-Graded-Projects/Capstone/.venv/lib/python3.11/site-packages/sklearn/metrics/_classification.py:1561: UserWarning: Note that pos_label (set to 'Rejected') is ignored when average != 'binary' (got 'weighted'). You may use labels=[pos_label] to specify a single positive class.
  warnings.warn(

2026-05-01 15:38:40,575:WARNING:/Users/ramsundar/Documents/IITM-Graded-Projects/Capstone/.venv/lib/python3.11/site-packages/sklearn/metrics/_classification.py:1561: UserWarning: Note that pos_label (set to 'Rejected') is ignored when average != 'binary' (got 'weighted'). You may use labels=[pos_label] to specify a single positive class.
  warnings.warn(

2026-05-01 15:38:40,577:WARNING:/Users/ramsundar/Documents/IITM-Graded-Projects/Capstone/.venv/lib/python3.11/site-packages/sklearn/metrics/_classification.py:1561: UserWarning: Note that pos_label (set to 'Rejected') is ignored when average != 'binary' (got 'weighted'). You may use labels=[pos_label] to specify a single positive class.
  warnings.warn(

2026-05-01 15:38:40,580:WARNING:/Users/ramsundar/Documents/IITM-Graded-Projects/Capstone/.venv/lib/python3.11/site-packages/sklearn/metrics/_classification.py:1561: UserWarning: Note that pos_label (set to 'Rejected') is ignored when average != 'binary' (got 'weighted'). You may use labels=[pos_label] to specify a single positive class.
  warnings.warn(

2026-05-01 15:38:40,580:WARNING:/Users/ramsundar/Documents/IITM-Graded-Projects/Capstone/.venv/lib/python3.11/site-packages/sklearn/metrics/_classification.py:1561: UserWarning: Note that pos_label (set to 'Rejected') is ignored when average != 'binary' (got 'weighted'). You may use labels=[pos_label] to specify a single positive class.
  warnings.warn(

2026-05-01 15:38:40,581:WARNING:/Users/ramsundar/Documents/IITM-Graded-Projects/Capstone/.venv/lib/python3.11/site-packages/sklearn/metrics/_classification.py:1561: UserWarning: Note that pos_label (set to 'Rejected') is ignored when average != 'binary' (got 'weighted'). You may use labels=[pos_label] to specify a single positive class.
  warnings.warn(

2026-05-01 15:38:40,585:WARNING:/Users/ramsundar/Documents/IITM-Graded-Projects/Capstone/.venv/lib/python3.11/site-packages/sklearn/metrics/_classification.py:1561: UserWarning: Note that pos_label (set to 'Rejected') is ignored when average != 'binary' (got 'weighted'). You may use labels=[pos_label] to specify a single positive class.
  warnings.warn(

2026-05-01 15:38:40,897:WARNING:/Users/ramsundar/Documents/IITM-Graded-Projects/Capstone/.venv/lib/python3.11/site-packages/pycaret/internal/metrics.py:204: FitFailedWarning: Metric 'make_scorer(roc_auc_score, response_method=('decision_function', 'predict_proba'), average=weighted, multi_class=ovr)' failed and error score 0.0 has been returned instead. If this is a custom metric, this usually means that the error is in the metric code. Full exception below:
Traceback (most recent call last):
  File "/Users/ramsundar/Documents/IITM-Graded-Projects/Capstone/.venv/lib/python3.11/site-packages/pycaret/internal/metrics.py", line 196, in _score
    return super()._score(
           ^^^^^^^^^^^^^^^
  File "/Users/ramsundar/Documents/IITM-Graded-Projects/Capstone/.venv/lib/python3.11/site-packages/sklearn/metrics/_scorer.py", line 350, in _score
    return self._sign * self._score_func(y_true, y_pred, **scoring_kwargs)
                        ^^^^^^^^^^^^^^^^^^^^^^^^^^^^^^^^^^^^^^^^^^^^^^^^^^
  File "/Users/ramsundar/Documents/IITM-Graded-Projects/Capstone/.venv/lib/python3.11/site-packages/pycaret/internal/metrics.py", line 144, in __call__
    return self.score_func(y_true, y_pred, **kwargs)
           ^^^^^^^^^^^^^^^^^^^^^^^^^^^^^^^^^^^^^^^^^
  File "/Users/ramsundar/Documents/IITM-Graded-Projects/Capstone/.venv/lib/python3.11/site-packages/sklearn/utils/_param_validation.py", line 213, in wrapper
    return func(*args, **kwargs)
           ^^^^^^^^^^^^^^^^^^^^^
  File "/Users/ramsundar/Documents/IITM-Graded-Projects/Capstone/.venv/lib/python3.11/site-packages/sklearn/metrics/_ranking.py", line 634, in roc_auc_score
    return _multiclass_roc_auc_score(
           ^^^^^^^^^^^^^^^^^^^^^^^^^^
  File "/Users/ramsundar/Documents/IITM-Graded-Projects/Capstone/.venv/lib/python3.11/site-packages/sklearn/metrics/_ranking.py", line 707, in _multiclass_roc_auc_score
    raise ValueError(
ValueError: Target scores need to be probabilities for multiclass roc_auc, i.e. they should sum up to 1.0 over classes

  warnings.warn(

2026-05-01 15:38:40,899:WARNING:/Users/ramsundar/Documents/IITM-Graded-Projects/Capstone/.venv/lib/python3.11/site-packages/sklearn/metrics/_classification.py:1561: UserWarning: Note that pos_label (set to 'Rejected') is ignored when average != 'binary' (got 'weighted'). You may use labels=[pos_label] to specify a single positive class.
  warnings.warn(

2026-05-01 15:38:40,903:WARNING:/Users/ramsundar/Documents/IITM-Graded-Projects/Capstone/.venv/lib/python3.11/site-packages/sklearn/metrics/_classification.py:1561: UserWarning: Note that pos_label (set to 'Rejected') is ignored when average != 'binary' (got 'weighted'). You may use labels=[pos_label] to specify a single positive class.
  warnings.warn(

2026-05-01 15:38:40,908:WARNING:/Users/ramsundar/Documents/IITM-Graded-Projects/Capstone/.venv/lib/python3.11/site-packages/sklearn/metrics/_classification.py:1561: UserWarning: Note that pos_label (set to 'Rejected') is ignored when average != 'binary' (got 'weighted'). You may use labels=[pos_label] to specify a single positive class.
  warnings.warn(

2026-05-01 15:38:56,419:WARNING:/Users/ramsundar/Documents/IITM-Graded-Projects/Capstone/.venv/lib/python3.11/site-packages/sklearn/metrics/_classification.py:1561: UserWarning: Note that pos_label (set to 'Rejected') is ignored when average != 'binary' (got 'weighted'). You may use labels=[pos_label] to specify a single positive class.
  warnings.warn(

2026-05-01 15:38:56,424:WARNING:/Users/ramsundar/Documents/IITM-Graded-Projects/Capstone/.venv/lib/python3.11/site-packages/sklearn/metrics/_classification.py:1561: UserWarning: Note that pos_label (set to 'Rejected') is ignored when average != 'binary' (got 'weighted'). You may use labels=[pos_label] to specify a single positive class.
  warnings.warn(

2026-05-01 15:38:56,429:WARNING:/Users/ramsundar/Documents/IITM-Graded-Projects/Capstone/.venv/lib/python3.11/site-packages/sklearn/metrics/_classification.py:1561: UserWarning: Note that pos_label (set to 'Rejected') is ignored when average != 'binary' (got 'weighted'). You may use labels=[pos_label] to specify a single positive class.
  warnings.warn(

2026-05-01 15:38:56,739:WARNING:/Users/ramsundar/Documents/IITM-Graded-Projects/Capstone/.venv/lib/python3.11/site-packages/sklearn/metrics/_classification.py:1561: UserWarning: Note that pos_label (set to 'Rejected') is ignored when average != 'binary' (got 'weighted'). You may use labels=[pos_label] to specify a single positive class.
  warnings.warn(

2026-05-01 15:38:56,747:WARNING:/Users/ramsundar/Documents/IITM-Graded-Projects/Capstone/.venv/lib/python3.11/site-packages/sklearn/metrics/_classification.py:1561: UserWarning: Note that pos_label (set to 'Rejected') is ignored when average != 'binary' (got 'weighted'). You may use labels=[pos_label] to specify a single positive class.
  warnings.warn(

2026-05-01 15:38:56,753:WARNING:/Users/ramsundar/Documents/IITM-Graded-Projects/Capstone/.venv/lib/python3.11/site-packages/sklearn/metrics/_classification.py:1561: UserWarning: Note that pos_label (set to 'Rejected') is ignored when average != 'binary' (got 'weighted'). You may use labels=[pos_label] to specify a single positive class.
  warnings.warn(

2026-05-01 15:38:56,790:WARNING:/Users/ramsundar/Documents/IITM-Graded-Projects/Capstone/.venv/lib/python3.11/site-packages/sklearn/metrics/_classification.py:1561: UserWarning: Note that pos_label (set to 'Rejected') is ignored when average != 'binary' (got 'weighted'). You may use labels=[pos_label] to specify a single positive class.
  warnings.warn(

2026-05-01 15:38:56,795:WARNING:/Users/ramsundar/Documents/IITM-Graded-Projects/Capstone/.venv/lib/python3.11/site-packages/sklearn/metrics/_classification.py:1561: UserWarning: Note that pos_label (set to 'Rejected') is ignored when average != 'binary' (got 'weighted'). You may use labels=[pos_label] to specify a single positive class.
  warnings.warn(

2026-05-01 15:38:56,799:WARNING:/Users/ramsundar/Documents/IITM-Graded-Projects/Capstone/.venv/lib/python3.11/site-packages/sklearn/metrics/_classification.py:1561: UserWarning: Note that pos_label (set to 'Rejected') is ignored when average != 'binary' (got 'weighted'). You may use labels=[pos_label] to specify a single positive class.
  warnings.warn(

2026-05-01 15:38:56,807:WARNING:/Users/ramsundar/Documents/IITM-Graded-Projects/Capstone/.venv/lib/python3.11/site-packages/sklearn/metrics/_classification.py:1561: UserWarning: Note that pos_label (set to 'Rejected') is ignored when average != 'binary' (got 'weighted'). You may use labels=[pos_label] to specify a single positive class.
  warnings.warn(

2026-05-01 15:38:56,813:WARNING:/Users/ramsundar/Documents/IITM-Graded-Projects/Capstone/.venv/lib/python3.11/site-packages/sklearn/metrics/_classification.py:1561: UserWarning: Note that pos_label (set to 'Rejected') is ignored when average != 'binary' (got 'weighted'). You may use labels=[pos_label] to specify a single positive class.
  warnings.warn(

2026-05-01 15:38:56,817:WARNING:/Users/ramsundar/Documents/IITM-Graded-Projects/Capstone/.venv/lib/python3.11/site-packages/sklearn/metrics/_classification.py:1561: UserWarning: Note that pos_label (set to 'Rejected') is ignored when average != 'binary' (got 'weighted'). You may use labels=[pos_label] to specify a single positive class.
  warnings.warn(

2026-05-01 15:38:56,819:WARNING:/Users/ramsundar/Documents/IITM-Graded-Projects/Capstone/.venv/lib/python3.11/site-packages/sklearn/metrics/_classification.py:1561: UserWarning: Note that pos_label (set to 'Rejected') is ignored when average != 'binary' (got 'weighted'). You may use labels=[pos_label] to specify a single positive class.
  warnings.warn(

2026-05-01 15:38:56,825:WARNING:/Users/ramsundar/Documents/IITM-Graded-Projects/Capstone/.venv/lib/python3.11/site-packages/sklearn/metrics/_classification.py:1561: UserWarning: Note that pos_label (set to 'Rejected') is ignored when average != 'binary' (got 'weighted'). You may use labels=[pos_label] to specify a single positive class.
  warnings.warn(

2026-05-01 15:38:56,832:WARNING:/Users/ramsundar/Documents/IITM-Graded-Projects/Capstone/.venv/lib/python3.11/site-packages/sklearn/metrics/_classification.py:1561: UserWarning: Note that pos_label (set to 'Rejected') is ignored when average != 'binary' (got 'weighted'). You may use labels=[pos_label] to specify a single positive class.
  warnings.warn(

2026-05-01 15:38:56,871:WARNING:/Users/ramsundar/Documents/IITM-Graded-Projects/Capstone/.venv/lib/python3.11/site-packages/sklearn/metrics/_classification.py:1561: UserWarning: Note that pos_label (set to 'Rejected') is ignored when average != 'binary' (got 'weighted'). You may use labels=[pos_label] to specify a single positive class.
  warnings.warn(

2026-05-01 15:38:56,876:WARNING:/Users/ramsundar/Documents/IITM-Graded-Projects/Capstone/.venv/lib/python3.11/site-packages/sklearn/metrics/_classification.py:1561: UserWarning: Note that pos_label (set to 'Rejected') is ignored when average != 'binary' (got 'weighted'). You may use labels=[pos_label] to specify a single positive class.
  warnings.warn(

2026-05-01 15:38:56,881:WARNING:/Users/ramsundar/Documents/IITM-Graded-Projects/Capstone/.venv/lib/python3.11/site-packages/sklearn/metrics/_classification.py:1561: UserWarning: Note that pos_label (set to 'Rejected') is ignored when average != 'binary' (got 'weighted'). You may use labels=[pos_label] to specify a single positive class.
  warnings.warn(

2026-05-01 15:38:56,926:WARNING:/Users/ramsundar/Documents/IITM-Graded-Projects/Capstone/.venv/lib/python3.11/site-packages/sklearn/metrics/_classification.py:1561: UserWarning: Note that pos_label (set to 'Rejected') is ignored when average != 'binary' (got 'weighted'). You may use labels=[pos_label] to specify a single positive class.
  warnings.warn(

2026-05-01 15:38:56,930:WARNING:/Users/ramsundar/Documents/IITM-Graded-Projects/Capstone/.venv/lib/python3.11/site-packages/sklearn/metrics/_classification.py:1561: UserWarning: Note that pos_label (set to 'Rejected') is ignored when average != 'binary' (got 'weighted'). You may use labels=[pos_label] to specify a single positive class.
  warnings.warn(

2026-05-01 15:38:56,933:WARNING:/Users/ramsundar/Documents/IITM-Graded-Projects/Capstone/.venv/lib/python3.11/site-packages/sklearn/metrics/_classification.py:1561: UserWarning: Note that pos_label (set to 'Rejected') is ignored when average != 'binary' (got 'weighted'). You may use labels=[pos_label] to specify a single positive class.
  warnings.warn(

2026-05-01 15:38:56,935:WARNING:/Users/ramsundar/Documents/IITM-Graded-Projects/Capstone/.venv/lib/python3.11/site-packages/sklearn/metrics/_classification.py:1561: UserWarning: Note that pos_label (set to 'Rejected') is ignored when average != 'binary' (got 'weighted'). You may use labels=[pos_label] to specify a single positive class.
  warnings.warn(

2026-05-01 15:38:56,938:WARNING:/Users/ramsundar/Documents/IITM-Graded-Projects/Capstone/.venv/lib/python3.11/site-packages/sklearn/metrics/_classification.py:1561: UserWarning: Note that pos_label (set to 'Rejected') is ignored when average != 'binary' (got 'weighted'). You may use labels=[pos_label] to specify a single positive class.
  warnings.warn(

2026-05-01 15:38:56,944:WARNING:/Users/ramsundar/Documents/IITM-Graded-Projects/Capstone/.venv/lib/python3.11/site-packages/sklearn/metrics/_classification.py:1561: UserWarning: Note that pos_label (set to 'Rejected') is ignored when average != 'binary' (got 'weighted'). You may use labels=[pos_label] to specify a single positive class.
  warnings.warn(

2026-05-01 15:38:56,962:WARNING:/Users/ramsundar/Documents/IITM-Graded-Projects/Capstone/.venv/lib/python3.11/site-packages/sklearn/metrics/_classification.py:1561: UserWarning: Note that pos_label (set to 'Rejected') is ignored when average != 'binary' (got 'weighted'). You may use labels=[pos_label] to specify a single positive class.
  warnings.warn(

2026-05-01 15:38:56,967:WARNING:/Users/ramsundar/Documents/IITM-Graded-Projects/Capstone/.venv/lib/python3.11/site-packages/sklearn/metrics/_classification.py:1561: UserWarning: Note that pos_label (set to 'Rejected') is ignored when average != 'binary' (got 'weighted'). You may use labels=[pos_label] to specify a single positive class.
  warnings.warn(

2026-05-01 15:38:56,971:WARNING:/Users/ramsundar/Documents/IITM-Graded-Projects/Capstone/.venv/lib/python3.11/site-packages/sklearn/metrics/_classification.py:1561: UserWarning: Note that pos_label (set to 'Rejected') is ignored when average != 'binary' (got 'weighted'). You may use labels=[pos_label] to specify a single positive class.
  warnings.warn(

2026-05-01 15:38:57,032:WARNING:/Users/ramsundar/Documents/IITM-Graded-Projects/Capstone/.venv/lib/python3.11/site-packages/sklearn/metrics/_classification.py:1561: UserWarning: Note that pos_label (set to 'Rejected') is ignored when average != 'binary' (got 'weighted'). You may use labels=[pos_label] to specify a single positive class.
  warnings.warn(

2026-05-01 15:38:57,036:WARNING:/Users/ramsundar/Documents/IITM-Graded-Projects/Capstone/.venv/lib/python3.11/site-packages/sklearn/metrics/_classification.py:1561: UserWarning: Note that pos_label (set to 'Rejected') is ignored when average != 'binary' (got 'weighted'). You may use labels=[pos_label] to specify a single positive class.
  warnings.warn(

2026-05-01 15:38:57,041:WARNING:/Users/ramsundar/Documents/IITM-Graded-Projects/Capstone/.venv/lib/python3.11/site-packages/sklearn/metrics/_classification.py:1561: UserWarning: Note that pos_label (set to 'Rejected') is ignored when average != 'binary' (got 'weighted'). You may use labels=[pos_label] to specify a single positive class.
  warnings.warn(

2026-05-01 15:39:06,661:WARNING:/Users/ramsundar/Documents/IITM-Graded-Projects/Capstone/.venv/lib/python3.11/site-packages/pycaret/internal/metrics.py:204: FitFailedWarning: Metric 'make_scorer(roc_auc_score, response_method=('decision_function', 'predict_proba'), average=weighted, multi_class=ovr)' failed and error score 0.0 has been returned instead. If this is a custom metric, this usually means that the error is in the metric code. Full exception below:
Traceback (most recent call last):
  File "/Users/ramsundar/Documents/IITM-Graded-Projects/Capstone/.venv/lib/python3.11/site-packages/pycaret/internal/metrics.py", line 196, in _score
    return super()._score(
           ^^^^^^^^^^^^^^^
  File "/Users/ramsundar/Documents/IITM-Graded-Projects/Capstone/.venv/lib/python3.11/site-packages/sklearn/metrics/_scorer.py", line 350, in _score
    return self._sign * self._score_func(y_true, y_pred, **scoring_kwargs)
                        ^^^^^^^^^^^^^^^^^^^^^^^^^^^^^^^^^^^^^^^^^^^^^^^^^^
  File "/Users/ramsundar/Documents/IITM-Graded-Projects/Capstone/.venv/lib/python3.11/site-packages/pycaret/internal/metrics.py", line 144, in __call__
    return self.score_func(y_true, y_pred, **kwargs)
           ^^^^^^^^^^^^^^^^^^^^^^^^^^^^^^^^^^^^^^^^^
  File "/Users/ramsundar/Documents/IITM-Graded-Projects/Capstone/.venv/lib/python3.11/site-packages/sklearn/utils/_param_validation.py", line 213, in wrapper
    return func(*args, **kwargs)
           ^^^^^^^^^^^^^^^^^^^^^
  File "/Users/ramsundar/Documents/IITM-Graded-Projects/Capstone/.venv/lib/python3.11/site-packages/sklearn/metrics/_ranking.py", line 634, in roc_auc_score
    return _multiclass_roc_auc_score(
           ^^^^^^^^^^^^^^^^^^^^^^^^^^
  File "/Users/ramsundar/Documents/IITM-Graded-Projects/Capstone/.venv/lib/python3.11/site-packages/sklearn/metrics/_ranking.py", line 707, in _multiclass_roc_auc_score
    raise ValueError(
ValueError: Target scores need to be probabilities for multiclass roc_auc, i.e. they should sum up to 1.0 over classes

  warnings.warn(

2026-05-01 15:39:06,664:WARNING:/Users/ramsundar/Documents/IITM-Graded-Projects/Capstone/.venv/lib/python3.11/site-packages/sklearn/metrics/_classification.py:1561: UserWarning: Note that pos_label (set to 'Rejected') is ignored when average != 'binary' (got 'weighted'). You may use labels=[pos_label] to specify a single positive class.
  warnings.warn(

2026-05-01 15:39:06,668:WARNING:/Users/ramsundar/Documents/IITM-Graded-Projects/Capstone/.venv/lib/python3.11/site-packages/sklearn/metrics/_classification.py:1561: UserWarning: Note that pos_label (set to 'Rejected') is ignored when average != 'binary' (got 'weighted'). You may use labels=[pos_label] to specify a single positive class.
  warnings.warn(

2026-05-01 15:39:06,669:WARNING:/Users/ramsundar/Documents/IITM-Graded-Projects/Capstone/.venv/lib/python3.11/site-packages/pycaret/internal/metrics.py:204: FitFailedWarning: Metric 'make_scorer(roc_auc_score, response_method=('decision_function', 'predict_proba'), average=weighted, multi_class=ovr)' failed and error score 0.0 has been returned instead. If this is a custom metric, this usually means that the error is in the metric code. Full exception below:
Traceback (most recent call last):
  File "/Users/ramsundar/Documents/IITM-Graded-Projects/Capstone/.venv/lib/python3.11/site-packages/pycaret/internal/metrics.py", line 196, in _score
    return super()._score(
           ^^^^^^^^^^^^^^^
  File "/Users/ramsundar/Documents/IITM-Graded-Projects/Capstone/.venv/lib/python3.11/site-packages/sklearn/metrics/_scorer.py", line 350, in _score
    return self._sign * self._score_func(y_true, y_pred, **scoring_kwargs)
                        ^^^^^^^^^^^^^^^^^^^^^^^^^^^^^^^^^^^^^^^^^^^^^^^^^^
  File "/Users/ramsundar/Documents/IITM-Graded-Projects/Capstone/.venv/lib/python3.11/site-packages/pycaret/internal/metrics.py", line 144, in __call__
    return self.score_func(y_true, y_pred, **kwargs)
           ^^^^^^^^^^^^^^^^^^^^^^^^^^^^^^^^^^^^^^^^^
  File "/Users/ramsundar/Documents/IITM-Graded-Projects/Capstone/.venv/lib/python3.11/site-packages/sklearn/utils/_param_validation.py", line 213, in wrapper
    return func(*args, **kwargs)
           ^^^^^^^^^^^^^^^^^^^^^
  File "/Users/ramsundar/Documents/IITM-Graded-Projects/Capstone/.venv/lib/python3.11/site-packages/sklearn/metrics/_ranking.py", line 634, in roc_auc_score
    return _multiclass_roc_auc_score(
           ^^^^^^^^^^^^^^^^^^^^^^^^^^
  File "/Users/ramsundar/Documents/IITM-Graded-Projects/Capstone/.venv/lib/python3.11/site-packages/sklearn/metrics/_ranking.py", line 707, in _multiclass_roc_auc_score
    raise ValueError(
ValueError: Target scores need to be probabilities for multiclass roc_auc, i.e. they should sum up to 1.0 over classes

  warnings.warn(

2026-05-01 15:39:06,674:WARNING:/Users/ramsundar/Documents/IITM-Graded-Projects/Capstone/.venv/lib/python3.11/site-packages/sklearn/metrics/_classification.py:1561: UserWarning: Note that pos_label (set to 'Rejected') is ignored when average != 'binary' (got 'weighted'). You may use labels=[pos_label] to specify a single positive class.
  warnings.warn(

2026-05-01 15:39:06,674:WARNING:/Users/ramsundar/Documents/IITM-Graded-Projects/Capstone/.venv/lib/python3.11/site-packages/sklearn/metrics/_classification.py:1561: UserWarning: Note that pos_label (set to 'Rejected') is ignored when average != 'binary' (got 'weighted'). You may use labels=[pos_label] to specify a single positive class.
  warnings.warn(

2026-05-01 15:39:06,675:WARNING:/Users/ramsundar/Documents/IITM-Graded-Projects/Capstone/.venv/lib/python3.11/site-packages/pycaret/internal/metrics.py:204: FitFailedWarning: Metric 'make_scorer(roc_auc_score, response_method=('decision_function', 'predict_proba'), average=weighted, multi_class=ovr)' failed and error score 0.0 has been returned instead. If this is a custom metric, this usually means that the error is in the metric code. Full exception below:
Traceback (most recent call last):
  File "/Users/ramsundar/Documents/IITM-Graded-Projects/Capstone/.venv/lib/python3.11/site-packages/pycaret/internal/metrics.py", line 196, in _score
    return super()._score(
           ^^^^^^^^^^^^^^^
  File "/Users/ramsundar/Documents/IITM-Graded-Projects/Capstone/.venv/lib/python3.11/site-packages/sklearn/metrics/_scorer.py", line 350, in _score
    return self._sign * self._score_func(y_true, y_pred, **scoring_kwargs)
                        ^^^^^^^^^^^^^^^^^^^^^^^^^^^^^^^^^^^^^^^^^^^^^^^^^^
  File "/Users/ramsundar/Documents/IITM-Graded-Projects/Capstone/.venv/lib/python3.11/site-packages/pycaret/internal/metrics.py", line 144, in __call__
    return self.score_func(y_true, y_pred, **kwargs)
           ^^^^^^^^^^^^^^^^^^^^^^^^^^^^^^^^^^^^^^^^^
  File "/Users/ramsundar/Documents/IITM-Graded-Projects/Capstone/.venv/lib/python3.11/site-packages/sklearn/utils/_param_validation.py", line 213, in wrapper
    return func(*args, **kwargs)
           ^^^^^^^^^^^^^^^^^^^^^
  File "/Users/ramsundar/Documents/IITM-Graded-Projects/Capstone/.venv/lib/python3.11/site-packages/sklearn/metrics/_ranking.py", line 634, in roc_auc_score
    return _multiclass_roc_auc_score(
           ^^^^^^^^^^^^^^^^^^^^^^^^^^
  File "/Users/ramsundar/Documents/IITM-Graded-Projects/Capstone/.venv/lib/python3.11/site-packages/sklearn/metrics/_ranking.py", line 707, in _multiclass_roc_auc_score
    raise ValueError(
ValueError: Target scores need to be probabilities for multiclass roc_auc, i.e. they should sum up to 1.0 over classes

  warnings.warn(

2026-05-01 15:39:06,678:WARNING:/Users/ramsundar/Documents/IITM-Graded-Projects/Capstone/.venv/lib/python3.11/site-packages/sklearn/metrics/_classification.py:1561: UserWarning: Note that pos_label (set to 'Rejected') is ignored when average != 'binary' (got 'weighted'). You may use labels=[pos_label] to specify a single positive class.
  warnings.warn(

2026-05-01 15:39:06,685:WARNING:/Users/ramsundar/Documents/IITM-Graded-Projects/Capstone/.venv/lib/python3.11/site-packages/sklearn/metrics/_classification.py:1561: UserWarning: Note that pos_label (set to 'Rejected') is ignored when average != 'binary' (got 'weighted'). You may use labels=[pos_label] to specify a single positive class.
  warnings.warn(

2026-05-01 15:39:06,687:WARNING:/Users/ramsundar/Documents/IITM-Graded-Projects/Capstone/.venv/lib/python3.11/site-packages/sklearn/metrics/_classification.py:1561: UserWarning: Note that pos_label (set to 'Rejected') is ignored when average != 'binary' (got 'weighted'). You may use labels=[pos_label] to specify a single positive class.
  warnings.warn(

2026-05-01 15:39:06,693:WARNING:/Users/ramsundar/Documents/IITM-Graded-Projects/Capstone/.venv/lib/python3.11/site-packages/sklearn/metrics/_classification.py:1561: UserWarning: Note that pos_label (set to 'Rejected') is ignored when average != 'binary' (got 'weighted'). You may use labels=[pos_label] to specify a single positive class.
  warnings.warn(

2026-05-01 15:39:06,695:WARNING:/Users/ramsundar/Documents/IITM-Graded-Projects/Capstone/.venv/lib/python3.11/site-packages/sklearn/metrics/_classification.py:1561: UserWarning: Note that pos_label (set to 'Rejected') is ignored when average != 'binary' (got 'weighted'). You may use labels=[pos_label] to specify a single positive class.
  warnings.warn(

2026-05-01 15:39:06,716:WARNING:/Users/ramsundar/Documents/IITM-Graded-Projects/Capstone/.venv/lib/python3.11/site-packages/pycaret/internal/metrics.py:204: FitFailedWarning: Metric 'make_scorer(roc_auc_score, response_method=('decision_function', 'predict_proba'), average=weighted, multi_class=ovr)' failed and error score 0.0 has been returned instead. If this is a custom metric, this usually means that the error is in the metric code. Full exception below:
Traceback (most recent call last):
  File "/Users/ramsundar/Documents/IITM-Graded-Projects/Capstone/.venv/lib/python3.11/site-packages/pycaret/internal/metrics.py", line 196, in _score
    return super()._score(
           ^^^^^^^^^^^^^^^
  File "/Users/ramsundar/Documents/IITM-Graded-Projects/Capstone/.venv/lib/python3.11/site-packages/sklearn/metrics/_scorer.py", line 350, in _score
    return self._sign * self._score_func(y_true, y_pred, **scoring_kwargs)
                        ^^^^^^^^^^^^^^^^^^^^^^^^^^^^^^^^^^^^^^^^^^^^^^^^^^
  File "/Users/ramsundar/Documents/IITM-Graded-Projects/Capstone/.venv/lib/python3.11/site-packages/pycaret/internal/metrics.py", line 144, in __call__
    return self.score_func(y_true, y_pred, **kwargs)
           ^^^^^^^^^^^^^^^^^^^^^^^^^^^^^^^^^^^^^^^^^
  File "/Users/ramsundar/Documents/IITM-Graded-Projects/Capstone/.venv/lib/python3.11/site-packages/sklearn/utils/_param_validation.py", line 213, in wrapper
    return func(*args, **kwargs)
           ^^^^^^^^^^^^^^^^^^^^^
  File "/Users/ramsundar/Documents/IITM-Graded-Projects/Capstone/.venv/lib/python3.11/site-packages/sklearn/metrics/_ranking.py", line 634, in roc_auc_score
    return _multiclass_roc_auc_score(
           ^^^^^^^^^^^^^^^^^^^^^^^^^^
  File "/Users/ramsundar/Documents/IITM-Graded-Projects/Capstone/.venv/lib/python3.11/site-packages/sklearn/metrics/_ranking.py", line 707, in _multiclass_roc_auc_score
    raise ValueError(
ValueError: Target scores need to be probabilities for multiclass roc_auc, i.e. they should sum up to 1.0 over classes

  warnings.warn(

2026-05-01 15:39:06,720:WARNING:/Users/ramsundar/Documents/IITM-Graded-Projects/Capstone/.venv/lib/python3.11/site-packages/sklearn/metrics/_classification.py:1561: UserWarning: Note that pos_label (set to 'Rejected') is ignored when average != 'binary' (got 'weighted'). You may use labels=[pos_label] to specify a single positive class.
  warnings.warn(

2026-05-01 15:39:06,723:WARNING:/Users/ramsundar/Documents/IITM-Graded-Projects/Capstone/.venv/lib/python3.11/site-packages/pycaret/internal/metrics.py:204: FitFailedWarning: Metric 'make_scorer(roc_auc_score, response_method=('decision_function', 'predict_proba'), average=weighted, multi_class=ovr)' failed and error score 0.0 has been returned instead. If this is a custom metric, this usually means that the error is in the metric code. Full exception below:
Traceback (most recent call last):
  File "/Users/ramsundar/Documents/IITM-Graded-Projects/Capstone/.venv/lib/python3.11/site-packages/pycaret/internal/metrics.py", line 196, in _score
    return super()._score(
           ^^^^^^^^^^^^^^^
  File "/Users/ramsundar/Documents/IITM-Graded-Projects/Capstone/.venv/lib/python3.11/site-packages/sklearn/metrics/_scorer.py", line 350, in _score
    return self._sign * self._score_func(y_true, y_pred, **scoring_kwargs)
                        ^^^^^^^^^^^^^^^^^^^^^^^^^^^^^^^^^^^^^^^^^^^^^^^^^^
  File "/Users/ramsundar/Documents/IITM-Graded-Projects/Capstone/.venv/lib/python3.11/site-packages/pycaret/internal/metrics.py", line 144, in __call__
    return self.score_func(y_true, y_pred, **kwargs)
           ^^^^^^^^^^^^^^^^^^^^^^^^^^^^^^^^^^^^^^^^^
  File "/Users/ramsundar/Documents/IITM-Graded-Projects/Capstone/.venv/lib/python3.11/site-packages/sklearn/utils/_param_validation.py", line 213, in wrapper
    return func(*args, **kwargs)
           ^^^^^^^^^^^^^^^^^^^^^
  File "/Users/ramsundar/Documents/IITM-Graded-Projects/Capstone/.venv/lib/python3.11/site-packages/sklearn/metrics/_ranking.py", line 634, in roc_auc_score
    return _multiclass_roc_auc_score(
           ^^^^^^^^^^^^^^^^^^^^^^^^^^
  File "/Users/ramsundar/Documents/IITM-Graded-Projects/Capstone/.venv/lib/python3.11/site-packages/sklearn/metrics/_ranking.py", line 707, in _multiclass_roc_auc_score
    raise ValueError(
ValueError: Target scores need to be probabilities for multiclass roc_auc, i.e. they should sum up to 1.0 over classes

  warnings.warn(

2026-05-01 15:39:06,725:WARNING:/Users/ramsundar/Documents/IITM-Graded-Projects/Capstone/.venv/lib/python3.11/site-packages/sklearn/metrics/_classification.py:1561: UserWarning: Note that pos_label (set to 'Rejected') is ignored when average != 'binary' (got 'weighted'). You may use labels=[pos_label] to specify a single positive class.
  warnings.warn(

2026-05-01 15:39:06,729:WARNING:/Users/ramsundar/Documents/IITM-Graded-Projects/Capstone/.venv/lib/python3.11/site-packages/sklearn/metrics/_classification.py:1561: UserWarning: Note that pos_label (set to 'Rejected') is ignored when average != 'binary' (got 'weighted'). You may use labels=[pos_label] to specify a single positive class.
  warnings.warn(

2026-05-01 15:39:06,733:WARNING:/Users/ramsundar/Documents/IITM-Graded-Projects/Capstone/.venv/lib/python3.11/site-packages/sklearn/metrics/_classification.py:1561: UserWarning: Note that pos_label (set to 'Rejected') is ignored when average != 'binary' (got 'weighted'). You may use labels=[pos_label] to specify a single positive class.
  warnings.warn(

2026-05-01 15:39:06,737:WARNING:/Users/ramsundar/Documents/IITM-Graded-Projects/Capstone/.venv/lib/python3.11/site-packages/sklearn/metrics/_classification.py:1561: UserWarning: Note that pos_label (set to 'Rejected') is ignored when average != 'binary' (got 'weighted'). You may use labels=[pos_label] to specify a single positive class.
  warnings.warn(

2026-05-01 15:39:06,742:WARNING:/Users/ramsundar/Documents/IITM-Graded-Projects/Capstone/.venv/lib/python3.11/site-packages/sklearn/metrics/_classification.py:1561: UserWarning: Note that pos_label (set to 'Rejected') is ignored when average != 'binary' (got 'weighted'). You may use labels=[pos_label] to specify a single positive class.
  warnings.warn(

2026-05-01 15:39:06,763:WARNING:/Users/ramsundar/Documents/IITM-Graded-Projects/Capstone/.venv/lib/python3.11/site-packages/pycaret/internal/metrics.py:204: FitFailedWarning: Metric 'make_scorer(roc_auc_score, response_method=('decision_function', 'predict_proba'), average=weighted, multi_class=ovr)' failed and error score 0.0 has been returned instead. If this is a custom metric, this usually means that the error is in the metric code. Full exception below:
Traceback (most recent call last):
  File "/Users/ramsundar/Documents/IITM-Graded-Projects/Capstone/.venv/lib/python3.11/site-packages/pycaret/internal/metrics.py", line 196, in _score
    return super()._score(
           ^^^^^^^^^^^^^^^
  File "/Users/ramsundar/Documents/IITM-Graded-Projects/Capstone/.venv/lib/python3.11/site-packages/sklearn/metrics/_scorer.py", line 350, in _score
    return self._sign * self._score_func(y_true, y_pred, **scoring_kwargs)
                        ^^^^^^^^^^^^^^^^^^^^^^^^^^^^^^^^^^^^^^^^^^^^^^^^^^
  File "/Users/ramsundar/Documents/IITM-Graded-Projects/Capstone/.venv/lib/python3.11/site-packages/pycaret/internal/metrics.py", line 144, in __call__
    return self.score_func(y_true, y_pred, **kwargs)
           ^^^^^^^^^^^^^^^^^^^^^^^^^^^^^^^^^^^^^^^^^
  File "/Users/ramsundar/Documents/IITM-Graded-Projects/Capstone/.venv/lib/python3.11/site-packages/sklearn/utils/_param_validation.py", line 213, in wrapper
    return func(*args, **kwargs)
           ^^^^^^^^^^^^^^^^^^^^^
  File "/Users/ramsundar/Documents/IITM-Graded-Projects/Capstone/.venv/lib/python3.11/site-packages/sklearn/metrics/_ranking.py", line 634, in roc_auc_score
    return _multiclass_roc_auc_score(
           ^^^^^^^^^^^^^^^^^^^^^^^^^^
  File "/Users/ramsundar/Documents/IITM-Graded-Projects/Capstone/.venv/lib/python3.11/site-packages/sklearn/metrics/_ranking.py", line 707, in _multiclass_roc_auc_score
    raise ValueError(
ValueError: Target scores need to be probabilities for multiclass roc_auc, i.e. they should sum up to 1.0 over classes

  warnings.warn(

2026-05-01 15:39:06,768:WARNING:/Users/ramsundar/Documents/IITM-Graded-Projects/Capstone/.venv/lib/python3.11/site-packages/sklearn/metrics/_classification.py:1561: UserWarning: Note that pos_label (set to 'Rejected') is ignored when average != 'binary' (got 'weighted'). You may use labels=[pos_label] to specify a single positive class.
  warnings.warn(

2026-05-01 15:39:06,779:WARNING:/Users/ramsundar/Documents/IITM-Graded-Projects/Capstone/.venv/lib/python3.11/site-packages/sklearn/metrics/_classification.py:1561: UserWarning: Note that pos_label (set to 'Rejected') is ignored when average != 'binary' (got 'weighted'). You may use labels=[pos_label] to specify a single positive class.
  warnings.warn(

2026-05-01 15:39:06,788:WARNING:/Users/ramsundar/Documents/IITM-Graded-Projects/Capstone/.venv/lib/python3.11/site-packages/sklearn/metrics/_classification.py:1561: UserWarning: Note that pos_label (set to 'Rejected') is ignored when average != 'binary' (got 'weighted'). You may use labels=[pos_label] to specify a single positive class.
  warnings.warn(

2026-05-01 15:39:06,797:WARNING:/Users/ramsundar/Documents/IITM-Graded-Projects/Capstone/.venv/lib/python3.11/site-packages/pycaret/internal/metrics.py:204: FitFailedWarning: Metric 'make_scorer(roc_auc_score, response_method=('decision_function', 'predict_proba'), average=weighted, multi_class=ovr)' failed and error score 0.0 has been returned instead. If this is a custom metric, this usually means that the error is in the metric code. Full exception below:
Traceback (most recent call last):
  File "/Users/ramsundar/Documents/IITM-Graded-Projects/Capstone/.venv/lib/python3.11/site-packages/pycaret/internal/metrics.py", line 196, in _score
    return super()._score(
           ^^^^^^^^^^^^^^^
  File "/Users/ramsundar/Documents/IITM-Graded-Projects/Capstone/.venv/lib/python3.11/site-packages/sklearn/metrics/_scorer.py", line 350, in _score
    return self._sign * self._score_func(y_true, y_pred, **scoring_kwargs)
                        ^^^^^^^^^^^^^^^^^^^^^^^^^^^^^^^^^^^^^^^^^^^^^^^^^^
  File "/Users/ramsundar/Documents/IITM-Graded-Projects/Capstone/.venv/lib/python3.11/site-packages/pycaret/internal/metrics.py", line 144, in __call__
    return self.score_func(y_true, y_pred, **kwargs)
           ^^^^^^^^^^^^^^^^^^^^^^^^^^^^^^^^^^^^^^^^^
  File "/Users/ramsundar/Documents/IITM-Graded-Projects/Capstone/.venv/lib/python3.11/site-packages/sklearn/utils/_param_validation.py", line 213, in wrapper
    return func(*args, **kwargs)
           ^^^^^^^^^^^^^^^^^^^^^
  File "/Users/ramsundar/Documents/IITM-Graded-Projects/Capstone/.venv/lib/python3.11/site-packages/sklearn/metrics/_ranking.py", line 634, in roc_auc_score
    return _multiclass_roc_auc_score(
           ^^^^^^^^^^^^^^^^^^^^^^^^^^
  File "/Users/ramsundar/Documents/IITM-Graded-Projects/Capstone/.venv/lib/python3.11/site-packages/sklearn/metrics/_ranking.py", line 707, in _multiclass_roc_auc_score
    raise ValueError(
ValueError: Target scores need to be probabilities for multiclass roc_auc, i.e. they should sum up to 1.0 over classes

  warnings.warn(

2026-05-01 15:39:06,799:WARNING:/Users/ramsundar/Documents/IITM-Graded-Projects/Capstone/.venv/lib/python3.11/site-packages/sklearn/metrics/_classification.py:1561: UserWarning: Note that pos_label (set to 'Rejected') is ignored when average != 'binary' (got 'weighted'). You may use labels=[pos_label] to specify a single positive class.
  warnings.warn(

2026-05-01 15:39:06,804:WARNING:/Users/ramsundar/Documents/IITM-Graded-Projects/Capstone/.venv/lib/python3.11/site-packages/sklearn/metrics/_classification.py:1561: UserWarning: Note that pos_label (set to 'Rejected') is ignored when average != 'binary' (got 'weighted'). You may use labels=[pos_label] to specify a single positive class.
  warnings.warn(

2026-05-01 15:39:06,809:WARNING:/Users/ramsundar/Documents/IITM-Graded-Projects/Capstone/.venv/lib/python3.11/site-packages/sklearn/metrics/_classification.py:1561: UserWarning: Note that pos_label (set to 'Rejected') is ignored when average != 'binary' (got 'weighted'). You may use labels=[pos_label] to specify a single positive class.
  warnings.warn(

2026-05-01 15:39:07,308:WARNING:/Users/ramsundar/Documents/IITM-Graded-Projects/Capstone/.venv/lib/python3.11/site-packages/pycaret/internal/metrics.py:204: FitFailedWarning: Metric 'make_scorer(roc_auc_score, response_method=('decision_function', 'predict_proba'), average=weighted, multi_class=ovr)' failed and error score 0.0 has been returned instead. If this is a custom metric, this usually means that the error is in the metric code. Full exception below:
Traceback (most recent call last):
  File "/Users/ramsundar/Documents/IITM-Graded-Projects/Capstone/.venv/lib/python3.11/site-packages/pycaret/internal/metrics.py", line 196, in _score
    return super()._score(
           ^^^^^^^^^^^^^^^
  File "/Users/ramsundar/Documents/IITM-Graded-Projects/Capstone/.venv/lib/python3.11/site-packages/sklearn/metrics/_scorer.py", line 350, in _score
    return self._sign * self._score_func(y_true, y_pred, **scoring_kwargs)
                        ^^^^^^^^^^^^^^^^^^^^^^^^^^^^^^^^^^^^^^^^^^^^^^^^^^
  File "/Users/ramsundar/Documents/IITM-Graded-Projects/Capstone/.venv/lib/python3.11/site-packages/pycaret/internal/metrics.py", line 144, in __call__
    return self.score_func(y_true, y_pred, **kwargs)
           ^^^^^^^^^^^^^^^^^^^^^^^^^^^^^^^^^^^^^^^^^
  File "/Users/ramsundar/Documents/IITM-Graded-Projects/Capstone/.venv/lib/python3.11/site-packages/sklearn/utils/_param_validation.py", line 213, in wrapper
    return func(*args, **kwargs)
           ^^^^^^^^^^^^^^^^^^^^^
  File "/Users/ramsundar/Documents/IITM-Graded-Projects/Capstone/.venv/lib/python3.11/site-packages/sklearn/metrics/_ranking.py", line 634, in roc_auc_score
    return _multiclass_roc_auc_score(
           ^^^^^^^^^^^^^^^^^^^^^^^^^^
  File "/Users/ramsundar/Documents/IITM-Graded-Projects/Capstone/.venv/lib/python3.11/site-packages/sklearn/metrics/_ranking.py", line 707, in _multiclass_roc_auc_score
    raise ValueError(
ValueError: Target scores need to be probabilities for multiclass roc_auc, i.e. they should sum up to 1.0 over classes

  warnings.warn(

2026-05-01 15:39:07,311:WARNING:/Users/ramsundar/Documents/IITM-Graded-Projects/Capstone/.venv/lib/python3.11/site-packages/sklearn/metrics/_classification.py:1561: UserWarning: Note that pos_label (set to 'Rejected') is ignored when average != 'binary' (got 'weighted'). You may use labels=[pos_label] to specify a single positive class.
  warnings.warn(

2026-05-01 15:39:07,315:WARNING:/Users/ramsundar/Documents/IITM-Graded-Projects/Capstone/.venv/lib/python3.11/site-packages/sklearn/metrics/_classification.py:1561: UserWarning: Note that pos_label (set to 'Rejected') is ignored when average != 'binary' (got 'weighted'). You may use labels=[pos_label] to specify a single positive class.
  warnings.warn(

2026-05-01 15:39:07,320:WARNING:/Users/ramsundar/Documents/IITM-Graded-Projects/Capstone/.venv/lib/python3.11/site-packages/sklearn/metrics/_classification.py:1561: UserWarning: Note that pos_label (set to 'Rejected') is ignored when average != 'binary' (got 'weighted'). You may use labels=[pos_label] to specify a single positive class.
  warnings.warn(

2026-05-01 15:39:07,356:WARNING:/Users/ramsundar/Documents/IITM-Graded-Projects/Capstone/.venv/lib/python3.11/site-packages/pycaret/internal/metrics.py:204: FitFailedWarning: Metric 'make_scorer(roc_auc_score, response_method=('decision_function', 'predict_proba'), average=weighted, multi_class=ovr)' failed and error score 0.0 has been returned instead. If this is a custom metric, this usually means that the error is in the metric code. Full exception below:
Traceback (most recent call last):
  File "/Users/ramsundar/Documents/IITM-Graded-Projects/Capstone/.venv/lib/python3.11/site-packages/pycaret/internal/metrics.py", line 196, in _score
    return super()._score(
           ^^^^^^^^^^^^^^^
  File "/Users/ramsundar/Documents/IITM-Graded-Projects/Capstone/.venv/lib/python3.11/site-packages/sklearn/metrics/_scorer.py", line 350, in _score
    return self._sign * self._score_func(y_true, y_pred, **scoring_kwargs)
                        ^^^^^^^^^^^^^^^^^^^^^^^^^^^^^^^^^^^^^^^^^^^^^^^^^^
  File "/Users/ramsundar/Documents/IITM-Graded-Projects/Capstone/.venv/lib/python3.11/site-packages/pycaret/internal/metrics.py", line 144, in __call__
    return self.score_func(y_true, y_pred, **kwargs)
           ^^^^^^^^^^^^^^^^^^^^^^^^^^^^^^^^^^^^^^^^^
  File "/Users/ramsundar/Documents/IITM-Graded-Projects/Capstone/.venv/lib/python3.11/site-packages/sklearn/utils/_param_validation.py", line 213, in wrapper
    return func(*args, **kwargs)
           ^^^^^^^^^^^^^^^^^^^^^
  File "/Users/ramsundar/Documents/IITM-Graded-Projects/Capstone/.venv/lib/python3.11/site-packages/sklearn/metrics/_ranking.py", line 634, in roc_auc_score
    return _multiclass_roc_auc_score(
           ^^^^^^^^^^^^^^^^^^^^^^^^^^
  File "/Users/ramsundar/Documents/IITM-Graded-Projects/Capstone/.venv/lib/python3.11/site-packages/sklearn/metrics/_ranking.py", line 707, in _multiclass_roc_auc_score
    raise ValueError(
ValueError: Target scores need to be probabilities for multiclass roc_auc, i.e. they should sum up to 1.0 over classes

  warnings.warn(

2026-05-01 15:39:07,358:WARNING:/Users/ramsundar/Documents/IITM-Graded-Projects/Capstone/.venv/lib/python3.11/site-packages/sklearn/metrics/_classification.py:1561: UserWarning: Note that pos_label (set to 'Rejected') is ignored when average != 'binary' (got 'weighted'). You may use labels=[pos_label] to specify a single positive class.
  warnings.warn(

2026-05-01 15:39:07,363:WARNING:/Users/ramsundar/Documents/IITM-Graded-Projects/Capstone/.venv/lib/python3.11/site-packages/sklearn/metrics/_classification.py:1561: UserWarning: Note that pos_label (set to 'Rejected') is ignored when average != 'binary' (got 'weighted'). You may use labels=[pos_label] to specify a single positive class.
  warnings.warn(

2026-05-01 15:39:07,367:WARNING:/Users/ramsundar/Documents/IITM-Graded-Projects/Capstone/.venv/lib/python3.11/site-packages/sklearn/metrics/_classification.py:1561: UserWarning: Note that pos_label (set to 'Rejected') is ignored when average != 'binary' (got 'weighted'). You may use labels=[pos_label] to specify a single positive class.
  warnings.warn(

2026-05-01 15:39:07,389:WARNING:/Users/ramsundar/Documents/IITM-Graded-Projects/Capstone/.venv/lib/python3.11/site-packages/pycaret/internal/metrics.py:204: FitFailedWarning: Metric 'make_scorer(roc_auc_score, response_method=('decision_function', 'predict_proba'), average=weighted, multi_class=ovr)' failed and error score 0.0 has been returned instead. If this is a custom metric, this usually means that the error is in the metric code. Full exception below:
Traceback (most recent call last):
  File "/Users/ramsundar/Documents/IITM-Graded-Projects/Capstone/.venv/lib/python3.11/site-packages/pycaret/internal/metrics.py", line 196, in _score
    return super()._score(
           ^^^^^^^^^^^^^^^
  File "/Users/ramsundar/Documents/IITM-Graded-Projects/Capstone/.venv/lib/python3.11/site-packages/sklearn/metrics/_scorer.py", line 350, in _score
    return self._sign * self._score_func(y_true, y_pred, **scoring_kwargs)
                        ^^^^^^^^^^^^^^^^^^^^^^^^^^^^^^^^^^^^^^^^^^^^^^^^^^
  File "/Users/ramsundar/Documents/IITM-Graded-Projects/Capstone/.venv/lib/python3.11/site-packages/pycaret/internal/metrics.py", line 144, in __call__
    return self.score_func(y_true, y_pred, **kwargs)
           ^^^^^^^^^^^^^^^^^^^^^^^^^^^^^^^^^^^^^^^^^
  File "/Users/ramsundar/Documents/IITM-Graded-Projects/Capstone/.venv/lib/python3.11/site-packages/sklearn/utils/_param_validation.py", line 213, in wrapper
    return func(*args, **kwargs)
           ^^^^^^^^^^^^^^^^^^^^^
  File "/Users/ramsundar/Documents/IITM-Graded-Projects/Capstone/.venv/lib/python3.11/site-packages/sklearn/metrics/_ranking.py", line 634, in roc_auc_score
    return _multiclass_roc_auc_score(
           ^^^^^^^^^^^^^^^^^^^^^^^^^^
  File "/Users/ramsundar/Documents/IITM-Graded-Projects/Capstone/.venv/lib/python3.11/site-packages/sklearn/metrics/_ranking.py", line 707, in _multiclass_roc_auc_score
    raise ValueError(
ValueError: Target scores need to be probabilities for multiclass roc_auc, i.e. they should sum up to 1.0 over classes

  warnings.warn(

2026-05-01 15:39:07,391:WARNING:/Users/ramsundar/Documents/IITM-Graded-Projects/Capstone/.venv/lib/python3.11/site-packages/sklearn/metrics/_classification.py:1561: UserWarning: Note that pos_label (set to 'Rejected') is ignored when average != 'binary' (got 'weighted'). You may use labels=[pos_label] to specify a single positive class.
  warnings.warn(

2026-05-01 15:39:07,396:WARNING:/Users/ramsundar/Documents/IITM-Graded-Projects/Capstone/.venv/lib/python3.11/site-packages/sklearn/metrics/_classification.py:1561: UserWarning: Note that pos_label (set to 'Rejected') is ignored when average != 'binary' (got 'weighted'). You may use labels=[pos_label] to specify a single positive class.
  warnings.warn(

2026-05-01 15:39:07,400:WARNING:/Users/ramsundar/Documents/IITM-Graded-Projects/Capstone/.venv/lib/python3.11/site-packages/sklearn/metrics/_classification.py:1561: UserWarning: Note that pos_label (set to 'Rejected') is ignored when average != 'binary' (got 'weighted'). You may use labels=[pos_label] to specify a single positive class.
  warnings.warn(

2026-05-01 15:39:16,976:WARNING:/Users/ramsundar/Documents/IITM-Graded-Projects/Capstone/.venv/lib/python3.11/site-packages/sklearn/ensemble/_weight_boosting.py:519: FutureWarning: The SAMME.R algorithm (the default) is deprecated and will be removed in 1.6. Use the SAMME algorithm to circumvent this warning.
  warnings.warn(

2026-05-01 15:39:17,218:WARNING:/Users/ramsundar/Documents/IITM-Graded-Projects/Capstone/.venv/lib/python3.11/site-packages/sklearn/ensemble/_weight_boosting.py:519: FutureWarning: The SAMME.R algorithm (the default) is deprecated and will be removed in 1.6. Use the SAMME algorithm to circumvent this warning.
  warnings.warn(

2026-05-01 15:39:17,229:WARNING:/Users/ramsundar/Documents/IITM-Graded-Projects/Capstone/.venv/lib/python3.11/site-packages/sklearn/ensemble/_weight_boosting.py:519: FutureWarning: The SAMME.R algorithm (the default) is deprecated and will be removed in 1.6. Use the SAMME algorithm to circumvent this warning.
  warnings.warn(

2026-05-01 15:39:17,244:WARNING:/Users/ramsundar/Documents/IITM-Graded-Projects/Capstone/.venv/lib/python3.11/site-packages/sklearn/ensemble/_weight_boosting.py:519: FutureWarning: The SAMME.R algorithm (the default) is deprecated and will be removed in 1.6. Use the SAMME algorithm to circumvent this warning.
  warnings.warn(

2026-05-01 15:39:17,249:WARNING:/Users/ramsundar/Documents/IITM-Graded-Projects/Capstone/.venv/lib/python3.11/site-packages/sklearn/ensemble/_weight_boosting.py:519: FutureWarning: The SAMME.R algorithm (the default) is deprecated and will be removed in 1.6. Use the SAMME algorithm to circumvent this warning.
  warnings.warn(

2026-05-01 15:39:18,028:WARNING:/Users/ramsundar/Documents/IITM-Graded-Projects/Capstone/.venv/lib/python3.11/site-packages/sklearn/ensemble/_weight_boosting.py:519: FutureWarning: The SAMME.R algorithm (the default) is deprecated and will be removed in 1.6. Use the SAMME algorithm to circumvent this warning.
  warnings.warn(

2026-05-01 15:39:18,096:WARNING:/Users/ramsundar/Documents/IITM-Graded-Projects/Capstone/.venv/lib/python3.11/site-packages/sklearn/ensemble/_weight_boosting.py:519: FutureWarning: The SAMME.R algorithm (the default) is deprecated and will be removed in 1.6. Use the SAMME algorithm to circumvent this warning.
  warnings.warn(

2026-05-01 15:39:18,116:WARNING:/Users/ramsundar/Documents/IITM-Graded-Projects/Capstone/.venv/lib/python3.11/site-packages/sklearn/ensemble/_weight_boosting.py:519: FutureWarning: The SAMME.R algorithm (the default) is deprecated and will be removed in 1.6. Use the SAMME algorithm to circumvent this warning.
  warnings.warn(

2026-05-01 15:39:18,117:WARNING:/Users/ramsundar/Documents/IITM-Graded-Projects/Capstone/.venv/lib/python3.11/site-packages/sklearn/ensemble/_weight_boosting.py:519: FutureWarning: The SAMME.R algorithm (the default) is deprecated and will be removed in 1.6. Use the SAMME algorithm to circumvent this warning.
  warnings.warn(

2026-05-01 15:39:18,128:WARNING:/Users/ramsundar/Documents/IITM-Graded-Projects/Capstone/.venv/lib/python3.11/site-packages/sklearn/ensemble/_weight_boosting.py:519: FutureWarning: The SAMME.R algorithm (the default) is deprecated and will be removed in 1.6. Use the SAMME algorithm to circumvent this warning.
  warnings.warn(

2026-05-01 15:39:18,353:WARNING:/Users/ramsundar/Documents/IITM-Graded-Projects/Capstone/.venv/lib/python3.11/site-packages/pycaret/internal/metrics.py:204: FitFailedWarning: Metric 'make_scorer(roc_auc_score, response_method=('decision_function', 'predict_proba'), average=weighted, multi_class=ovr)' failed and error score 0.0 has been returned instead. If this is a custom metric, this usually means that the error is in the metric code. Full exception below:
Traceback (most recent call last):
  File "/Users/ramsundar/Documents/IITM-Graded-Projects/Capstone/.venv/lib/python3.11/site-packages/pycaret/internal/metrics.py", line 196, in _score
    return super()._score(
           ^^^^^^^^^^^^^^^
  File "/Users/ramsundar/Documents/IITM-Graded-Projects/Capstone/.venv/lib/python3.11/site-packages/sklearn/metrics/_scorer.py", line 350, in _score
    return self._sign * self._score_func(y_true, y_pred, **scoring_kwargs)
                        ^^^^^^^^^^^^^^^^^^^^^^^^^^^^^^^^^^^^^^^^^^^^^^^^^^
  File "/Users/ramsundar/Documents/IITM-Graded-Projects/Capstone/.venv/lib/python3.11/site-packages/pycaret/internal/metrics.py", line 144, in __call__
    return self.score_func(y_true, y_pred, **kwargs)
           ^^^^^^^^^^^^^^^^^^^^^^^^^^^^^^^^^^^^^^^^^
  File "/Users/ramsundar/Documents/IITM-Graded-Projects/Capstone/.venv/lib/python3.11/site-packages/sklearn/utils/_param_validation.py", line 213, in wrapper
    return func(*args, **kwargs)
           ^^^^^^^^^^^^^^^^^^^^^
  File "/Users/ramsundar/Documents/IITM-Graded-Projects/Capstone/.venv/lib/python3.11/site-packages/sklearn/metrics/_ranking.py", line 634, in roc_auc_score
    return _multiclass_roc_auc_score(
           ^^^^^^^^^^^^^^^^^^^^^^^^^^
  File "/Users/ramsundar/Documents/IITM-Graded-Projects/Capstone/.venv/lib/python3.11/site-packages/sklearn/metrics/_ranking.py", line 707, in _multiclass_roc_auc_score
    raise ValueError(
ValueError: Target scores need to be probabilities for multiclass roc_auc, i.e. they should sum up to 1.0 over classes

  warnings.warn(

2026-05-01 15:39:18,356:WARNING:/Users/ramsundar/Documents/IITM-Graded-Projects/Capstone/.venv/lib/python3.11/site-packages/sklearn/metrics/_classification.py:1561: UserWarning: Note that pos_label (set to 'Rejected') is ignored when average != 'binary' (got 'weighted'). You may use labels=[pos_label] to specify a single positive class.
  warnings.warn(

2026-05-01 15:39:18,364:WARNING:/Users/ramsundar/Documents/IITM-Graded-Projects/Capstone/.venv/lib/python3.11/site-packages/sklearn/metrics/_classification.py:1561: UserWarning: Note that pos_label (set to 'Rejected') is ignored when average != 'binary' (got 'weighted'). You may use labels=[pos_label] to specify a single positive class.
  warnings.warn(

2026-05-01 15:39:18,370:WARNING:/Users/ramsundar/Documents/IITM-Graded-Projects/Capstone/.venv/lib/python3.11/site-packages/sklearn/metrics/_classification.py:1561: UserWarning: Note that pos_label (set to 'Rejected') is ignored when average != 'binary' (got 'weighted'). You may use labels=[pos_label] to specify a single positive class.
  warnings.warn(

2026-05-01 15:39:18,414:WARNING:/Users/ramsundar/Documents/IITM-Graded-Projects/Capstone/.venv/lib/python3.11/site-packages/pycaret/internal/metrics.py:204: FitFailedWarning: Metric 'make_scorer(roc_auc_score, response_method=('decision_function', 'predict_proba'), average=weighted, multi_class=ovr)' failed and error score 0.0 has been returned instead. If this is a custom metric, this usually means that the error is in the metric code. Full exception below:
Traceback (most recent call last):
  File "/Users/ramsundar/Documents/IITM-Graded-Projects/Capstone/.venv/lib/python3.11/site-packages/pycaret/internal/metrics.py", line 196, in _score
    return super()._score(
           ^^^^^^^^^^^^^^^
  File "/Users/ramsundar/Documents/IITM-Graded-Projects/Capstone/.venv/lib/python3.11/site-packages/sklearn/metrics/_scorer.py", line 350, in _score
    return self._sign * self._score_func(y_true, y_pred, **scoring_kwargs)
                        ^^^^^^^^^^^^^^^^^^^^^^^^^^^^^^^^^^^^^^^^^^^^^^^^^^
  File "/Users/ramsundar/Documents/IITM-Graded-Projects/Capstone/.venv/lib/python3.11/site-packages/pycaret/internal/metrics.py", line 144, in __call__
    return self.score_func(y_true, y_pred, **kwargs)
           ^^^^^^^^^^^^^^^^^^^^^^^^^^^^^^^^^^^^^^^^^
  File "/Users/ramsundar/Documents/IITM-Graded-Projects/Capstone/.venv/lib/python3.11/site-packages/sklearn/utils/_param_validation.py", line 213, in wrapper
    return func(*args, **kwargs)
           ^^^^^^^^^^^^^^^^^^^^^
  File "/Users/ramsundar/Documents/IITM-Graded-Projects/Capstone/.venv/lib/python3.11/site-packages/sklearn/metrics/_ranking.py", line 634, in roc_auc_score
    return _multiclass_roc_auc_score(
           ^^^^^^^^^^^^^^^^^^^^^^^^^^
  File "/Users/ramsundar/Documents/IITM-Graded-Projects/Capstone/.venv/lib/python3.11/site-packages/sklearn/metrics/_ranking.py", line 707, in _multiclass_roc_auc_score
    raise ValueError(
ValueError: Target scores need to be probabilities for multiclass roc_auc, i.e. they should sum up to 1.0 over classes

  warnings.warn(

2026-05-01 15:39:18,417:WARNING:/Users/ramsundar/Documents/IITM-Graded-Projects/Capstone/.venv/lib/python3.11/site-packages/sklearn/metrics/_classification.py:1561: UserWarning: Note that pos_label (set to 'Rejected') is ignored when average != 'binary' (got 'weighted'). You may use labels=[pos_label] to specify a single positive class.
  warnings.warn(

2026-05-01 15:39:18,424:WARNING:/Users/ramsundar/Documents/IITM-Graded-Projects/Capstone/.venv/lib/python3.11/site-packages/sklearn/metrics/_classification.py:1561: UserWarning: Note that pos_label (set to 'Rejected') is ignored when average != 'binary' (got 'weighted'). You may use labels=[pos_label] to specify a single positive class.
  warnings.warn(

2026-05-01 15:39:18,425:WARNING:/Users/ramsundar/Documents/IITM-Graded-Projects/Capstone/.venv/lib/python3.11/site-packages/pycaret/internal/metrics.py:204: FitFailedWarning: Metric 'make_scorer(roc_auc_score, response_method=('decision_function', 'predict_proba'), average=weighted, multi_class=ovr)' failed and error score 0.0 has been returned instead. If this is a custom metric, this usually means that the error is in the metric code. Full exception below:
Traceback (most recent call last):
  File "/Users/ramsundar/Documents/IITM-Graded-Projects/Capstone/.venv/lib/python3.11/site-packages/pycaret/internal/metrics.py", line 196, in _score
    return super()._score(
           ^^^^^^^^^^^^^^^
  File "/Users/ramsundar/Documents/IITM-Graded-Projects/Capstone/.venv/lib/python3.11/site-packages/sklearn/metrics/_scorer.py", line 350, in _score
    return self._sign * self._score_func(y_true, y_pred, **scoring_kwargs)
                        ^^^^^^^^^^^^^^^^^^^^^^^^^^^^^^^^^^^^^^^^^^^^^^^^^^
  File "/Users/ramsundar/Documents/IITM-Graded-Projects/Capstone/.venv/lib/python3.11/site-packages/pycaret/internal/metrics.py", line 144, in __call__
    return self.score_func(y_true, y_pred, **kwargs)
           ^^^^^^^^^^^^^^^^^^^^^^^^^^^^^^^^^^^^^^^^^
  File "/Users/ramsundar/Documents/IITM-Graded-Projects/Capstone/.venv/lib/python3.11/site-packages/sklearn/utils/_param_validation.py", line 213, in wrapper
    return func(*args, **kwargs)
           ^^^^^^^^^^^^^^^^^^^^^
  File "/Users/ramsundar/Documents/IITM-Graded-Projects/Capstone/.venv/lib/python3.11/site-packages/sklearn/metrics/_ranking.py", line 634, in roc_auc_score
    return _multiclass_roc_auc_score(
           ^^^^^^^^^^^^^^^^^^^^^^^^^^
  File "/Users/ramsundar/Documents/IITM-Graded-Projects/Capstone/.venv/lib/python3.11/site-packages/sklearn/metrics/_ranking.py", line 707, in _multiclass_roc_auc_score
    raise ValueError(
ValueError: Target scores need to be probabilities for multiclass roc_auc, i.e. they should sum up to 1.0 over classes

  warnings.warn(

2026-05-01 15:39:18,429:WARNING:/Users/ramsundar/Documents/IITM-Graded-Projects/Capstone/.venv/lib/python3.11/site-packages/sklearn/metrics/_classification.py:1561: UserWarning: Note that pos_label (set to 'Rejected') is ignored when average != 'binary' (got 'weighted'). You may use labels=[pos_label] to specify a single positive class.
  warnings.warn(

2026-05-01 15:39:18,430:WARNING:/Users/ramsundar/Documents/IITM-Graded-Projects/Capstone/.venv/lib/python3.11/site-packages/sklearn/metrics/_classification.py:1561: UserWarning: Note that pos_label (set to 'Rejected') is ignored when average != 'binary' (got 'weighted'). You may use labels=[pos_label] to specify a single positive class.
  warnings.warn(

2026-05-01 15:39:18,433:WARNING:/Users/ramsundar/Documents/IITM-Graded-Projects/Capstone/.venv/lib/python3.11/site-packages/pycaret/internal/metrics.py:204: FitFailedWarning: Metric 'make_scorer(roc_auc_score, response_method=('decision_function', 'predict_proba'), average=weighted, multi_class=ovr)' failed and error score 0.0 has been returned instead. If this is a custom metric, this usually means that the error is in the metric code. Full exception below:
Traceback (most recent call last):
  File "/Users/ramsundar/Documents/IITM-Graded-Projects/Capstone/.venv/lib/python3.11/site-packages/pycaret/internal/metrics.py", line 196, in _score
    return super()._score(
           ^^^^^^^^^^^^^^^
  File "/Users/ramsundar/Documents/IITM-Graded-Projects/Capstone/.venv/lib/python3.11/site-packages/sklearn/metrics/_scorer.py", line 350, in _score
    return self._sign * self._score_func(y_true, y_pred, **scoring_kwargs)
                        ^^^^^^^^^^^^^^^^^^^^^^^^^^^^^^^^^^^^^^^^^^^^^^^^^^
  File "/Users/ramsundar/Documents/IITM-Graded-Projects/Capstone/.venv/lib/python3.11/site-packages/pycaret/internal/metrics.py", line 144, in __call__
    return self.score_func(y_true, y_pred, **kwargs)
           ^^^^^^^^^^^^^^^^^^^^^^^^^^^^^^^^^^^^^^^^^
  File "/Users/ramsundar/Documents/IITM-Graded-Projects/Capstone/.venv/lib/python3.11/site-packages/sklearn/utils/_param_validation.py", line 213, in wrapper
    return func(*args, **kwargs)
           ^^^^^^^^^^^^^^^^^^^^^
  File "/Users/ramsundar/Documents/IITM-Graded-Projects/Capstone/.venv/lib/python3.11/site-packages/sklearn/metrics/_ranking.py", line 634, in roc_auc_score
    return _multiclass_roc_auc_score(
           ^^^^^^^^^^^^^^^^^^^^^^^^^^
  File "/Users/ramsundar/Documents/IITM-Graded-Projects/Capstone/.venv/lib/python3.11/site-packages/sklearn/metrics/_ranking.py", line 707, in _multiclass_roc_auc_score
    raise ValueError(
ValueError: Target scores need to be probabilities for multiclass roc_auc, i.e. they should sum up to 1.0 over classes

  warnings.warn(

2026-05-01 15:39:18,434:WARNING:/Users/ramsundar/Documents/IITM-Graded-Projects/Capstone/.venv/lib/python3.11/site-packages/sklearn/metrics/_classification.py:1561: UserWarning: Note that pos_label (set to 'Rejected') is ignored when average != 'binary' (got 'weighted'). You may use labels=[pos_label] to specify a single positive class.
  warnings.warn(

2026-05-01 15:39:18,435:WARNING:/Users/ramsundar/Documents/IITM-Graded-Projects/Capstone/.venv/lib/python3.11/site-packages/sklearn/metrics/_classification.py:1561: UserWarning: Note that pos_label (set to 'Rejected') is ignored when average != 'binary' (got 'weighted'). You may use labels=[pos_label] to specify a single positive class.
  warnings.warn(

2026-05-01 15:39:18,438:WARNING:/Users/ramsundar/Documents/IITM-Graded-Projects/Capstone/.venv/lib/python3.11/site-packages/sklearn/metrics/_classification.py:1561: UserWarning: Note that pos_label (set to 'Rejected') is ignored when average != 'binary' (got 'weighted'). You may use labels=[pos_label] to specify a single positive class.
  warnings.warn(

2026-05-01 15:39:18,441:WARNING:/Users/ramsundar/Documents/IITM-Graded-Projects/Capstone/.venv/lib/python3.11/site-packages/sklearn/metrics/_classification.py:1561: UserWarning: Note that pos_label (set to 'Rejected') is ignored when average != 'binary' (got 'weighted'). You may use labels=[pos_label] to specify a single positive class.
  warnings.warn(

2026-05-01 15:39:18,448:WARNING:/Users/ramsundar/Documents/IITM-Graded-Projects/Capstone/.venv/lib/python3.11/site-packages/sklearn/metrics/_classification.py:1561: UserWarning: Note that pos_label (set to 'Rejected') is ignored when average != 'binary' (got 'weighted'). You may use labels=[pos_label] to specify a single positive class.
  warnings.warn(

2026-05-01 15:39:18,481:WARNING:/Users/ramsundar/Documents/IITM-Graded-Projects/Capstone/.venv/lib/python3.11/site-packages/pycaret/internal/metrics.py:204: FitFailedWarning: Metric 'make_scorer(roc_auc_score, response_method=('decision_function', 'predict_proba'), average=weighted, multi_class=ovr)' failed and error score 0.0 has been returned instead. If this is a custom metric, this usually means that the error is in the metric code. Full exception below:
Traceback (most recent call last):
  File "/Users/ramsundar/Documents/IITM-Graded-Projects/Capstone/.venv/lib/python3.11/site-packages/pycaret/internal/metrics.py", line 196, in _score
    return super()._score(
           ^^^^^^^^^^^^^^^
  File "/Users/ramsundar/Documents/IITM-Graded-Projects/Capstone/.venv/lib/python3.11/site-packages/sklearn/metrics/_scorer.py", line 350, in _score
    return self._sign * self._score_func(y_true, y_pred, **scoring_kwargs)
                        ^^^^^^^^^^^^^^^^^^^^^^^^^^^^^^^^^^^^^^^^^^^^^^^^^^
  File "/Users/ramsundar/Documents/IITM-Graded-Projects/Capstone/.venv/lib/python3.11/site-packages/pycaret/internal/metrics.py", line 144, in __call__
    return self.score_func(y_true, y_pred, **kwargs)
           ^^^^^^^^^^^^^^^^^^^^^^^^^^^^^^^^^^^^^^^^^
  File "/Users/ramsundar/Documents/IITM-Graded-Projects/Capstone/.venv/lib/python3.11/site-packages/sklearn/utils/_param_validation.py", line 213, in wrapper
    return func(*args, **kwargs)
           ^^^^^^^^^^^^^^^^^^^^^
  File "/Users/ramsundar/Documents/IITM-Graded-Projects/Capstone/.venv/lib/python3.11/site-packages/sklearn/metrics/_ranking.py", line 634, in roc_auc_score
    return _multiclass_roc_auc_score(
           ^^^^^^^^^^^^^^^^^^^^^^^^^^
  File "/Users/ramsundar/Documents/IITM-Graded-Projects/Capstone/.venv/lib/python3.11/site-packages/sklearn/metrics/_ranking.py", line 707, in _multiclass_roc_auc_score
    raise ValueError(
ValueError: Target scores need to be probabilities for multiclass roc_auc, i.e. they should sum up to 1.0 over classes

  warnings.warn(

2026-05-01 15:39:18,483:WARNING:/Users/ramsundar/Documents/IITM-Graded-Projects/Capstone/.venv/lib/python3.11/site-packages/sklearn/metrics/_classification.py:1561: UserWarning: Note that pos_label (set to 'Rejected') is ignored when average != 'binary' (got 'weighted'). You may use labels=[pos_label] to specify a single positive class.
  warnings.warn(

2026-05-01 15:39:18,490:WARNING:/Users/ramsundar/Documents/IITM-Graded-Projects/Capstone/.venv/lib/python3.11/site-packages/sklearn/metrics/_classification.py:1561: UserWarning: Note that pos_label (set to 'Rejected') is ignored when average != 'binary' (got 'weighted'). You may use labels=[pos_label] to specify a single positive class.
  warnings.warn(

2026-05-01 15:39:18,496:WARNING:/Users/ramsundar/Documents/IITM-Graded-Projects/Capstone/.venv/lib/python3.11/site-packages/sklearn/metrics/_classification.py:1561: UserWarning: Note that pos_label (set to 'Rejected') is ignored when average != 'binary' (got 'weighted'). You may use labels=[pos_label] to specify a single positive class.
  warnings.warn(

2026-05-01 15:39:19,070:WARNING:/Users/ramsundar/Documents/IITM-Graded-Projects/Capstone/.venv/lib/python3.11/site-packages/pycaret/internal/metrics.py:204: FitFailedWarning: Metric 'make_scorer(roc_auc_score, response_method=('decision_function', 'predict_proba'), average=weighted, multi_class=ovr)' failed and error score 0.0 has been returned instead. If this is a custom metric, this usually means that the error is in the metric code. Full exception below:
Traceback (most recent call last):
  File "/Users/ramsundar/Documents/IITM-Graded-Projects/Capstone/.venv/lib/python3.11/site-packages/pycaret/internal/metrics.py", line 196, in _score
    return super()._score(
           ^^^^^^^^^^^^^^^
  File "/Users/ramsundar/Documents/IITM-Graded-Projects/Capstone/.venv/lib/python3.11/site-packages/sklearn/metrics/_scorer.py", line 350, in _score
    return self._sign * self._score_func(y_true, y_pred, **scoring_kwargs)
                        ^^^^^^^^^^^^^^^^^^^^^^^^^^^^^^^^^^^^^^^^^^^^^^^^^^
  File "/Users/ramsundar/Documents/IITM-Graded-Projects/Capstone/.venv/lib/python3.11/site-packages/pycaret/internal/metrics.py", line 144, in __call__
    return self.score_func(y_true, y_pred, **kwargs)
           ^^^^^^^^^^^^^^^^^^^^^^^^^^^^^^^^^^^^^^^^^
  File "/Users/ramsundar/Documents/IITM-Graded-Projects/Capstone/.venv/lib/python3.11/site-packages/sklearn/utils/_param_validation.py", line 213, in wrapper
    return func(*args, **kwargs)
           ^^^^^^^^^^^^^^^^^^^^^
  File "/Users/ramsundar/Documents/IITM-Graded-Projects/Capstone/.venv/lib/python3.11/site-packages/sklearn/metrics/_ranking.py", line 634, in roc_auc_score
    return _multiclass_roc_auc_score(
           ^^^^^^^^^^^^^^^^^^^^^^^^^^
  File "/Users/ramsundar/Documents/IITM-Graded-Projects/Capstone/.venv/lib/python3.11/site-packages/sklearn/metrics/_ranking.py", line 707, in _multiclass_roc_auc_score
    raise ValueError(
ValueError: Target scores need to be probabilities for multiclass roc_auc, i.e. they should sum up to 1.0 over classes

  warnings.warn(

2026-05-01 15:39:19,072:WARNING:/Users/ramsundar/Documents/IITM-Graded-Projects/Capstone/.venv/lib/python3.11/site-packages/sklearn/metrics/_classification.py:1561: UserWarning: Note that pos_label (set to 'Rejected') is ignored when average != 'binary' (got 'weighted'). You may use labels=[pos_label] to specify a single positive class.
  warnings.warn(

2026-05-01 15:39:19,077:WARNING:/Users/ramsundar/Documents/IITM-Graded-Projects/Capstone/.venv/lib/python3.11/site-packages/sklearn/metrics/_classification.py:1561: UserWarning: Note that pos_label (set to 'Rejected') is ignored when average != 'binary' (got 'weighted'). You may use labels=[pos_label] to specify a single positive class.
  warnings.warn(

2026-05-01 15:39:19,081:WARNING:/Users/ramsundar/Documents/IITM-Graded-Projects/Capstone/.venv/lib/python3.11/site-packages/sklearn/metrics/_classification.py:1561: UserWarning: Note that pos_label (set to 'Rejected') is ignored when average != 'binary' (got 'weighted'). You may use labels=[pos_label] to specify a single positive class.
  warnings.warn(

2026-05-01 15:39:19,152:WARNING:/Users/ramsundar/Documents/IITM-Graded-Projects/Capstone/.venv/lib/python3.11/site-packages/pycaret/internal/metrics.py:204: FitFailedWarning: Metric 'make_scorer(roc_auc_score, response_method=('decision_function', 'predict_proba'), average=weighted, multi_class=ovr)' failed and error score 0.0 has been returned instead. If this is a custom metric, this usually means that the error is in the metric code. Full exception below:
Traceback (most recent call last):
  File "/Users/ramsundar/Documents/IITM-Graded-Projects/Capstone/.venv/lib/python3.11/site-packages/pycaret/internal/metrics.py", line 196, in _score
    return super()._score(
           ^^^^^^^^^^^^^^^
  File "/Users/ramsundar/Documents/IITM-Graded-Projects/Capstone/.venv/lib/python3.11/site-packages/sklearn/metrics/_scorer.py", line 350, in _score
    return self._sign * self._score_func(y_true, y_pred, **scoring_kwargs)
                        ^^^^^^^^^^^^^^^^^^^^^^^^^^^^^^^^^^^^^^^^^^^^^^^^^^
  File "/Users/ramsundar/Documents/IITM-Graded-Projects/Capstone/.venv/lib/python3.11/site-packages/pycaret/internal/metrics.py", line 144, in __call__
    return self.score_func(y_true, y_pred, **kwargs)
           ^^^^^^^^^^^^^^^^^^^^^^^^^^^^^^^^^^^^^^^^^
  File "/Users/ramsundar/Documents/IITM-Graded-Projects/Capstone/.venv/lib/python3.11/site-packages/sklearn/utils/_param_validation.py", line 213, in wrapper
    return func(*args, **kwargs)
           ^^^^^^^^^^^^^^^^^^^^^
  File "/Users/ramsundar/Documents/IITM-Graded-Projects/Capstone/.venv/lib/python3.11/site-packages/sklearn/metrics/_ranking.py", line 634, in roc_auc_score
    return _multiclass_roc_auc_score(
           ^^^^^^^^^^^^^^^^^^^^^^^^^^
  File "/Users/ramsundar/Documents/IITM-Graded-Projects/Capstone/.venv/lib/python3.11/site-packages/sklearn/metrics/_ranking.py", line 707, in _multiclass_roc_auc_score
    raise ValueError(
ValueError: Target scores need to be probabilities for multiclass roc_auc, i.e. they should sum up to 1.0 over classes

  warnings.warn(

2026-05-01 15:39:19,154:WARNING:/Users/ramsundar/Documents/IITM-Graded-Projects/Capstone/.venv/lib/python3.11/site-packages/sklearn/metrics/_classification.py:1561: UserWarning: Note that pos_label (set to 'Rejected') is ignored when average != 'binary' (got 'weighted'). You may use labels=[pos_label] to specify a single positive class.
  warnings.warn(

2026-05-01 15:39:19,159:WARNING:/Users/ramsundar/Documents/IITM-Graded-Projects/Capstone/.venv/lib/python3.11/site-packages/sklearn/metrics/_classification.py:1561: UserWarning: Note that pos_label (set to 'Rejected') is ignored when average != 'binary' (got 'weighted'). You may use labels=[pos_label] to specify a single positive class.
  warnings.warn(

2026-05-01 15:39:19,164:WARNING:/Users/ramsundar/Documents/IITM-Graded-Projects/Capstone/.venv/lib/python3.11/site-packages/sklearn/metrics/_classification.py:1561: UserWarning: Note that pos_label (set to 'Rejected') is ignored when average != 'binary' (got 'weighted'). You may use labels=[pos_label] to specify a single positive class.
  warnings.warn(

2026-05-01 15:39:19,178:WARNING:/Users/ramsundar/Documents/IITM-Graded-Projects/Capstone/.venv/lib/python3.11/site-packages/pycaret/internal/metrics.py:204: FitFailedWarning: Metric 'make_scorer(roc_auc_score, response_method=('decision_function', 'predict_proba'), average=weighted, multi_class=ovr)' failed and error score 0.0 has been returned instead. If this is a custom metric, this usually means that the error is in the metric code. Full exception below:
Traceback (most recent call last):
  File "/Users/ramsundar/Documents/IITM-Graded-Projects/Capstone/.venv/lib/python3.11/site-packages/pycaret/internal/metrics.py", line 196, in _score
    return super()._score(
           ^^^^^^^^^^^^^^^
  File "/Users/ramsundar/Documents/IITM-Graded-Projects/Capstone/.venv/lib/python3.11/site-packages/sklearn/metrics/_scorer.py", line 350, in _score
    return self._sign * self._score_func(y_true, y_pred, **scoring_kwargs)
                        ^^^^^^^^^^^^^^^^^^^^^^^^^^^^^^^^^^^^^^^^^^^^^^^^^^
  File "/Users/ramsundar/Documents/IITM-Graded-Projects/Capstone/.venv/lib/python3.11/site-packages/pycaret/internal/metrics.py", line 144, in __call__
    return self.score_func(y_true, y_pred, **kwargs)
           ^^^^^^^^^^^^^^^^^^^^^^^^^^^^^^^^^^^^^^^^^
  File "/Users/ramsundar/Documents/IITM-Graded-Projects/Capstone/.venv/lib/python3.11/site-packages/sklearn/utils/_param_validation.py", line 213, in wrapper
    return func(*args, **kwargs)
           ^^^^^^^^^^^^^^^^^^^^^
  File "/Users/ramsundar/Documents/IITM-Graded-Projects/Capstone/.venv/lib/python3.11/site-packages/sklearn/metrics/_ranking.py", line 634, in roc_auc_score
    return _multiclass_roc_auc_score(
           ^^^^^^^^^^^^^^^^^^^^^^^^^^
  File "/Users/ramsundar/Documents/IITM-Graded-Projects/Capstone/.venv/lib/python3.11/site-packages/sklearn/metrics/_ranking.py", line 707, in _multiclass_roc_auc_score
    raise ValueError(
ValueError: Target scores need to be probabilities for multiclass roc_auc, i.e. they should sum up to 1.0 over classes

  warnings.warn(

2026-05-01 15:39:19,180:WARNING:/Users/ramsundar/Documents/IITM-Graded-Projects/Capstone/.venv/lib/python3.11/site-packages/sklearn/metrics/_classification.py:1561: UserWarning: Note that pos_label (set to 'Rejected') is ignored when average != 'binary' (got 'weighted'). You may use labels=[pos_label] to specify a single positive class.
  warnings.warn(

2026-05-01 15:39:19,185:WARNING:/Users/ramsundar/Documents/IITM-Graded-Projects/Capstone/.venv/lib/python3.11/site-packages/sklearn/metrics/_classification.py:1561: UserWarning: Note that pos_label (set to 'Rejected') is ignored when average != 'binary' (got 'weighted'). You may use labels=[pos_label] to specify a single positive class.
  warnings.warn(

2026-05-01 15:39:19,189:WARNING:/Users/ramsundar/Documents/IITM-Graded-Projects/Capstone/.venv/lib/python3.11/site-packages/sklearn/metrics/_classification.py:1561: UserWarning: Note that pos_label (set to 'Rejected') is ignored when average != 'binary' (got 'weighted'). You may use labels=[pos_label] to specify a single positive class.
  warnings.warn(

2026-05-01 15:39:19,193:WARNING:/Users/ramsundar/Documents/IITM-Graded-Projects/Capstone/.venv/lib/python3.11/site-packages/pycaret/internal/metrics.py:204: FitFailedWarning: Metric 'make_scorer(roc_auc_score, response_method=('decision_function', 'predict_proba'), average=weighted, multi_class=ovr)' failed and error score 0.0 has been returned instead. If this is a custom metric, this usually means that the error is in the metric code. Full exception below:
Traceback (most recent call last):
  File "/Users/ramsundar/Documents/IITM-Graded-Projects/Capstone/.venv/lib/python3.11/site-packages/pycaret/internal/metrics.py", line 196, in _score
    return super()._score(
           ^^^^^^^^^^^^^^^
  File "/Users/ramsundar/Documents/IITM-Graded-Projects/Capstone/.venv/lib/python3.11/site-packages/sklearn/metrics/_scorer.py", line 350, in _score
    return self._sign * self._score_func(y_true, y_pred, **scoring_kwargs)
                        ^^^^^^^^^^^^^^^^^^^^^^^^^^^^^^^^^^^^^^^^^^^^^^^^^^
  File "/Users/ramsundar/Documents/IITM-Graded-Projects/Capstone/.venv/lib/python3.11/site-packages/pycaret/internal/metrics.py", line 144, in __call__
    return self.score_func(y_true, y_pred, **kwargs)
           ^^^^^^^^^^^^^^^^^^^^^^^^^^^^^^^^^^^^^^^^^
  File "/Users/ramsundar/Documents/IITM-Graded-Projects/Capstone/.venv/lib/python3.11/site-packages/sklearn/utils/_param_validation.py", line 213, in wrapper
    return func(*args, **kwargs)
           ^^^^^^^^^^^^^^^^^^^^^
  File "/Users/ramsundar/Documents/IITM-Graded-Projects/Capstone/.venv/lib/python3.11/site-packages/sklearn/metrics/_ranking.py", line 634, in roc_auc_score
    return _multiclass_roc_auc_score(
           ^^^^^^^^^^^^^^^^^^^^^^^^^^
  File "/Users/ramsundar/Documents/IITM-Graded-Projects/Capstone/.venv/lib/python3.11/site-packages/sklearn/metrics/_ranking.py", line 707, in _multiclass_roc_auc_score
    raise ValueError(
ValueError: Target scores need to be probabilities for multiclass roc_auc, i.e. they should sum up to 1.0 over classes

  warnings.warn(

2026-05-01 15:39:19,195:WARNING:/Users/ramsundar/Documents/IITM-Graded-Projects/Capstone/.venv/lib/python3.11/site-packages/sklearn/metrics/_classification.py:1561: UserWarning: Note that pos_label (set to 'Rejected') is ignored when average != 'binary' (got 'weighted'). You may use labels=[pos_label] to specify a single positive class.
  warnings.warn(

2026-05-01 15:39:19,200:WARNING:/Users/ramsundar/Documents/IITM-Graded-Projects/Capstone/.venv/lib/python3.11/site-packages/sklearn/metrics/_classification.py:1561: UserWarning: Note that pos_label (set to 'Rejected') is ignored when average != 'binary' (got 'weighted'). You may use labels=[pos_label] to specify a single positive class.
  warnings.warn(

2026-05-01 15:39:19,202:WARNING:/Users/ramsundar/Documents/IITM-Graded-Projects/Capstone/.venv/lib/python3.11/site-packages/pycaret/internal/metrics.py:204: FitFailedWarning: Metric 'make_scorer(roc_auc_score, response_method=('decision_function', 'predict_proba'), average=weighted, multi_class=ovr)' failed and error score 0.0 has been returned instead. If this is a custom metric, this usually means that the error is in the metric code. Full exception below:
Traceback (most recent call last):
  File "/Users/ramsundar/Documents/IITM-Graded-Projects/Capstone/.venv/lib/python3.11/site-packages/pycaret/internal/metrics.py", line 196, in _score
    return super()._score(
           ^^^^^^^^^^^^^^^
  File "/Users/ramsundar/Documents/IITM-Graded-Projects/Capstone/.venv/lib/python3.11/site-packages/sklearn/metrics/_scorer.py", line 350, in _score
    return self._sign * self._score_func(y_true, y_pred, **scoring_kwargs)
                        ^^^^^^^^^^^^^^^^^^^^^^^^^^^^^^^^^^^^^^^^^^^^^^^^^^
  File "/Users/ramsundar/Documents/IITM-Graded-Projects/Capstone/.venv/lib/python3.11/site-packages/pycaret/internal/metrics.py", line 144, in __call__
    return self.score_func(y_true, y_pred, **kwargs)
           ^^^^^^^^^^^^^^^^^^^^^^^^^^^^^^^^^^^^^^^^^
  File "/Users/ramsundar/Documents/IITM-Graded-Projects/Capstone/.venv/lib/python3.11/site-packages/sklearn/utils/_param_validation.py", line 213, in wrapper
    return func(*args, **kwargs)
           ^^^^^^^^^^^^^^^^^^^^^
  File "/Users/ramsundar/Documents/IITM-Graded-Projects/Capstone/.venv/lib/python3.11/site-packages/sklearn/metrics/_ranking.py", line 634, in roc_auc_score
    return _multiclass_roc_auc_score(
           ^^^^^^^^^^^^^^^^^^^^^^^^^^
  File "/Users/ramsundar/Documents/IITM-Graded-Projects/Capstone/.venv/lib/python3.11/site-packages/sklearn/metrics/_ranking.py", line 707, in _multiclass_roc_auc_score
    raise ValueError(
ValueError: Target scores need to be probabilities for multiclass roc_auc, i.e. they should sum up to 1.0 over classes

  warnings.warn(

2026-05-01 15:39:19,204:WARNING:/Users/ramsundar/Documents/IITM-Graded-Projects/Capstone/.venv/lib/python3.11/site-packages/sklearn/metrics/_classification.py:1561: UserWarning: Note that pos_label (set to 'Rejected') is ignored when average != 'binary' (got 'weighted'). You may use labels=[pos_label] to specify a single positive class.
  warnings.warn(

2026-05-01 15:39:19,204:WARNING:/Users/ramsundar/Documents/IITM-Graded-Projects/Capstone/.venv/lib/python3.11/site-packages/sklearn/metrics/_classification.py:1561: UserWarning: Note that pos_label (set to 'Rejected') is ignored when average != 'binary' (got 'weighted'). You may use labels=[pos_label] to specify a single positive class.
  warnings.warn(

2026-05-01 15:39:19,209:WARNING:/Users/ramsundar/Documents/IITM-Graded-Projects/Capstone/.venv/lib/python3.11/site-packages/sklearn/metrics/_classification.py:1561: UserWarning: Note that pos_label (set to 'Rejected') is ignored when average != 'binary' (got 'weighted'). You may use labels=[pos_label] to specify a single positive class.
  warnings.warn(

2026-05-01 15:39:19,213:WARNING:/Users/ramsundar/Documents/IITM-Graded-Projects/Capstone/.venv/lib/python3.11/site-packages/sklearn/metrics/_classification.py:1561: UserWarning: Note that pos_label (set to 'Rejected') is ignored when average != 'binary' (got 'weighted'). You may use labels=[pos_label] to specify a single positive class.
  warnings.warn(

2026-05-01 15:39:44,519:WARNING:/Users/ramsundar/Documents/IITM-Graded-Projects/Capstone/.venv/lib/python3.11/site-packages/pycaret/internal/metrics.py:204: FitFailedWarning: Metric 'make_scorer(roc_auc_score, response_method=('decision_function', 'predict_proba'), average=weighted, multi_class=ovr)' failed and error score 0.0 has been returned instead. If this is a custom metric, this usually means that the error is in the metric code. Full exception below:
Traceback (most recent call last):
  File "/Users/ramsundar/Documents/IITM-Graded-Projects/Capstone/.venv/lib/python3.11/site-packages/pycaret/internal/metrics.py", line 196, in _score
    return super()._score(
           ^^^^^^^^^^^^^^^
  File "/Users/ramsundar/Documents/IITM-Graded-Projects/Capstone/.venv/lib/python3.11/site-packages/sklearn/metrics/_scorer.py", line 350, in _score
    return self._sign * self._score_func(y_true, y_pred, **scoring_kwargs)
                        ^^^^^^^^^^^^^^^^^^^^^^^^^^^^^^^^^^^^^^^^^^^^^^^^^^
  File "/Users/ramsundar/Documents/IITM-Graded-Projects/Capstone/.venv/lib/python3.11/site-packages/pycaret/internal/metrics.py", line 144, in __call__
    return self.score_func(y_true, y_pred, **kwargs)
           ^^^^^^^^^^^^^^^^^^^^^^^^^^^^^^^^^^^^^^^^^
  File "/Users/ramsundar/Documents/IITM-Graded-Projects/Capstone/.venv/lib/python3.11/site-packages/sklearn/utils/_param_validation.py", line 213, in wrapper
    return func(*args, **kwargs)
           ^^^^^^^^^^^^^^^^^^^^^
  File "/Users/ramsundar/Documents/IITM-Graded-Projects/Capstone/.venv/lib/python3.11/site-packages/sklearn/metrics/_ranking.py", line 634, in roc_auc_score
    return _multiclass_roc_auc_score(
           ^^^^^^^^^^^^^^^^^^^^^^^^^^
  File "/Users/ramsundar/Documents/IITM-Graded-Projects/Capstone/.venv/lib/python3.11/site-packages/sklearn/metrics/_ranking.py", line 707, in _multiclass_roc_auc_score
    raise ValueError(
ValueError: Target scores need to be probabilities for multiclass roc_auc, i.e. they should sum up to 1.0 over classes

  warnings.warn(

2026-05-01 15:39:44,522:WARNING:/Users/ramsundar/Documents/IITM-Graded-Projects/Capstone/.venv/lib/python3.11/site-packages/sklearn/metrics/_classification.py:1561: UserWarning: Note that pos_label (set to 'Rejected') is ignored when average != 'binary' (got 'weighted'). You may use labels=[pos_label] to specify a single positive class.
  warnings.warn(

2026-05-01 15:39:44,526:WARNING:/Users/ramsundar/Documents/IITM-Graded-Projects/Capstone/.venv/lib/python3.11/site-packages/sklearn/metrics/_classification.py:1561: UserWarning: Note that pos_label (set to 'Rejected') is ignored when average != 'binary' (got 'weighted'). You may use labels=[pos_label] to specify a single positive class.
  warnings.warn(

2026-05-01 15:39:44,533:WARNING:/Users/ramsundar/Documents/IITM-Graded-Projects/Capstone/.venv/lib/python3.11/site-packages/sklearn/metrics/_classification.py:1561: UserWarning: Note that pos_label (set to 'Rejected') is ignored when average != 'binary' (got 'weighted'). You may use labels=[pos_label] to specify a single positive class.
  warnings.warn(

2026-05-01 15:39:44,713:WARNING:/Users/ramsundar/Documents/IITM-Graded-Projects/Capstone/.venv/lib/python3.11/site-packages/pycaret/internal/metrics.py:204: FitFailedWarning: Metric 'make_scorer(roc_auc_score, response_method=('decision_function', 'predict_proba'), average=weighted, multi_class=ovr)' failed and error score 0.0 has been returned instead. If this is a custom metric, this usually means that the error is in the metric code. Full exception below:
Traceback (most recent call last):
  File "/Users/ramsundar/Documents/IITM-Graded-Projects/Capstone/.venv/lib/python3.11/site-packages/pycaret/internal/metrics.py", line 196, in _score
    return super()._score(
           ^^^^^^^^^^^^^^^
  File "/Users/ramsundar/Documents/IITM-Graded-Projects/Capstone/.venv/lib/python3.11/site-packages/sklearn/metrics/_scorer.py", line 350, in _score
    return self._sign * self._score_func(y_true, y_pred, **scoring_kwargs)
                        ^^^^^^^^^^^^^^^^^^^^^^^^^^^^^^^^^^^^^^^^^^^^^^^^^^
  File "/Users/ramsundar/Documents/IITM-Graded-Projects/Capstone/.venv/lib/python3.11/site-packages/pycaret/internal/metrics.py", line 144, in __call__
    return self.score_func(y_true, y_pred, **kwargs)
           ^^^^^^^^^^^^^^^^^^^^^^^^^^^^^^^^^^^^^^^^^
  File "/Users/ramsundar/Documents/IITM-Graded-Projects/Capstone/.venv/lib/python3.11/site-packages/sklearn/utils/_param_validation.py", line 213, in wrapper
    return func(*args, **kwargs)
           ^^^^^^^^^^^^^^^^^^^^^
  File "/Users/ramsundar/Documents/IITM-Graded-Projects/Capstone/.venv/lib/python3.11/site-packages/sklearn/metrics/_ranking.py", line 634, in roc_auc_score
    return _multiclass_roc_auc_score(
           ^^^^^^^^^^^^^^^^^^^^^^^^^^
  File "/Users/ramsundar/Documents/IITM-Graded-Projects/Capstone/.venv/lib/python3.11/site-packages/sklearn/metrics/_ranking.py", line 707, in _multiclass_roc_auc_score
    raise ValueError(
ValueError: Target scores need to be probabilities for multiclass roc_auc, i.e. they should sum up to 1.0 over classes

  warnings.warn(

2026-05-01 15:39:44,715:WARNING:/Users/ramsundar/Documents/IITM-Graded-Projects/Capstone/.venv/lib/python3.11/site-packages/pycaret/internal/metrics.py:204: FitFailedWarning: Metric 'make_scorer(roc_auc_score, response_method=('decision_function', 'predict_proba'), average=weighted, multi_class=ovr)' failed and error score 0.0 has been returned instead. If this is a custom metric, this usually means that the error is in the metric code. Full exception below:
Traceback (most recent call last):
  File "/Users/ramsundar/Documents/IITM-Graded-Projects/Capstone/.venv/lib/python3.11/site-packages/pycaret/internal/metrics.py", line 196, in _score
    return super()._score(
           ^^^^^^^^^^^^^^^
  File "/Users/ramsundar/Documents/IITM-Graded-Projects/Capstone/.venv/lib/python3.11/site-packages/sklearn/metrics/_scorer.py", line 350, in _score
    return self._sign * self._score_func(y_true, y_pred, **scoring_kwargs)
                        ^^^^^^^^^^^^^^^^^^^^^^^^^^^^^^^^^^^^^^^^^^^^^^^^^^
  File "/Users/ramsundar/Documents/IITM-Graded-Projects/Capstone/.venv/lib/python3.11/site-packages/pycaret/internal/metrics.py", line 144, in __call__
    return self.score_func(y_true, y_pred, **kwargs)
           ^^^^^^^^^^^^^^^^^^^^^^^^^^^^^^^^^^^^^^^^^
  File "/Users/ramsundar/Documents/IITM-Graded-Projects/Capstone/.venv/lib/python3.11/site-packages/sklearn/utils/_param_validation.py", line 213, in wrapper
    return func(*args, **kwargs)
           ^^^^^^^^^^^^^^^^^^^^^
  File "/Users/ramsundar/Documents/IITM-Graded-Projects/Capstone/.venv/lib/python3.11/site-packages/sklearn/metrics/_ranking.py", line 634, in roc_auc_score
    return _multiclass_roc_auc_score(
           ^^^^^^^^^^^^^^^^^^^^^^^^^^
  File "/Users/ramsundar/Documents/IITM-Graded-Projects/Capstone/.venv/lib/python3.11/site-packages/sklearn/metrics/_ranking.py", line 707, in _multiclass_roc_auc_score
    raise ValueError(
ValueError: Target scores need to be probabilities for multiclass roc_auc, i.e. they should sum up to 1.0 over classes

  warnings.warn(

2026-05-01 15:39:44,716:WARNING:/Users/ramsundar/Documents/IITM-Graded-Projects/Capstone/.venv/lib/python3.11/site-packages/sklearn/metrics/_classification.py:1561: UserWarning: Note that pos_label (set to 'Rejected') is ignored when average != 'binary' (got 'weighted'). You may use labels=[pos_label] to specify a single positive class.
  warnings.warn(

2026-05-01 15:39:44,717:WARNING:/Users/ramsundar/Documents/IITM-Graded-Projects/Capstone/.venv/lib/python3.11/site-packages/sklearn/metrics/_classification.py:1561: UserWarning: Note that pos_label (set to 'Rejected') is ignored when average != 'binary' (got 'weighted'). You may use labels=[pos_label] to specify a single positive class.
  warnings.warn(

2026-05-01 15:39:44,721:WARNING:/Users/ramsundar/Documents/IITM-Graded-Projects/Capstone/.venv/lib/python3.11/site-packages/pycaret/internal/metrics.py:204: FitFailedWarning: Metric 'make_scorer(roc_auc_score, response_method=('decision_function', 'predict_proba'), average=weighted, multi_class=ovr)' failed and error score 0.0 has been returned instead. If this is a custom metric, this usually means that the error is in the metric code. Full exception below:
Traceback (most recent call last):
  File "/Users/ramsundar/Documents/IITM-Graded-Projects/Capstone/.venv/lib/python3.11/site-packages/pycaret/internal/metrics.py", line 196, in _score
    return super()._score(
           ^^^^^^^^^^^^^^^
  File "/Users/ramsundar/Documents/IITM-Graded-Projects/Capstone/.venv/lib/python3.11/site-packages/sklearn/metrics/_scorer.py", line 350, in _score
    return self._sign * self._score_func(y_true, y_pred, **scoring_kwargs)
                        ^^^^^^^^^^^^^^^^^^^^^^^^^^^^^^^^^^^^^^^^^^^^^^^^^^
  File "/Users/ramsundar/Documents/IITM-Graded-Projects/Capstone/.venv/lib/python3.11/site-packages/pycaret/internal/metrics.py", line 144, in __call__
    return self.score_func(y_true, y_pred, **kwargs)
           ^^^^^^^^^^^^^^^^^^^^^^^^^^^^^^^^^^^^^^^^^
  File "/Users/ramsundar/Documents/IITM-Graded-Projects/Capstone/.venv/lib/python3.11/site-packages/sklearn/utils/_param_validation.py", line 213, in wrapper
    return func(*args, **kwargs)
           ^^^^^^^^^^^^^^^^^^^^^
  File "/Users/ramsundar/Documents/IITM-Graded-Projects/Capstone/.venv/lib/python3.11/site-packages/sklearn/metrics/_ranking.py", line 634, in roc_auc_score
    return _multiclass_roc_auc_score(
           ^^^^^^^^^^^^^^^^^^^^^^^^^^
  File "/Users/ramsundar/Documents/IITM-Graded-Projects/Capstone/.venv/lib/python3.11/site-packages/sklearn/metrics/_ranking.py", line 707, in _multiclass_roc_auc_score
    raise ValueError(
ValueError: Target scores need to be probabilities for multiclass roc_auc, i.e. they should sum up to 1.0 over classes

  warnings.warn(

2026-05-01 15:39:44,723:WARNING:/Users/ramsundar/Documents/IITM-Graded-Projects/Capstone/.venv/lib/python3.11/site-packages/sklearn/metrics/_classification.py:1561: UserWarning: Note that pos_label (set to 'Rejected') is ignored when average != 'binary' (got 'weighted'). You may use labels=[pos_label] to specify a single positive class.
  warnings.warn(

2026-05-01 15:39:44,724:WARNING:/Users/ramsundar/Documents/IITM-Graded-Projects/Capstone/.venv/lib/python3.11/site-packages/sklearn/metrics/_classification.py:1561: UserWarning: Note that pos_label (set to 'Rejected') is ignored when average != 'binary' (got 'weighted'). You may use labels=[pos_label] to specify a single positive class.
  warnings.warn(

2026-05-01 15:39:44,724:WARNING:/Users/ramsundar/Documents/IITM-Graded-Projects/Capstone/.venv/lib/python3.11/site-packages/sklearn/metrics/_classification.py:1561: UserWarning: Note that pos_label (set to 'Rejected') is ignored when average != 'binary' (got 'weighted'). You may use labels=[pos_label] to specify a single positive class.
  warnings.warn(

2026-05-01 15:39:44,729:WARNING:/Users/ramsundar/Documents/IITM-Graded-Projects/Capstone/.venv/lib/python3.11/site-packages/sklearn/metrics/_classification.py:1561: UserWarning: Note that pos_label (set to 'Rejected') is ignored when average != 'binary' (got 'weighted'). You may use labels=[pos_label] to specify a single positive class.
  warnings.warn(

2026-05-01 15:39:44,729:WARNING:/Users/ramsundar/Documents/IITM-Graded-Projects/Capstone/.venv/lib/python3.11/site-packages/sklearn/metrics/_classification.py:1561: UserWarning: Note that pos_label (set to 'Rejected') is ignored when average != 'binary' (got 'weighted'). You may use labels=[pos_label] to specify a single positive class.
  warnings.warn(

2026-05-01 15:39:44,731:WARNING:/Users/ramsundar/Documents/IITM-Graded-Projects/Capstone/.venv/lib/python3.11/site-packages/sklearn/metrics/_classification.py:1561: UserWarning: Note that pos_label (set to 'Rejected') is ignored when average != 'binary' (got 'weighted'). You may use labels=[pos_label] to specify a single positive class.
  warnings.warn(

2026-05-01 15:39:44,734:WARNING:/Users/ramsundar/Documents/IITM-Graded-Projects/Capstone/.venv/lib/python3.11/site-packages/sklearn/metrics/_classification.py:1561: UserWarning: Note that pos_label (set to 'Rejected') is ignored when average != 'binary' (got 'weighted'). You may use labels=[pos_label] to specify a single positive class.
  warnings.warn(

2026-05-01 15:39:44,735:WARNING:/Users/ramsundar/Documents/IITM-Graded-Projects/Capstone/.venv/lib/python3.11/site-packages/pycaret/internal/metrics.py:204: FitFailedWarning: Metric 'make_scorer(roc_auc_score, response_method=('decision_function', 'predict_proba'), average=weighted, multi_class=ovr)' failed and error score 0.0 has been returned instead. If this is a custom metric, this usually means that the error is in the metric code. Full exception below:
Traceback (most recent call last):
  File "/Users/ramsundar/Documents/IITM-Graded-Projects/Capstone/.venv/lib/python3.11/site-packages/pycaret/internal/metrics.py", line 196, in _score
    return super()._score(
           ^^^^^^^^^^^^^^^
  File "/Users/ramsundar/Documents/IITM-Graded-Projects/Capstone/.venv/lib/python3.11/site-packages/sklearn/metrics/_scorer.py", line 350, in _score
    return self._sign * self._score_func(y_true, y_pred, **scoring_kwargs)
                        ^^^^^^^^^^^^^^^^^^^^^^^^^^^^^^^^^^^^^^^^^^^^^^^^^^
  File "/Users/ramsundar/Documents/IITM-Graded-Projects/Capstone/.venv/lib/python3.11/site-packages/pycaret/internal/metrics.py", line 144, in __call__
    return self.score_func(y_true, y_pred, **kwargs)
           ^^^^^^^^^^^^^^^^^^^^^^^^^^^^^^^^^^^^^^^^^
  File "/Users/ramsundar/Documents/IITM-Graded-Projects/Capstone/.venv/lib/python3.11/site-packages/sklearn/utils/_param_validation.py", line 213, in wrapper
    return func(*args, **kwargs)
           ^^^^^^^^^^^^^^^^^^^^^
  File "/Users/ramsundar/Documents/IITM-Graded-Projects/Capstone/.venv/lib/python3.11/site-packages/sklearn/metrics/_ranking.py", line 634, in roc_auc_score
    return _multiclass_roc_auc_score(
           ^^^^^^^^^^^^^^^^^^^^^^^^^^
  File "/Users/ramsundar/Documents/IITM-Graded-Projects/Capstone/.venv/lib/python3.11/site-packages/sklearn/metrics/_ranking.py", line 707, in _multiclass_roc_auc_score
    raise ValueError(
ValueError: Target scores need to be probabilities for multiclass roc_auc, i.e. they should sum up to 1.0 over classes

  warnings.warn(

2026-05-01 15:39:44,739:WARNING:/Users/ramsundar/Documents/IITM-Graded-Projects/Capstone/.venv/lib/python3.11/site-packages/sklearn/metrics/_classification.py:1561: UserWarning: Note that pos_label (set to 'Rejected') is ignored when average != 'binary' (got 'weighted'). You may use labels=[pos_label] to specify a single positive class.
  warnings.warn(

2026-05-01 15:39:44,744:WARNING:/Users/ramsundar/Documents/IITM-Graded-Projects/Capstone/.venv/lib/python3.11/site-packages/sklearn/metrics/_classification.py:1561: UserWarning: Note that pos_label (set to 'Rejected') is ignored when average != 'binary' (got 'weighted'). You may use labels=[pos_label] to specify a single positive class.
  warnings.warn(

2026-05-01 15:39:44,749:WARNING:/Users/ramsundar/Documents/IITM-Graded-Projects/Capstone/.venv/lib/python3.11/site-packages/sklearn/metrics/_classification.py:1561: UserWarning: Note that pos_label (set to 'Rejected') is ignored when average != 'binary' (got 'weighted'). You may use labels=[pos_label] to specify a single positive class.
  warnings.warn(

2026-05-01 15:39:44,816:WARNING:/Users/ramsundar/Documents/IITM-Graded-Projects/Capstone/.venv/lib/python3.11/site-packages/pycaret/internal/metrics.py:204: FitFailedWarning: Metric 'make_scorer(roc_auc_score, response_method=('decision_function', 'predict_proba'), average=weighted, multi_class=ovr)' failed and error score 0.0 has been returned instead. If this is a custom metric, this usually means that the error is in the metric code. Full exception below:
Traceback (most recent call last):
  File "/Users/ramsundar/Documents/IITM-Graded-Projects/Capstone/.venv/lib/python3.11/site-packages/pycaret/internal/metrics.py", line 196, in _score
    return super()._score(
           ^^^^^^^^^^^^^^^
  File "/Users/ramsundar/Documents/IITM-Graded-Projects/Capstone/.venv/lib/python3.11/site-packages/sklearn/metrics/_scorer.py", line 350, in _score
    return self._sign * self._score_func(y_true, y_pred, **scoring_kwargs)
                        ^^^^^^^^^^^^^^^^^^^^^^^^^^^^^^^^^^^^^^^^^^^^^^^^^^
  File "/Users/ramsundar/Documents/IITM-Graded-Projects/Capstone/.venv/lib/python3.11/site-packages/pycaret/internal/metrics.py", line 144, in __call__
    return self.score_func(y_true, y_pred, **kwargs)
           ^^^^^^^^^^^^^^^^^^^^^^^^^^^^^^^^^^^^^^^^^
  File "/Users/ramsundar/Documents/IITM-Graded-Projects/Capstone/.venv/lib/python3.11/site-packages/sklearn/utils/_param_validation.py", line 213, in wrapper
    return func(*args, **kwargs)
           ^^^^^^^^^^^^^^^^^^^^^
  File "/Users/ramsundar/Documents/IITM-Graded-Projects/Capstone/.venv/lib/python3.11/site-packages/sklearn/metrics/_ranking.py", line 634, in roc_auc_score
    return _multiclass_roc_auc_score(
           ^^^^^^^^^^^^^^^^^^^^^^^^^^
  File "/Users/ramsundar/Documents/IITM-Graded-Projects/Capstone/.venv/lib/python3.11/site-packages/sklearn/metrics/_ranking.py", line 707, in _multiclass_roc_auc_score
    raise ValueError(
ValueError: Target scores need to be probabilities for multiclass roc_auc, i.e. they should sum up to 1.0 over classes

  warnings.warn(

2026-05-01 15:39:44,818:WARNING:/Users/ramsundar/Documents/IITM-Graded-Projects/Capstone/.venv/lib/python3.11/site-packages/sklearn/metrics/_classification.py:1561: UserWarning: Note that pos_label (set to 'Rejected') is ignored when average != 'binary' (got 'weighted'). You may use labels=[pos_label] to specify a single positive class.
  warnings.warn(

2026-05-01 15:39:44,823:WARNING:/Users/ramsundar/Documents/IITM-Graded-Projects/Capstone/.venv/lib/python3.11/site-packages/sklearn/metrics/_classification.py:1561: UserWarning: Note that pos_label (set to 'Rejected') is ignored when average != 'binary' (got 'weighted'). You may use labels=[pos_label] to specify a single positive class.
  warnings.warn(

2026-05-01 15:39:44,827:WARNING:/Users/ramsundar/Documents/IITM-Graded-Projects/Capstone/.venv/lib/python3.11/site-packages/sklearn/metrics/_classification.py:1561: UserWarning: Note that pos_label (set to 'Rejected') is ignored when average != 'binary' (got 'weighted'). You may use labels=[pos_label] to specify a single positive class.
  warnings.warn(

2026-05-01 15:39:45,427:WARNING:/Users/ramsundar/Documents/IITM-Graded-Projects/Capstone/.venv/lib/python3.11/site-packages/pycaret/internal/metrics.py:204: FitFailedWarning: Metric 'make_scorer(roc_auc_score, response_method=('decision_function', 'predict_proba'), average=weighted, multi_class=ovr)' failed and error score 0.0 has been returned instead. If this is a custom metric, this usually means that the error is in the metric code. Full exception below:
Traceback (most recent call last):
  File "/Users/ramsundar/Documents/IITM-Graded-Projects/Capstone/.venv/lib/python3.11/site-packages/pycaret/internal/metrics.py", line 196, in _score
    return super()._score(
           ^^^^^^^^^^^^^^^
  File "/Users/ramsundar/Documents/IITM-Graded-Projects/Capstone/.venv/lib/python3.11/site-packages/sklearn/metrics/_scorer.py", line 350, in _score
    return self._sign * self._score_func(y_true, y_pred, **scoring_kwargs)
                        ^^^^^^^^^^^^^^^^^^^^^^^^^^^^^^^^^^^^^^^^^^^^^^^^^^
  File "/Users/ramsundar/Documents/IITM-Graded-Projects/Capstone/.venv/lib/python3.11/site-packages/pycaret/internal/metrics.py", line 144, in __call__
    return self.score_func(y_true, y_pred, **kwargs)
           ^^^^^^^^^^^^^^^^^^^^^^^^^^^^^^^^^^^^^^^^^
  File "/Users/ramsundar/Documents/IITM-Graded-Projects/Capstone/.venv/lib/python3.11/site-packages/sklearn/utils/_param_validation.py", line 213, in wrapper
    return func(*args, **kwargs)
           ^^^^^^^^^^^^^^^^^^^^^
  File "/Users/ramsundar/Documents/IITM-Graded-Projects/Capstone/.venv/lib/python3.11/site-packages/sklearn/metrics/_ranking.py", line 634, in roc_auc_score
    return _multiclass_roc_auc_score(
           ^^^^^^^^^^^^^^^^^^^^^^^^^^
  File "/Users/ramsundar/Documents/IITM-Graded-Projects/Capstone/.venv/lib/python3.11/site-packages/sklearn/metrics/_ranking.py", line 707, in _multiclass_roc_auc_score
    raise ValueError(
ValueError: Target scores need to be probabilities for multiclass roc_auc, i.e. they should sum up to 1.0 over classes

  warnings.warn(

2026-05-01 15:39:45,429:WARNING:/Users/ramsundar/Documents/IITM-Graded-Projects/Capstone/.venv/lib/python3.11/site-packages/pycaret/internal/metrics.py:204: FitFailedWarning: Metric 'make_scorer(roc_auc_score, response_method=('decision_function', 'predict_proba'), average=weighted, multi_class=ovr)' failed and error score 0.0 has been returned instead. If this is a custom metric, this usually means that the error is in the metric code. Full exception below:
Traceback (most recent call last):
  File "/Users/ramsundar/Documents/IITM-Graded-Projects/Capstone/.venv/lib/python3.11/site-packages/pycaret/internal/metrics.py", line 196, in _score
    return super()._score(
           ^^^^^^^^^^^^^^^
  File "/Users/ramsundar/Documents/IITM-Graded-Projects/Capstone/.venv/lib/python3.11/site-packages/sklearn/metrics/_scorer.py", line 350, in _score
    return self._sign * self._score_func(y_true, y_pred, **scoring_kwargs)
                        ^^^^^^^^^^^^^^^^^^^^^^^^^^^^^^^^^^^^^^^^^^^^^^^^^^
  File "/Users/ramsundar/Documents/IITM-Graded-Projects/Capstone/.venv/lib/python3.11/site-packages/pycaret/internal/metrics.py", line 144, in __call__
    return self.score_func(y_true, y_pred, **kwargs)
           ^^^^^^^^^^^^^^^^^^^^^^^^^^^^^^^^^^^^^^^^^
  File "/Users/ramsundar/Documents/IITM-Graded-Projects/Capstone/.venv/lib/python3.11/site-packages/sklearn/utils/_param_validation.py", line 213, in wrapper
    return func(*args, **kwargs)
           ^^^^^^^^^^^^^^^^^^^^^
  File "/Users/ramsundar/Documents/IITM-Graded-Projects/Capstone/.venv/lib/python3.11/site-packages/sklearn/metrics/_ranking.py", line 634, in roc_auc_score
    return _multiclass_roc_auc_score(
           ^^^^^^^^^^^^^^^^^^^^^^^^^^
  File "/Users/ramsundar/Documents/IITM-Graded-Projects/Capstone/.venv/lib/python3.11/site-packages/sklearn/metrics/_ranking.py", line 707, in _multiclass_roc_auc_score
    raise ValueError(
ValueError: Target scores need to be probabilities for multiclass roc_auc, i.e. they should sum up to 1.0 over classes

  warnings.warn(

2026-05-01 15:39:45,429:WARNING:/Users/ramsundar/Documents/IITM-Graded-Projects/Capstone/.venv/lib/python3.11/site-packages/sklearn/metrics/_classification.py:1561: UserWarning: Note that pos_label (set to 'Rejected') is ignored when average != 'binary' (got 'weighted'). You may use labels=[pos_label] to specify a single positive class.
  warnings.warn(

2026-05-01 15:39:45,430:WARNING:/Users/ramsundar/Documents/IITM-Graded-Projects/Capstone/.venv/lib/python3.11/site-packages/sklearn/metrics/_classification.py:1561: UserWarning: Note that pos_label (set to 'Rejected') is ignored when average != 'binary' (got 'weighted'). You may use labels=[pos_label] to specify a single positive class.
  warnings.warn(

2026-05-01 15:39:45,433:WARNING:/Users/ramsundar/Documents/IITM-Graded-Projects/Capstone/.venv/lib/python3.11/site-packages/sklearn/metrics/_classification.py:1561: UserWarning: Note that pos_label (set to 'Rejected') is ignored when average != 'binary' (got 'weighted'). You may use labels=[pos_label] to specify a single positive class.
  warnings.warn(

2026-05-01 15:39:45,435:WARNING:/Users/ramsundar/Documents/IITM-Graded-Projects/Capstone/.venv/lib/python3.11/site-packages/sklearn/metrics/_classification.py:1561: UserWarning: Note that pos_label (set to 'Rejected') is ignored when average != 'binary' (got 'weighted'). You may use labels=[pos_label] to specify a single positive class.
  warnings.warn(

2026-05-01 15:39:45,438:WARNING:/Users/ramsundar/Documents/IITM-Graded-Projects/Capstone/.venv/lib/python3.11/site-packages/sklearn/metrics/_classification.py:1561: UserWarning: Note that pos_label (set to 'Rejected') is ignored when average != 'binary' (got 'weighted'). You may use labels=[pos_label] to specify a single positive class.
  warnings.warn(

2026-05-01 15:39:45,439:WARNING:/Users/ramsundar/Documents/IITM-Graded-Projects/Capstone/.venv/lib/python3.11/site-packages/sklearn/metrics/_classification.py:1561: UserWarning: Note that pos_label (set to 'Rejected') is ignored when average != 'binary' (got 'weighted'). You may use labels=[pos_label] to specify a single positive class.
  warnings.warn(

2026-05-01 15:39:45,739:WARNING:/Users/ramsundar/Documents/IITM-Graded-Projects/Capstone/.venv/lib/python3.11/site-packages/pycaret/internal/metrics.py:204: FitFailedWarning: Metric 'make_scorer(roc_auc_score, response_method=('decision_function', 'predict_proba'), average=weighted, multi_class=ovr)' failed and error score 0.0 has been returned instead. If this is a custom metric, this usually means that the error is in the metric code. Full exception below:
Traceback (most recent call last):
  File "/Users/ramsundar/Documents/IITM-Graded-Projects/Capstone/.venv/lib/python3.11/site-packages/pycaret/internal/metrics.py", line 196, in _score
    return super()._score(
           ^^^^^^^^^^^^^^^
  File "/Users/ramsundar/Documents/IITM-Graded-Projects/Capstone/.venv/lib/python3.11/site-packages/sklearn/metrics/_scorer.py", line 350, in _score
    return self._sign * self._score_func(y_true, y_pred, **scoring_kwargs)
                        ^^^^^^^^^^^^^^^^^^^^^^^^^^^^^^^^^^^^^^^^^^^^^^^^^^
  File "/Users/ramsundar/Documents/IITM-Graded-Projects/Capstone/.venv/lib/python3.11/site-packages/pycaret/internal/metrics.py", line 144, in __call__
    return self.score_func(y_true, y_pred, **kwargs)
           ^^^^^^^^^^^^^^^^^^^^^^^^^^^^^^^^^^^^^^^^^
  File "/Users/ramsundar/Documents/IITM-Graded-Projects/Capstone/.venv/lib/python3.11/site-packages/sklearn/utils/_param_validation.py", line 213, in wrapper
    return func(*args, **kwargs)
           ^^^^^^^^^^^^^^^^^^^^^
  File "/Users/ramsundar/Documents/IITM-Graded-Projects/Capstone/.venv/lib/python3.11/site-packages/sklearn/metrics/_ranking.py", line 634, in roc_auc_score
    return _multiclass_roc_auc_score(
           ^^^^^^^^^^^^^^^^^^^^^^^^^^
  File "/Users/ramsundar/Documents/IITM-Graded-Projects/Capstone/.venv/lib/python3.11/site-packages/sklearn/metrics/_ranking.py", line 707, in _multiclass_roc_auc_score
    raise ValueError(
ValueError: Target scores need to be probabilities for multiclass roc_auc, i.e. they should sum up to 1.0 over classes

  warnings.warn(

2026-05-01 15:39:45,741:WARNING:/Users/ramsundar/Documents/IITM-Graded-Projects/Capstone/.venv/lib/python3.11/site-packages/sklearn/metrics/_classification.py:1561: UserWarning: Note that pos_label (set to 'Rejected') is ignored when average != 'binary' (got 'weighted'). You may use labels=[pos_label] to specify a single positive class.
  warnings.warn(

2026-05-01 15:39:45,746:WARNING:/Users/ramsundar/Documents/IITM-Graded-Projects/Capstone/.venv/lib/python3.11/site-packages/sklearn/metrics/_classification.py:1561: UserWarning: Note that pos_label (set to 'Rejected') is ignored when average != 'binary' (got 'weighted'). You may use labels=[pos_label] to specify a single positive class.
  warnings.warn(

2026-05-01 15:39:45,751:WARNING:/Users/ramsundar/Documents/IITM-Graded-Projects/Capstone/.venv/lib/python3.11/site-packages/sklearn/metrics/_classification.py:1561: UserWarning: Note that pos_label (set to 'Rejected') is ignored when average != 'binary' (got 'weighted'). You may use labels=[pos_label] to specify a single positive class.
  warnings.warn(

2026-05-01 15:39:45,835:WARNING:/Users/ramsundar/Documents/IITM-Graded-Projects/Capstone/.venv/lib/python3.11/site-packages/pycaret/internal/metrics.py:204: FitFailedWarning: Metric 'make_scorer(roc_auc_score, response_method=('decision_function', 'predict_proba'), average=weighted, multi_class=ovr)' failed and error score 0.0 has been returned instead. If this is a custom metric, this usually means that the error is in the metric code. Full exception below:
Traceback (most recent call last):
  File "/Users/ramsundar/Documents/IITM-Graded-Projects/Capstone/.venv/lib/python3.11/site-packages/pycaret/internal/metrics.py", line 196, in _score
    return super()._score(
           ^^^^^^^^^^^^^^^
  File "/Users/ramsundar/Documents/IITM-Graded-Projects/Capstone/.venv/lib/python3.11/site-packages/sklearn/metrics/_scorer.py", line 350, in _score
    return self._sign * self._score_func(y_true, y_pred, **scoring_kwargs)
                        ^^^^^^^^^^^^^^^^^^^^^^^^^^^^^^^^^^^^^^^^^^^^^^^^^^
  File "/Users/ramsundar/Documents/IITM-Graded-Projects/Capstone/.venv/lib/python3.11/site-packages/pycaret/internal/metrics.py", line 144, in __call__
    return self.score_func(y_true, y_pred, **kwargs)
           ^^^^^^^^^^^^^^^^^^^^^^^^^^^^^^^^^^^^^^^^^
  File "/Users/ramsundar/Documents/IITM-Graded-Projects/Capstone/.venv/lib/python3.11/site-packages/sklearn/utils/_param_validation.py", line 213, in wrapper
    return func(*args, **kwargs)
           ^^^^^^^^^^^^^^^^^^^^^
  File "/Users/ramsundar/Documents/IITM-Graded-Projects/Capstone/.venv/lib/python3.11/site-packages/sklearn/metrics/_ranking.py", line 634, in roc_auc_score
    return _multiclass_roc_auc_score(
           ^^^^^^^^^^^^^^^^^^^^^^^^^^
  File "/Users/ramsundar/Documents/IITM-Graded-Projects/Capstone/.venv/lib/python3.11/site-packages/sklearn/metrics/_ranking.py", line 707, in _multiclass_roc_auc_score
    raise ValueError(
ValueError: Target scores need to be probabilities for multiclass roc_auc, i.e. they should sum up to 1.0 over classes

  warnings.warn(

2026-05-01 15:39:45,837:WARNING:/Users/ramsundar/Documents/IITM-Graded-Projects/Capstone/.venv/lib/python3.11/site-packages/sklearn/metrics/_classification.py:1561: UserWarning: Note that pos_label (set to 'Rejected') is ignored when average != 'binary' (got 'weighted'). You may use labels=[pos_label] to specify a single positive class.
  warnings.warn(

2026-05-01 15:39:45,842:WARNING:/Users/ramsundar/Documents/IITM-Graded-Projects/Capstone/.venv/lib/python3.11/site-packages/sklearn/metrics/_classification.py:1561: UserWarning: Note that pos_label (set to 'Rejected') is ignored when average != 'binary' (got 'weighted'). You may use labels=[pos_label] to specify a single positive class.
  warnings.warn(

2026-05-01 15:39:45,846:WARNING:/Users/ramsundar/Documents/IITM-Graded-Projects/Capstone/.venv/lib/python3.11/site-packages/sklearn/metrics/_classification.py:1561: UserWarning: Note that pos_label (set to 'Rejected') is ignored when average != 'binary' (got 'weighted'). You may use labels=[pos_label] to specify a single positive class.
  warnings.warn(

2026-05-01 15:39:55,418:WARNING:/Users/ramsundar/Documents/IITM-Graded-Projects/Capstone/.venv/lib/python3.11/site-packages/pycaret/internal/metrics.py:204: FitFailedWarning: Metric 'make_scorer(roc_auc_score, response_method=('decision_function', 'predict_proba'), average=weighted, multi_class=ovr)' failed and error score 0.0 has been returned instead. If this is a custom metric, this usually means that the error is in the metric code. Full exception below:
Traceback (most recent call last):
  File "/Users/ramsundar/Documents/IITM-Graded-Projects/Capstone/.venv/lib/python3.11/site-packages/pycaret/internal/metrics.py", line 196, in _score
    return super()._score(
           ^^^^^^^^^^^^^^^
  File "/Users/ramsundar/Documents/IITM-Graded-Projects/Capstone/.venv/lib/python3.11/site-packages/sklearn/metrics/_scorer.py", line 350, in _score
    return self._sign * self._score_func(y_true, y_pred, **scoring_kwargs)
                        ^^^^^^^^^^^^^^^^^^^^^^^^^^^^^^^^^^^^^^^^^^^^^^^^^^
  File "/Users/ramsundar/Documents/IITM-Graded-Projects/Capstone/.venv/lib/python3.11/site-packages/pycaret/internal/metrics.py", line 144, in __call__
    return self.score_func(y_true, y_pred, **kwargs)
           ^^^^^^^^^^^^^^^^^^^^^^^^^^^^^^^^^^^^^^^^^
  File "/Users/ramsundar/Documents/IITM-Graded-Projects/Capstone/.venv/lib/python3.11/site-packages/sklearn/utils/_param_validation.py", line 213, in wrapper
    return func(*args, **kwargs)
           ^^^^^^^^^^^^^^^^^^^^^
  File "/Users/ramsundar/Documents/IITM-Graded-Projects/Capstone/.venv/lib/python3.11/site-packages/sklearn/metrics/_ranking.py", line 634, in roc_auc_score
    return _multiclass_roc_auc_score(
           ^^^^^^^^^^^^^^^^^^^^^^^^^^
  File "/Users/ramsundar/Documents/IITM-Graded-Projects/Capstone/.venv/lib/python3.11/site-packages/sklearn/metrics/_ranking.py", line 707, in _multiclass_roc_auc_score
    raise ValueError(
ValueError: Target scores need to be probabilities for multiclass roc_auc, i.e. they should sum up to 1.0 over classes

  warnings.warn(

2026-05-01 15:39:55,419:WARNING:/Users/ramsundar/Documents/IITM-Graded-Projects/Capstone/.venv/lib/python3.11/site-packages/pycaret/internal/metrics.py:204: FitFailedWarning: Metric 'make_scorer(roc_auc_score, response_method=('decision_function', 'predict_proba'), average=weighted, multi_class=ovr)' failed and error score 0.0 has been returned instead. If this is a custom metric, this usually means that the error is in the metric code. Full exception below:
Traceback (most recent call last):
  File "/Users/ramsundar/Documents/IITM-Graded-Projects/Capstone/.venv/lib/python3.11/site-packages/pycaret/internal/metrics.py", line 196, in _score
    return super()._score(
           ^^^^^^^^^^^^^^^
  File "/Users/ramsundar/Documents/IITM-Graded-Projects/Capstone/.venv/lib/python3.11/site-packages/sklearn/metrics/_scorer.py", line 350, in _score
    return self._sign * self._score_func(y_true, y_pred, **scoring_kwargs)
                        ^^^^^^^^^^^^^^^^^^^^^^^^^^^^^^^^^^^^^^^^^^^^^^^^^^
  File "/Users/ramsundar/Documents/IITM-Graded-Projects/Capstone/.venv/lib/python3.11/site-packages/pycaret/internal/metrics.py", line 144, in __call__
    return self.score_func(y_true, y_pred, **kwargs)
           ^^^^^^^^^^^^^^^^^^^^^^^^^^^^^^^^^^^^^^^^^
  File "/Users/ramsundar/Documents/IITM-Graded-Projects/Capstone/.venv/lib/python3.11/site-packages/sklearn/utils/_param_validation.py", line 213, in wrapper
    return func(*args, **kwargs)
           ^^^^^^^^^^^^^^^^^^^^^
  File "/Users/ramsundar/Documents/IITM-Graded-Projects/Capstone/.venv/lib/python3.11/site-packages/sklearn/metrics/_ranking.py", line 634, in roc_auc_score
    return _multiclass_roc_auc_score(
           ^^^^^^^^^^^^^^^^^^^^^^^^^^
  File "/Users/ramsundar/Documents/IITM-Graded-Projects/Capstone/.venv/lib/python3.11/site-packages/sklearn/metrics/_ranking.py", line 707, in _multiclass_roc_auc_score
    raise ValueError(
ValueError: Target scores need to be probabilities for multiclass roc_auc, i.e. they should sum up to 1.0 over classes

  warnings.warn(

2026-05-01 15:39:55,421:WARNING:/Users/ramsundar/Documents/IITM-Graded-Projects/Capstone/.venv/lib/python3.11/site-packages/sklearn/metrics/_classification.py:1561: UserWarning: Note that pos_label (set to 'Rejected') is ignored when average != 'binary' (got 'weighted'). You may use labels=[pos_label] to specify a single positive class.
  warnings.warn(

2026-05-01 15:39:55,423:WARNING:/Users/ramsundar/Documents/IITM-Graded-Projects/Capstone/.venv/lib/python3.11/site-packages/sklearn/metrics/_classification.py:1561: UserWarning: Note that pos_label (set to 'Rejected') is ignored when average != 'binary' (got 'weighted'). You may use labels=[pos_label] to specify a single positive class.
  warnings.warn(

2026-05-01 15:39:55,428:WARNING:/Users/ramsundar/Documents/IITM-Graded-Projects/Capstone/.venv/lib/python3.11/site-packages/sklearn/metrics/_classification.py:1561: UserWarning: Note that pos_label (set to 'Rejected') is ignored when average != 'binary' (got 'weighted'). You may use labels=[pos_label] to specify a single positive class.
  warnings.warn(

2026-05-01 15:39:55,432:WARNING:/Users/ramsundar/Documents/IITM-Graded-Projects/Capstone/.venv/lib/python3.11/site-packages/sklearn/metrics/_classification.py:1561: UserWarning: Note that pos_label (set to 'Rejected') is ignored when average != 'binary' (got 'weighted'). You may use labels=[pos_label] to specify a single positive class.
  warnings.warn(

2026-05-01 15:39:55,435:WARNING:/Users/ramsundar/Documents/IITM-Graded-Projects/Capstone/.venv/lib/python3.11/site-packages/pycaret/internal/metrics.py:204: FitFailedWarning: Metric 'make_scorer(roc_auc_score, response_method=('decision_function', 'predict_proba'), average=weighted, multi_class=ovr)' failed and error score 0.0 has been returned instead. If this is a custom metric, this usually means that the error is in the metric code. Full exception below:
Traceback (most recent call last):
  File "/Users/ramsundar/Documents/IITM-Graded-Projects/Capstone/.venv/lib/python3.11/site-packages/pycaret/internal/metrics.py", line 196, in _score
    return super()._score(
           ^^^^^^^^^^^^^^^
  File "/Users/ramsundar/Documents/IITM-Graded-Projects/Capstone/.venv/lib/python3.11/site-packages/sklearn/metrics/_scorer.py", line 350, in _score
    return self._sign * self._score_func(y_true, y_pred, **scoring_kwargs)
                        ^^^^^^^^^^^^^^^^^^^^^^^^^^^^^^^^^^^^^^^^^^^^^^^^^^
  File "/Users/ramsundar/Documents/IITM-Graded-Projects/Capstone/.venv/lib/python3.11/site-packages/pycaret/internal/metrics.py", line 144, in __call__
    return self.score_func(y_true, y_pred, **kwargs)
           ^^^^^^^^^^^^^^^^^^^^^^^^^^^^^^^^^^^^^^^^^
  File "/Users/ramsundar/Documents/IITM-Graded-Projects/Capstone/.venv/lib/python3.11/site-packages/sklearn/utils/_param_validation.py", line 213, in wrapper
    return func(*args, **kwargs)
           ^^^^^^^^^^^^^^^^^^^^^
  File "/Users/ramsundar/Documents/IITM-Graded-Projects/Capstone/.venv/lib/python3.11/site-packages/sklearn/metrics/_ranking.py", line 634, in roc_auc_score
    return _multiclass_roc_auc_score(
           ^^^^^^^^^^^^^^^^^^^^^^^^^^
  File "/Users/ramsundar/Documents/IITM-Graded-Projects/Capstone/.venv/lib/python3.11/site-packages/sklearn/metrics/_ranking.py", line 707, in _multiclass_roc_auc_score
    raise ValueError(
ValueError: Target scores need to be probabilities for multiclass roc_auc, i.e. they should sum up to 1.0 over classes

  warnings.warn(

2026-05-01 15:39:55,436:WARNING:/Users/ramsundar/Documents/IITM-Graded-Projects/Capstone/.venv/lib/python3.11/site-packages/sklearn/metrics/_classification.py:1561: UserWarning: Note that pos_label (set to 'Rejected') is ignored when average != 'binary' (got 'weighted'). You may use labels=[pos_label] to specify a single positive class.
  warnings.warn(

2026-05-01 15:39:55,440:WARNING:/Users/ramsundar/Documents/IITM-Graded-Projects/Capstone/.venv/lib/python3.11/site-packages/sklearn/metrics/_classification.py:1561: UserWarning: Note that pos_label (set to 'Rejected') is ignored when average != 'binary' (got 'weighted'). You may use labels=[pos_label] to specify a single positive class.
  warnings.warn(

2026-05-01 15:39:55,444:WARNING:/Users/ramsundar/Documents/IITM-Graded-Projects/Capstone/.venv/lib/python3.11/site-packages/sklearn/metrics/_classification.py:1561: UserWarning: Note that pos_label (set to 'Rejected') is ignored when average != 'binary' (got 'weighted'). You may use labels=[pos_label] to specify a single positive class.
  warnings.warn(

2026-05-01 15:39:55,455:WARNING:/Users/ramsundar/Documents/IITM-Graded-Projects/Capstone/.venv/lib/python3.11/site-packages/sklearn/metrics/_classification.py:1561: UserWarning: Note that pos_label (set to 'Rejected') is ignored when average != 'binary' (got 'weighted'). You may use labels=[pos_label] to specify a single positive class.
  warnings.warn(

2026-05-01 15:39:55,459:WARNING:/Users/ramsundar/Documents/IITM-Graded-Projects/Capstone/.venv/lib/python3.11/site-packages/pycaret/internal/metrics.py:204: FitFailedWarning: Metric 'make_scorer(roc_auc_score, response_method=('decision_function', 'predict_proba'), average=weighted, multi_class=ovr)' failed and error score 0.0 has been returned instead. If this is a custom metric, this usually means that the error is in the metric code. Full exception below:
Traceback (most recent call last):
  File "/Users/ramsundar/Documents/IITM-Graded-Projects/Capstone/.venv/lib/python3.11/site-packages/pycaret/internal/metrics.py", line 196, in _score
    return super()._score(
           ^^^^^^^^^^^^^^^
  File "/Users/ramsundar/Documents/IITM-Graded-Projects/Capstone/.venv/lib/python3.11/site-packages/sklearn/metrics/_scorer.py", line 350, in _score
    return self._sign * self._score_func(y_true, y_pred, **scoring_kwargs)
                        ^^^^^^^^^^^^^^^^^^^^^^^^^^^^^^^^^^^^^^^^^^^^^^^^^^
  File "/Users/ramsundar/Documents/IITM-Graded-Projects/Capstone/.venv/lib/python3.11/site-packages/pycaret/internal/metrics.py", line 144, in __call__
    return self.score_func(y_true, y_pred, **kwargs)
           ^^^^^^^^^^^^^^^^^^^^^^^^^^^^^^^^^^^^^^^^^
  File "/Users/ramsundar/Documents/IITM-Graded-Projects/Capstone/.venv/lib/python3.11/site-packages/sklearn/utils/_param_validation.py", line 213, in wrapper
    return func(*args, **kwargs)
           ^^^^^^^^^^^^^^^^^^^^^
  File "/Users/ramsundar/Documents/IITM-Graded-Projects/Capstone/.venv/lib/python3.11/site-packages/sklearn/metrics/_ranking.py", line 634, in roc_auc_score
    return _multiclass_roc_auc_score(
           ^^^^^^^^^^^^^^^^^^^^^^^^^^
  File "/Users/ramsundar/Documents/IITM-Graded-Projects/Capstone/.venv/lib/python3.11/site-packages/sklearn/metrics/_ranking.py", line 707, in _multiclass_roc_auc_score
    raise ValueError(
ValueError: Target scores need to be probabilities for multiclass roc_auc, i.e. they should sum up to 1.0 over classes

  warnings.warn(

2026-05-01 15:39:55,462:WARNING:/Users/ramsundar/Documents/IITM-Graded-Projects/Capstone/.venv/lib/python3.11/site-packages/sklearn/metrics/_classification.py:1561: UserWarning: Note that pos_label (set to 'Rejected') is ignored when average != 'binary' (got 'weighted'). You may use labels=[pos_label] to specify a single positive class.
  warnings.warn(

2026-05-01 15:39:55,466:WARNING:/Users/ramsundar/Documents/IITM-Graded-Projects/Capstone/.venv/lib/python3.11/site-packages/sklearn/metrics/_classification.py:1561: UserWarning: Note that pos_label (set to 'Rejected') is ignored when average != 'binary' (got 'weighted'). You may use labels=[pos_label] to specify a single positive class.
  warnings.warn(

2026-05-01 15:39:55,472:WARNING:/Users/ramsundar/Documents/IITM-Graded-Projects/Capstone/.venv/lib/python3.11/site-packages/sklearn/metrics/_classification.py:1561: UserWarning: Note that pos_label (set to 'Rejected') is ignored when average != 'binary' (got 'weighted'). You may use labels=[pos_label] to specify a single positive class.
  warnings.warn(

2026-05-01 15:39:55,481:WARNING:/Users/ramsundar/Documents/IITM-Graded-Projects/Capstone/.venv/lib/python3.11/site-packages/sklearn/metrics/_classification.py:1561: UserWarning: Note that pos_label (set to 'Rejected') is ignored when average != 'binary' (got 'weighted'). You may use labels=[pos_label] to specify a single positive class.
  warnings.warn(

2026-05-01 15:39:55,499:WARNING:/Users/ramsundar/Documents/IITM-Graded-Projects/Capstone/.venv/lib/python3.11/site-packages/pycaret/internal/metrics.py:204: FitFailedWarning: Metric 'make_scorer(roc_auc_score, response_method=('decision_function', 'predict_proba'), average=weighted, multi_class=ovr)' failed and error score 0.0 has been returned instead. If this is a custom metric, this usually means that the error is in the metric code. Full exception below:
Traceback (most recent call last):
  File "/Users/ramsundar/Documents/IITM-Graded-Projects/Capstone/.venv/lib/python3.11/site-packages/pycaret/internal/metrics.py", line 196, in _score
    return super()._score(
           ^^^^^^^^^^^^^^^
  File "/Users/ramsundar/Documents/IITM-Graded-Projects/Capstone/.venv/lib/python3.11/site-packages/sklearn/metrics/_scorer.py", line 350, in _score
    return self._sign * self._score_func(y_true, y_pred, **scoring_kwargs)
                        ^^^^^^^^^^^^^^^^^^^^^^^^^^^^^^^^^^^^^^^^^^^^^^^^^^
  File "/Users/ramsundar/Documents/IITM-Graded-Projects/Capstone/.venv/lib/python3.11/site-packages/pycaret/internal/metrics.py", line 144, in __call__
    return self.score_func(y_true, y_pred, **kwargs)
           ^^^^^^^^^^^^^^^^^^^^^^^^^^^^^^^^^^^^^^^^^
  File "/Users/ramsundar/Documents/IITM-Graded-Projects/Capstone/.venv/lib/python3.11/site-packages/sklearn/utils/_param_validation.py", line 213, in wrapper
    return func(*args, **kwargs)
           ^^^^^^^^^^^^^^^^^^^^^
  File "/Users/ramsundar/Documents/IITM-Graded-Projects/Capstone/.venv/lib/python3.11/site-packages/sklearn/metrics/_ranking.py", line 634, in roc_auc_score
    return _multiclass_roc_auc_score(
           ^^^^^^^^^^^^^^^^^^^^^^^^^^
  File "/Users/ramsundar/Documents/IITM-Graded-Projects/Capstone/.venv/lib/python3.11/site-packages/sklearn/metrics/_ranking.py", line 707, in _multiclass_roc_auc_score
    raise ValueError(
ValueError: Target scores need to be probabilities for multiclass roc_auc, i.e. they should sum up to 1.0 over classes

  warnings.warn(

2026-05-01 15:39:55,501:WARNING:/Users/ramsundar/Documents/IITM-Graded-Projects/Capstone/.venv/lib/python3.11/site-packages/sklearn/metrics/_classification.py:1561: UserWarning: Note that pos_label (set to 'Rejected') is ignored when average != 'binary' (got 'weighted'). You may use labels=[pos_label] to specify a single positive class.
  warnings.warn(

2026-05-01 15:39:55,502:WARNING:/Users/ramsundar/Documents/IITM-Graded-Projects/Capstone/.venv/lib/python3.11/site-packages/pycaret/internal/metrics.py:204: FitFailedWarning: Metric 'make_scorer(roc_auc_score, response_method=('decision_function', 'predict_proba'), average=weighted, multi_class=ovr)' failed and error score 0.0 has been returned instead. If this is a custom metric, this usually means that the error is in the metric code. Full exception below:
Traceback (most recent call last):
  File "/Users/ramsundar/Documents/IITM-Graded-Projects/Capstone/.venv/lib/python3.11/site-packages/pycaret/internal/metrics.py", line 196, in _score
    return super()._score(
           ^^^^^^^^^^^^^^^
  File "/Users/ramsundar/Documents/IITM-Graded-Projects/Capstone/.venv/lib/python3.11/site-packages/sklearn/metrics/_scorer.py", line 350, in _score
    return self._sign * self._score_func(y_true, y_pred, **scoring_kwargs)
                        ^^^^^^^^^^^^^^^^^^^^^^^^^^^^^^^^^^^^^^^^^^^^^^^^^^
  File "/Users/ramsundar/Documents/IITM-Graded-Projects/Capstone/.venv/lib/python3.11/site-packages/pycaret/internal/metrics.py", line 144, in __call__
    return self.score_func(y_true, y_pred, **kwargs)
           ^^^^^^^^^^^^^^^^^^^^^^^^^^^^^^^^^^^^^^^^^
  File "/Users/ramsundar/Documents/IITM-Graded-Projects/Capstone/.venv/lib/python3.11/site-packages/sklearn/utils/_param_validation.py", line 213, in wrapper
    return func(*args, **kwargs)
           ^^^^^^^^^^^^^^^^^^^^^
  File "/Users/ramsundar/Documents/IITM-Graded-Projects/Capstone/.venv/lib/python3.11/site-packages/sklearn/metrics/_ranking.py", line 634, in roc_auc_score
    return _multiclass_roc_auc_score(
           ^^^^^^^^^^^^^^^^^^^^^^^^^^
  File "/Users/ramsundar/Documents/IITM-Graded-Projects/Capstone/.venv/lib/python3.11/site-packages/sklearn/metrics/_ranking.py", line 707, in _multiclass_roc_auc_score
    raise ValueError(
ValueError: Target scores need to be probabilities for multiclass roc_auc, i.e. they should sum up to 1.0 over classes

  warnings.warn(

2026-05-01 15:39:55,504:WARNING:/Users/ramsundar/Documents/IITM-Graded-Projects/Capstone/.venv/lib/python3.11/site-packages/sklearn/metrics/_classification.py:1561: UserWarning: Note that pos_label (set to 'Rejected') is ignored when average != 'binary' (got 'weighted'). You may use labels=[pos_label] to specify a single positive class.
  warnings.warn(

2026-05-01 15:39:55,506:WARNING:/Users/ramsundar/Documents/IITM-Graded-Projects/Capstone/.venv/lib/python3.11/site-packages/sklearn/metrics/_classification.py:1561: UserWarning: Note that pos_label (set to 'Rejected') is ignored when average != 'binary' (got 'weighted'). You may use labels=[pos_label] to specify a single positive class.
  warnings.warn(

2026-05-01 15:39:55,509:WARNING:/Users/ramsundar/Documents/IITM-Graded-Projects/Capstone/.venv/lib/python3.11/site-packages/sklearn/metrics/_classification.py:1561: UserWarning: Note that pos_label (set to 'Rejected') is ignored when average != 'binary' (got 'weighted'). You may use labels=[pos_label] to specify a single positive class.
  warnings.warn(

2026-05-01 15:39:55,511:WARNING:/Users/ramsundar/Documents/IITM-Graded-Projects/Capstone/.venv/lib/python3.11/site-packages/pycaret/internal/metrics.py:204: FitFailedWarning: Metric 'make_scorer(roc_auc_score, response_method=('decision_function', 'predict_proba'), average=weighted, multi_class=ovr)' failed and error score 0.0 has been returned instead. If this is a custom metric, this usually means that the error is in the metric code. Full exception below:
Traceback (most recent call last):
  File "/Users/ramsundar/Documents/IITM-Graded-Projects/Capstone/.venv/lib/python3.11/site-packages/pycaret/internal/metrics.py", line 196, in _score
    return super()._score(
           ^^^^^^^^^^^^^^^
  File "/Users/ramsundar/Documents/IITM-Graded-Projects/Capstone/.venv/lib/python3.11/site-packages/sklearn/metrics/_scorer.py", line 350, in _score
    return self._sign * self._score_func(y_true, y_pred, **scoring_kwargs)
                        ^^^^^^^^^^^^^^^^^^^^^^^^^^^^^^^^^^^^^^^^^^^^^^^^^^
  File "/Users/ramsundar/Documents/IITM-Graded-Projects/Capstone/.venv/lib/python3.11/site-packages/pycaret/internal/metrics.py", line 144, in __call__
    return self.score_func(y_true, y_pred, **kwargs)
           ^^^^^^^^^^^^^^^^^^^^^^^^^^^^^^^^^^^^^^^^^
  File "/Users/ramsundar/Documents/IITM-Graded-Projects/Capstone/.venv/lib/python3.11/site-packages/sklearn/utils/_param_validation.py", line 213, in wrapper
    return func(*args, **kwargs)
           ^^^^^^^^^^^^^^^^^^^^^
  File "/Users/ramsundar/Documents/IITM-Graded-Projects/Capstone/.venv/lib/python3.11/site-packages/sklearn/metrics/_ranking.py", line 634, in roc_auc_score
    return _multiclass_roc_auc_score(
           ^^^^^^^^^^^^^^^^^^^^^^^^^^
  File "/Users/ramsundar/Documents/IITM-Graded-Projects/Capstone/.venv/lib/python3.11/site-packages/sklearn/metrics/_ranking.py", line 707, in _multiclass_roc_auc_score
    raise ValueError(
ValueError: Target scores need to be probabilities for multiclass roc_auc, i.e. they should sum up to 1.0 over classes

  warnings.warn(

2026-05-01 15:39:55,513:WARNING:/Users/ramsundar/Documents/IITM-Graded-Projects/Capstone/.venv/lib/python3.11/site-packages/sklearn/metrics/_classification.py:1561: UserWarning: Note that pos_label (set to 'Rejected') is ignored when average != 'binary' (got 'weighted'). You may use labels=[pos_label] to specify a single positive class.
  warnings.warn(

2026-05-01 15:39:55,514:WARNING:/Users/ramsundar/Documents/IITM-Graded-Projects/Capstone/.venv/lib/python3.11/site-packages/sklearn/metrics/_classification.py:1561: UserWarning: Note that pos_label (set to 'Rejected') is ignored when average != 'binary' (got 'weighted'). You may use labels=[pos_label] to specify a single positive class.
  warnings.warn(

2026-05-01 15:39:55,515:WARNING:/Users/ramsundar/Documents/IITM-Graded-Projects/Capstone/.venv/lib/python3.11/site-packages/sklearn/metrics/_classification.py:1561: UserWarning: Note that pos_label (set to 'Rejected') is ignored when average != 'binary' (got 'weighted'). You may use labels=[pos_label] to specify a single positive class.
  warnings.warn(

2026-05-01 15:39:55,518:WARNING:/Users/ramsundar/Documents/IITM-Graded-Projects/Capstone/.venv/lib/python3.11/site-packages/sklearn/metrics/_classification.py:1561: UserWarning: Note that pos_label (set to 'Rejected') is ignored when average != 'binary' (got 'weighted'). You may use labels=[pos_label] to specify a single positive class.
  warnings.warn(

2026-05-01 15:39:55,519:WARNING:/Users/ramsundar/Documents/IITM-Graded-Projects/Capstone/.venv/lib/python3.11/site-packages/pycaret/internal/metrics.py:204: FitFailedWarning: Metric 'make_scorer(roc_auc_score, response_method=('decision_function', 'predict_proba'), average=weighted, multi_class=ovr)' failed and error score 0.0 has been returned instead. If this is a custom metric, this usually means that the error is in the metric code. Full exception below:
Traceback (most recent call last):
  File "/Users/ramsundar/Documents/IITM-Graded-Projects/Capstone/.venv/lib/python3.11/site-packages/pycaret/internal/metrics.py", line 196, in _score
    return super()._score(
           ^^^^^^^^^^^^^^^
  File "/Users/ramsundar/Documents/IITM-Graded-Projects/Capstone/.venv/lib/python3.11/site-packages/sklearn/metrics/_scorer.py", line 350, in _score
    return self._sign * self._score_func(y_true, y_pred, **scoring_kwargs)
                        ^^^^^^^^^^^^^^^^^^^^^^^^^^^^^^^^^^^^^^^^^^^^^^^^^^
  File "/Users/ramsundar/Documents/IITM-Graded-Projects/Capstone/.venv/lib/python3.11/site-packages/pycaret/internal/metrics.py", line 144, in __call__
    return self.score_func(y_true, y_pred, **kwargs)
           ^^^^^^^^^^^^^^^^^^^^^^^^^^^^^^^^^^^^^^^^^
  File "/Users/ramsundar/Documents/IITM-Graded-Projects/Capstone/.venv/lib/python3.11/site-packages/sklearn/utils/_param_validation.py", line 213, in wrapper
    return func(*args, **kwargs)
           ^^^^^^^^^^^^^^^^^^^^^
  File "/Users/ramsundar/Documents/IITM-Graded-Projects/Capstone/.venv/lib/python3.11/site-packages/sklearn/metrics/_ranking.py", line 634, in roc_auc_score
    return _multiclass_roc_auc_score(
           ^^^^^^^^^^^^^^^^^^^^^^^^^^
  File "/Users/ramsundar/Documents/IITM-Graded-Projects/Capstone/.venv/lib/python3.11/site-packages/sklearn/metrics/_ranking.py", line 707, in _multiclass_roc_auc_score
    raise ValueError(
ValueError: Target scores need to be probabilities for multiclass roc_auc, i.e. they should sum up to 1.0 over classes

  warnings.warn(

2026-05-01 15:39:55,521:WARNING:/Users/ramsundar/Documents/IITM-Graded-Projects/Capstone/.venv/lib/python3.11/site-packages/sklearn/metrics/_classification.py:1561: UserWarning: Note that pos_label (set to 'Rejected') is ignored when average != 'binary' (got 'weighted'). You may use labels=[pos_label] to specify a single positive class.
  warnings.warn(

2026-05-01 15:39:55,523:WARNING:/Users/ramsundar/Documents/IITM-Graded-Projects/Capstone/.venv/lib/python3.11/site-packages/sklearn/metrics/_classification.py:1561: UserWarning: Note that pos_label (set to 'Rejected') is ignored when average != 'binary' (got 'weighted'). You may use labels=[pos_label] to specify a single positive class.
  warnings.warn(

2026-05-01 15:39:55,525:WARNING:/Users/ramsundar/Documents/IITM-Graded-Projects/Capstone/.venv/lib/python3.11/site-packages/sklearn/metrics/_classification.py:1561: UserWarning: Note that pos_label (set to 'Rejected') is ignored when average != 'binary' (got 'weighted'). You may use labels=[pos_label] to specify a single positive class.
  warnings.warn(

2026-05-01 15:39:55,526:WARNING:/Users/ramsundar/Documents/IITM-Graded-Projects/Capstone/.venv/lib/python3.11/site-packages/pycaret/internal/metrics.py:204: FitFailedWarning: Metric 'make_scorer(roc_auc_score, response_method=('decision_function', 'predict_proba'), average=weighted, multi_class=ovr)' failed and error score 0.0 has been returned instead. If this is a custom metric, this usually means that the error is in the metric code. Full exception below:
Traceback (most recent call last):
  File "/Users/ramsundar/Documents/IITM-Graded-Projects/Capstone/.venv/lib/python3.11/site-packages/pycaret/internal/metrics.py", line 196, in _score
    return super()._score(
           ^^^^^^^^^^^^^^^
  File "/Users/ramsundar/Documents/IITM-Graded-Projects/Capstone/.venv/lib/python3.11/site-packages/sklearn/metrics/_scorer.py", line 350, in _score
    return self._sign * self._score_func(y_true, y_pred, **scoring_kwargs)
                        ^^^^^^^^^^^^^^^^^^^^^^^^^^^^^^^^^^^^^^^^^^^^^^^^^^
  File "/Users/ramsundar/Documents/IITM-Graded-Projects/Capstone/.venv/lib/python3.11/site-packages/pycaret/internal/metrics.py", line 144, in __call__
    return self.score_func(y_true, y_pred, **kwargs)
           ^^^^^^^^^^^^^^^^^^^^^^^^^^^^^^^^^^^^^^^^^
  File "/Users/ramsundar/Documents/IITM-Graded-Projects/Capstone/.venv/lib/python3.11/site-packages/sklearn/utils/_param_validation.py", line 213, in wrapper
    return func(*args, **kwargs)
           ^^^^^^^^^^^^^^^^^^^^^
  File "/Users/ramsundar/Documents/IITM-Graded-Projects/Capstone/.venv/lib/python3.11/site-packages/sklearn/metrics/_ranking.py", line 634, in roc_auc_score
    return _multiclass_roc_auc_score(
           ^^^^^^^^^^^^^^^^^^^^^^^^^^
  File "/Users/ramsundar/Documents/IITM-Graded-Projects/Capstone/.venv/lib/python3.11/site-packages/sklearn/metrics/_ranking.py", line 707, in _multiclass_roc_auc_score
    raise ValueError(
ValueError: Target scores need to be probabilities for multiclass roc_auc, i.e. they should sum up to 1.0 over classes

  warnings.warn(

2026-05-01 15:39:55,528:WARNING:/Users/ramsundar/Documents/IITM-Graded-Projects/Capstone/.venv/lib/python3.11/site-packages/sklearn/metrics/_classification.py:1561: UserWarning: Note that pos_label (set to 'Rejected') is ignored when average != 'binary' (got 'weighted'). You may use labels=[pos_label] to specify a single positive class.
  warnings.warn(

2026-05-01 15:39:55,530:WARNING:/Users/ramsundar/Documents/IITM-Graded-Projects/Capstone/.venv/lib/python3.11/site-packages/sklearn/metrics/_classification.py:1561: UserWarning: Note that pos_label (set to 'Rejected') is ignored when average != 'binary' (got 'weighted'). You may use labels=[pos_label] to specify a single positive class.
  warnings.warn(

2026-05-01 15:39:55,532:WARNING:/Users/ramsundar/Documents/IITM-Graded-Projects/Capstone/.venv/lib/python3.11/site-packages/sklearn/metrics/_classification.py:1561: UserWarning: Note that pos_label (set to 'Rejected') is ignored when average != 'binary' (got 'weighted'). You may use labels=[pos_label] to specify a single positive class.
  warnings.warn(

2026-05-01 15:39:55,537:WARNING:/Users/ramsundar/Documents/IITM-Graded-Projects/Capstone/.venv/lib/python3.11/site-packages/sklearn/metrics/_classification.py:1561: UserWarning: Note that pos_label (set to 'Rejected') is ignored when average != 'binary' (got 'weighted'). You may use labels=[pos_label] to specify a single positive class.
  warnings.warn(

2026-05-01 15:39:55,758:WARNING:/Users/ramsundar/Documents/IITM-Graded-Projects/Capstone/.venv/lib/python3.11/site-packages/pycaret/internal/metrics.py:204: FitFailedWarning: Metric 'make_scorer(roc_auc_score, response_method=('decision_function', 'predict_proba'), average=weighted, multi_class=ovr)' failed and error score 0.0 has been returned instead. If this is a custom metric, this usually means that the error is in the metric code. Full exception below:
Traceback (most recent call last):
  File "/Users/ramsundar/Documents/IITM-Graded-Projects/Capstone/.venv/lib/python3.11/site-packages/pycaret/internal/metrics.py", line 196, in _score
    return super()._score(
           ^^^^^^^^^^^^^^^
  File "/Users/ramsundar/Documents/IITM-Graded-Projects/Capstone/.venv/lib/python3.11/site-packages/sklearn/metrics/_scorer.py", line 350, in _score
    return self._sign * self._score_func(y_true, y_pred, **scoring_kwargs)
                        ^^^^^^^^^^^^^^^^^^^^^^^^^^^^^^^^^^^^^^^^^^^^^^^^^^
  File "/Users/ramsundar/Documents/IITM-Graded-Projects/Capstone/.venv/lib/python3.11/site-packages/pycaret/internal/metrics.py", line 144, in __call__
    return self.score_func(y_true, y_pred, **kwargs)
           ^^^^^^^^^^^^^^^^^^^^^^^^^^^^^^^^^^^^^^^^^
  File "/Users/ramsundar/Documents/IITM-Graded-Projects/Capstone/.venv/lib/python3.11/site-packages/sklearn/utils/_param_validation.py", line 213, in wrapper
    return func(*args, **kwargs)
           ^^^^^^^^^^^^^^^^^^^^^
  File "/Users/ramsundar/Documents/IITM-Graded-Projects/Capstone/.venv/lib/python3.11/site-packages/sklearn/metrics/_ranking.py", line 634, in roc_auc_score
    return _multiclass_roc_auc_score(
           ^^^^^^^^^^^^^^^^^^^^^^^^^^
  File "/Users/ramsundar/Documents/IITM-Graded-Projects/Capstone/.venv/lib/python3.11/site-packages/sklearn/metrics/_ranking.py", line 707, in _multiclass_roc_auc_score
    raise ValueError(
ValueError: Target scores need to be probabilities for multiclass roc_auc, i.e. they should sum up to 1.0 over classes

  warnings.warn(

2026-05-01 15:39:55,760:WARNING:/Users/ramsundar/Documents/IITM-Graded-Projects/Capstone/.venv/lib/python3.11/site-packages/sklearn/metrics/_classification.py:1561: UserWarning: Note that pos_label (set to 'Rejected') is ignored when average != 'binary' (got 'weighted'). You may use labels=[pos_label] to specify a single positive class.
  warnings.warn(

2026-05-01 15:39:55,764:WARNING:/Users/ramsundar/Documents/IITM-Graded-Projects/Capstone/.venv/lib/python3.11/site-packages/sklearn/metrics/_classification.py:1561: UserWarning: Note that pos_label (set to 'Rejected') is ignored when average != 'binary' (got 'weighted'). You may use labels=[pos_label] to specify a single positive class.
  warnings.warn(

2026-05-01 15:39:55,769:WARNING:/Users/ramsundar/Documents/IITM-Graded-Projects/Capstone/.venv/lib/python3.11/site-packages/sklearn/metrics/_classification.py:1561: UserWarning: Note that pos_label (set to 'Rejected') is ignored when average != 'binary' (got 'weighted'). You may use labels=[pos_label] to specify a single positive class.
  warnings.warn(

2026-05-01 15:40:07,105:WARNING:/Users/ramsundar/Documents/IITM-Graded-Projects/Capstone/.venv/lib/python3.11/site-packages/sklearn/metrics/_classification.py:1561: UserWarning: Note that pos_label (set to 'Rejected') is ignored when average != 'binary' (got 'weighted'). You may use labels=[pos_label] to specify a single positive class.
  warnings.warn(

2026-05-01 15:40:07,111:WARNING:/Users/ramsundar/Documents/IITM-Graded-Projects/Capstone/.venv/lib/python3.11/site-packages/sklearn/metrics/_classification.py:1561: UserWarning: Note that pos_label (set to 'Rejected') is ignored when average != 'binary' (got 'weighted'). You may use labels=[pos_label] to specify a single positive class.
  warnings.warn(

2026-05-01 15:40:07,254:WARNING:/Users/ramsundar/Documents/IITM-Graded-Projects/Capstone/.venv/lib/python3.11/site-packages/sklearn/metrics/_classification.py:1561: UserWarning: Note that pos_label (set to 'Rejected') is ignored when average != 'binary' (got 'weighted'). You may use labels=[pos_label] to specify a single positive class.
  warnings.warn(

2026-05-01 15:40:07,507:WARNING:/Users/ramsundar/Documents/IITM-Graded-Projects/Capstone/.venv/lib/python3.11/site-packages/sklearn/metrics/_classification.py:1561: UserWarning: Note that pos_label (set to 'Rejected') is ignored when average != 'binary' (got 'weighted'). You may use labels=[pos_label] to specify a single positive class.
  warnings.warn(

2026-05-01 15:40:07,517:WARNING:/Users/ramsundar/Documents/IITM-Graded-Projects/Capstone/.venv/lib/python3.11/site-packages/sklearn/metrics/_classification.py:1561: UserWarning: Note that pos_label (set to 'Rejected') is ignored when average != 'binary' (got 'weighted'). You may use labels=[pos_label] to specify a single positive class.
  warnings.warn(

2026-05-01 15:40:07,542:WARNING:/Users/ramsundar/Documents/IITM-Graded-Projects/Capstone/.venv/lib/python3.11/site-packages/sklearn/metrics/_classification.py:1561: UserWarning: Note that pos_label (set to 'Rejected') is ignored when average != 'binary' (got 'weighted'). You may use labels=[pos_label] to specify a single positive class.
  warnings.warn(

2026-05-01 15:40:07,781:WARNING:/Users/ramsundar/Documents/IITM-Graded-Projects/Capstone/.venv/lib/python3.11/site-packages/sklearn/metrics/_classification.py:1561: UserWarning: Note that pos_label (set to 'Rejected') is ignored when average != 'binary' (got 'weighted'). You may use labels=[pos_label] to specify a single positive class.
  warnings.warn(

2026-05-01 15:40:07,786:WARNING:/Users/ramsundar/Documents/IITM-Graded-Projects/Capstone/.venv/lib/python3.11/site-packages/sklearn/metrics/_classification.py:1561: UserWarning: Note that pos_label (set to 'Rejected') is ignored when average != 'binary' (got 'weighted'). You may use labels=[pos_label] to specify a single positive class.
  warnings.warn(

2026-05-01 15:40:07,840:WARNING:/Users/ramsundar/Documents/IITM-Graded-Projects/Capstone/.venv/lib/python3.11/site-packages/sklearn/metrics/_classification.py:1561: UserWarning: Note that pos_label (set to 'Rejected') is ignored when average != 'binary' (got 'weighted'). You may use labels=[pos_label] to specify a single positive class.
  warnings.warn(

2026-05-01 15:40:07,927:WARNING:/Users/ramsundar/Documents/IITM-Graded-Projects/Capstone/.venv/lib/python3.11/site-packages/sklearn/metrics/_classification.py:1561: UserWarning: Note that pos_label (set to 'Rejected') is ignored when average != 'binary' (got 'weighted'). You may use labels=[pos_label] to specify a single positive class.
  warnings.warn(

2026-05-01 15:40:07,932:WARNING:/Users/ramsundar/Documents/IITM-Graded-Projects/Capstone/.venv/lib/python3.11/site-packages/sklearn/metrics/_classification.py:1561: UserWarning: Note that pos_label (set to 'Rejected') is ignored when average != 'binary' (got 'weighted'). You may use labels=[pos_label] to specify a single positive class.
  warnings.warn(

2026-05-01 15:40:07,937:WARNING:/Users/ramsundar/Documents/IITM-Graded-Projects/Capstone/.venv/lib/python3.11/site-packages/sklearn/metrics/_classification.py:1561: UserWarning: Note that pos_label (set to 'Rejected') is ignored when average != 'binary' (got 'weighted'). You may use labels=[pos_label] to specify a single positive class.
  warnings.warn(

2026-05-01 15:40:07,947:WARNING:/Users/ramsundar/Documents/IITM-Graded-Projects/Capstone/.venv/lib/python3.11/site-packages/sklearn/metrics/_classification.py:1561: UserWarning: Note that pos_label (set to 'Rejected') is ignored when average != 'binary' (got 'weighted'). You may use labels=[pos_label] to specify a single positive class.
  warnings.warn(

2026-05-01 15:40:07,951:WARNING:/Users/ramsundar/Documents/IITM-Graded-Projects/Capstone/.venv/lib/python3.11/site-packages/sklearn/metrics/_classification.py:1561: UserWarning: Note that pos_label (set to 'Rejected') is ignored when average != 'binary' (got 'weighted'). You may use labels=[pos_label] to specify a single positive class.
  warnings.warn(

2026-05-01 15:40:07,968:WARNING:/Users/ramsundar/Documents/IITM-Graded-Projects/Capstone/.venv/lib/python3.11/site-packages/sklearn/metrics/_classification.py:1561: UserWarning: Note that pos_label (set to 'Rejected') is ignored when average != 'binary' (got 'weighted'). You may use labels=[pos_label] to specify a single positive class.
  warnings.warn(

2026-05-01 15:40:08,060:WARNING:/Users/ramsundar/Documents/IITM-Graded-Projects/Capstone/.venv/lib/python3.11/site-packages/sklearn/metrics/_classification.py:1561: UserWarning: Note that pos_label (set to 'Rejected') is ignored when average != 'binary' (got 'weighted'). You may use labels=[pos_label] to specify a single positive class.
  warnings.warn(

2026-05-01 15:40:08,065:WARNING:/Users/ramsundar/Documents/IITM-Graded-Projects/Capstone/.venv/lib/python3.11/site-packages/sklearn/metrics/_classification.py:1561: UserWarning: Note that pos_label (set to 'Rejected') is ignored when average != 'binary' (got 'weighted'). You may use labels=[pos_label] to specify a single positive class.
  warnings.warn(

2026-05-01 15:40:08,093:WARNING:/Users/ramsundar/Documents/IITM-Graded-Projects/Capstone/.venv/lib/python3.11/site-packages/sklearn/metrics/_classification.py:1561: UserWarning: Note that pos_label (set to 'Rejected') is ignored when average != 'binary' (got 'weighted'). You may use labels=[pos_label] to specify a single positive class.
  warnings.warn(

2026-05-01 15:40:08,098:WARNING:/Users/ramsundar/Documents/IITM-Graded-Projects/Capstone/.venv/lib/python3.11/site-packages/sklearn/metrics/_classification.py:1561: UserWarning: Note that pos_label (set to 'Rejected') is ignored when average != 'binary' (got 'weighted'). You may use labels=[pos_label] to specify a single positive class.
  warnings.warn(

2026-05-01 15:40:08,098:WARNING:/Users/ramsundar/Documents/IITM-Graded-Projects/Capstone/.venv/lib/python3.11/site-packages/sklearn/metrics/_classification.py:1561: UserWarning: Note that pos_label (set to 'Rejected') is ignored when average != 'binary' (got 'weighted'). You may use labels=[pos_label] to specify a single positive class.
  warnings.warn(

2026-05-01 15:40:08,124:WARNING:/Users/ramsundar/Documents/IITM-Graded-Projects/Capstone/.venv/lib/python3.11/site-packages/sklearn/metrics/_classification.py:1561: UserWarning: Note that pos_label (set to 'Rejected') is ignored when average != 'binary' (got 'weighted'). You may use labels=[pos_label] to specify a single positive class.
  warnings.warn(

2026-05-01 15:40:08,125:WARNING:/Users/ramsundar/Documents/IITM-Graded-Projects/Capstone/.venv/lib/python3.11/site-packages/sklearn/metrics/_classification.py:1561: UserWarning: Note that pos_label (set to 'Rejected') is ignored when average != 'binary' (got 'weighted'). You may use labels=[pos_label] to specify a single positive class.
  warnings.warn(

2026-05-01 15:40:08,130:WARNING:/Users/ramsundar/Documents/IITM-Graded-Projects/Capstone/.venv/lib/python3.11/site-packages/sklearn/metrics/_classification.py:1561: UserWarning: Note that pos_label (set to 'Rejected') is ignored when average != 'binary' (got 'weighted'). You may use labels=[pos_label] to specify a single positive class.
  warnings.warn(

2026-05-01 15:40:08,138:WARNING:/Users/ramsundar/Documents/IITM-Graded-Projects/Capstone/.venv/lib/python3.11/site-packages/sklearn/metrics/_classification.py:1561: UserWarning: Note that pos_label (set to 'Rejected') is ignored when average != 'binary' (got 'weighted'). You may use labels=[pos_label] to specify a single positive class.
  warnings.warn(

2026-05-01 15:40:08,180:WARNING:/Users/ramsundar/Documents/IITM-Graded-Projects/Capstone/.venv/lib/python3.11/site-packages/sklearn/metrics/_classification.py:1561: UserWarning: Note that pos_label (set to 'Rejected') is ignored when average != 'binary' (got 'weighted'). You may use labels=[pos_label] to specify a single positive class.
  warnings.warn(

2026-05-01 15:40:08,185:WARNING:/Users/ramsundar/Documents/IITM-Graded-Projects/Capstone/.venv/lib/python3.11/site-packages/sklearn/metrics/_classification.py:1561: UserWarning: Note that pos_label (set to 'Rejected') is ignored when average != 'binary' (got 'weighted'). You may use labels=[pos_label] to specify a single positive class.
  warnings.warn(

2026-05-01 15:40:08,190:WARNING:/Users/ramsundar/Documents/IITM-Graded-Projects/Capstone/.venv/lib/python3.11/site-packages/sklearn/metrics/_classification.py:1561: UserWarning: Note that pos_label (set to 'Rejected') is ignored when average != 'binary' (got 'weighted'). You may use labels=[pos_label] to specify a single positive class.
  warnings.warn(

2026-05-01 15:40:08,318:WARNING:/Users/ramsundar/Documents/IITM-Graded-Projects/Capstone/.venv/lib/python3.11/site-packages/sklearn/metrics/_classification.py:1561: UserWarning: Note that pos_label (set to 'Rejected') is ignored when average != 'binary' (got 'weighted'). You may use labels=[pos_label] to specify a single positive class.
  warnings.warn(

2026-05-01 15:40:08,322:WARNING:/Users/ramsundar/Documents/IITM-Graded-Projects/Capstone/.venv/lib/python3.11/site-packages/sklearn/metrics/_classification.py:1561: UserWarning: Note that pos_label (set to 'Rejected') is ignored when average != 'binary' (got 'weighted'). You may use labels=[pos_label] to specify a single positive class.
  warnings.warn(

2026-05-01 15:40:08,327:WARNING:/Users/ramsundar/Documents/IITM-Graded-Projects/Capstone/.venv/lib/python3.11/site-packages/sklearn/metrics/_classification.py:1561: UserWarning: Note that pos_label (set to 'Rejected') is ignored when average != 'binary' (got 'weighted'). You may use labels=[pos_label] to specify a single positive class.
  warnings.warn(

2026-05-01 15:40:18,691:WARNING:/Users/ramsundar/Documents/IITM-Graded-Projects/Capstone/.venv/lib/python3.11/site-packages/sklearn/metrics/_classification.py:1561: UserWarning: Note that pos_label (set to 'Rejected') is ignored when average != 'binary' (got 'weighted'). You may use labels=[pos_label] to specify a single positive class.
  warnings.warn(

2026-05-01 15:40:18,696:WARNING:/Users/ramsundar/Documents/IITM-Graded-Projects/Capstone/.venv/lib/python3.11/site-packages/sklearn/metrics/_classification.py:1561: UserWarning: Note that pos_label (set to 'Rejected') is ignored when average != 'binary' (got 'weighted'). You may use labels=[pos_label] to specify a single positive class.
  warnings.warn(

2026-05-01 15:40:18,703:WARNING:/Users/ramsundar/Documents/IITM-Graded-Projects/Capstone/.venv/lib/python3.11/site-packages/sklearn/metrics/_classification.py:1561: UserWarning: Note that pos_label (set to 'Rejected') is ignored when average != 'binary' (got 'weighted'). You may use labels=[pos_label] to specify a single positive class.
  warnings.warn(

2026-05-01 15:40:18,704:WARNING:/Users/ramsundar/Documents/IITM-Graded-Projects/Capstone/.venv/lib/python3.11/site-packages/sklearn/metrics/_classification.py:1561: UserWarning: Note that pos_label (set to 'Rejected') is ignored when average != 'binary' (got 'weighted'). You may use labels=[pos_label] to specify a single positive class.
  warnings.warn(

2026-05-01 15:40:18,707:WARNING:/Users/ramsundar/Documents/IITM-Graded-Projects/Capstone/.venv/lib/python3.11/site-packages/sklearn/metrics/_classification.py:1561: UserWarning: Note that pos_label (set to 'Rejected') is ignored when average != 'binary' (got 'weighted'). You may use labels=[pos_label] to specify a single positive class.
  warnings.warn(

2026-05-01 15:40:18,711:WARNING:/Users/ramsundar/Documents/IITM-Graded-Projects/Capstone/.venv/lib/python3.11/site-packages/sklearn/metrics/_classification.py:1561: UserWarning: Note that pos_label (set to 'Rejected') is ignored when average != 'binary' (got 'weighted'). You may use labels=[pos_label] to specify a single positive class.
  warnings.warn(

2026-05-01 15:40:18,712:WARNING:/Users/ramsundar/Documents/IITM-Graded-Projects/Capstone/.venv/lib/python3.11/site-packages/sklearn/metrics/_classification.py:1561: UserWarning: Note that pos_label (set to 'Rejected') is ignored when average != 'binary' (got 'weighted'). You may use labels=[pos_label] to specify a single positive class.
  warnings.warn(

2026-05-01 15:40:18,716:WARNING:/Users/ramsundar/Documents/IITM-Graded-Projects/Capstone/.venv/lib/python3.11/site-packages/sklearn/metrics/_classification.py:1561: UserWarning: Note that pos_label (set to 'Rejected') is ignored when average != 'binary' (got 'weighted'). You may use labels=[pos_label] to specify a single positive class.
  warnings.warn(

2026-05-01 15:40:18,717:WARNING:/Users/ramsundar/Documents/IITM-Graded-Projects/Capstone/.venv/lib/python3.11/site-packages/sklearn/metrics/_classification.py:1561: UserWarning: Note that pos_label (set to 'Rejected') is ignored when average != 'binary' (got 'weighted'). You may use labels=[pos_label] to specify a single positive class.
  warnings.warn(

2026-05-01 15:40:18,728:WARNING:/Users/ramsundar/Documents/IITM-Graded-Projects/Capstone/.venv/lib/python3.11/site-packages/sklearn/metrics/_classification.py:1561: UserWarning: Note that pos_label (set to 'Rejected') is ignored when average != 'binary' (got 'weighted'). You may use labels=[pos_label] to specify a single positive class.
  warnings.warn(

2026-05-01 15:40:18,732:WARNING:/Users/ramsundar/Documents/IITM-Graded-Projects/Capstone/.venv/lib/python3.11/site-packages/sklearn/metrics/_classification.py:1561: UserWarning: Note that pos_label (set to 'Rejected') is ignored when average != 'binary' (got 'weighted'). You may use labels=[pos_label] to specify a single positive class.
  warnings.warn(

2026-05-01 15:40:18,733:WARNING:/Users/ramsundar/Documents/IITM-Graded-Projects/Capstone/.venv/lib/python3.11/site-packages/sklearn/metrics/_classification.py:1561: UserWarning: Note that pos_label (set to 'Rejected') is ignored when average != 'binary' (got 'weighted'). You may use labels=[pos_label] to specify a single positive class.
  warnings.warn(

2026-05-01 15:40:18,738:WARNING:/Users/ramsundar/Documents/IITM-Graded-Projects/Capstone/.venv/lib/python3.11/site-packages/sklearn/metrics/_classification.py:1561: UserWarning: Note that pos_label (set to 'Rejected') is ignored when average != 'binary' (got 'weighted'). You may use labels=[pos_label] to specify a single positive class.
  warnings.warn(

2026-05-01 15:40:18,738:WARNING:/Users/ramsundar/Documents/IITM-Graded-Projects/Capstone/.venv/lib/python3.11/site-packages/sklearn/metrics/_classification.py:1561: UserWarning: Note that pos_label (set to 'Rejected') is ignored when average != 'binary' (got 'weighted'). You may use labels=[pos_label] to specify a single positive class.
  warnings.warn(

2026-05-01 15:40:18,739:WARNING:/Users/ramsundar/Documents/IITM-Graded-Projects/Capstone/.venv/lib/python3.11/site-packages/sklearn/metrics/_classification.py:1561: UserWarning: Note that pos_label (set to 'Rejected') is ignored when average != 'binary' (got 'weighted'). You may use labels=[pos_label] to specify a single positive class.
  warnings.warn(

2026-05-01 15:40:18,743:WARNING:/Users/ramsundar/Documents/IITM-Graded-Projects/Capstone/.venv/lib/python3.11/site-packages/sklearn/metrics/_classification.py:1561: UserWarning: Note that pos_label (set to 'Rejected') is ignored when average != 'binary' (got 'weighted'). You may use labels=[pos_label] to specify a single positive class.
  warnings.warn(

2026-05-01 15:40:18,744:WARNING:/Users/ramsundar/Documents/IITM-Graded-Projects/Capstone/.venv/lib/python3.11/site-packages/sklearn/metrics/_classification.py:1561: UserWarning: Note that pos_label (set to 'Rejected') is ignored when average != 'binary' (got 'weighted'). You may use labels=[pos_label] to specify a single positive class.
  warnings.warn(

2026-05-01 15:40:18,745:WARNING:/Users/ramsundar/Documents/IITM-Graded-Projects/Capstone/.venv/lib/python3.11/site-packages/sklearn/metrics/_classification.py:1561: UserWarning: Note that pos_label (set to 'Rejected') is ignored when average != 'binary' (got 'weighted'). You may use labels=[pos_label] to specify a single positive class.
  warnings.warn(

2026-05-01 15:40:18,748:WARNING:/Users/ramsundar/Documents/IITM-Graded-Projects/Capstone/.venv/lib/python3.11/site-packages/sklearn/metrics/_classification.py:1561: UserWarning: Note that pos_label (set to 'Rejected') is ignored when average != 'binary' (got 'weighted'). You may use labels=[pos_label] to specify a single positive class.
  warnings.warn(

2026-05-01 15:40:18,750:WARNING:/Users/ramsundar/Documents/IITM-Graded-Projects/Capstone/.venv/lib/python3.11/site-packages/sklearn/metrics/_classification.py:1561: UserWarning: Note that pos_label (set to 'Rejected') is ignored when average != 'binary' (got 'weighted'). You may use labels=[pos_label] to specify a single positive class.
  warnings.warn(

2026-05-01 15:40:18,756:WARNING:/Users/ramsundar/Documents/IITM-Graded-Projects/Capstone/.venv/lib/python3.11/site-packages/sklearn/metrics/_classification.py:1561: UserWarning: Note that pos_label (set to 'Rejected') is ignored when average != 'binary' (got 'weighted'). You may use labels=[pos_label] to specify a single positive class.
  warnings.warn(

2026-05-01 15:40:18,760:WARNING:/Users/ramsundar/Documents/IITM-Graded-Projects/Capstone/.venv/lib/python3.11/site-packages/sklearn/metrics/_classification.py:1561: UserWarning: Note that pos_label (set to 'Rejected') is ignored when average != 'binary' (got 'weighted'). You may use labels=[pos_label] to specify a single positive class.
  warnings.warn(

2026-05-01 15:40:18,764:WARNING:/Users/ramsundar/Documents/IITM-Graded-Projects/Capstone/.venv/lib/python3.11/site-packages/sklearn/metrics/_classification.py:1561: UserWarning: Note that pos_label (set to 'Rejected') is ignored when average != 'binary' (got 'weighted'). You may use labels=[pos_label] to specify a single positive class.
  warnings.warn(

2026-05-01 15:40:18,769:WARNING:/Users/ramsundar/Documents/IITM-Graded-Projects/Capstone/.venv/lib/python3.11/site-packages/sklearn/metrics/_classification.py:1561: UserWarning: Note that pos_label (set to 'Rejected') is ignored when average != 'binary' (got 'weighted'). You may use labels=[pos_label] to specify a single positive class.
  warnings.warn(

2026-05-01 15:40:19,130:WARNING:/Users/ramsundar/Documents/IITM-Graded-Projects/Capstone/.venv/lib/python3.11/site-packages/sklearn/metrics/_classification.py:1561: UserWarning: Note that pos_label (set to 'Rejected') is ignored when average != 'binary' (got 'weighted'). You may use labels=[pos_label] to specify a single positive class.
  warnings.warn(

2026-05-01 15:40:19,135:WARNING:/Users/ramsundar/Documents/IITM-Graded-Projects/Capstone/.venv/lib/python3.11/site-packages/sklearn/metrics/_classification.py:1561: UserWarning: Note that pos_label (set to 'Rejected') is ignored when average != 'binary' (got 'weighted'). You may use labels=[pos_label] to specify a single positive class.
  warnings.warn(

2026-05-01 15:40:19,139:WARNING:/Users/ramsundar/Documents/IITM-Graded-Projects/Capstone/.venv/lib/python3.11/site-packages/sklearn/metrics/_classification.py:1561: UserWarning: Note that pos_label (set to 'Rejected') is ignored when average != 'binary' (got 'weighted'). You may use labels=[pos_label] to specify a single positive class.
  warnings.warn(

2026-05-01 15:40:19,156:WARNING:/Users/ramsundar/Documents/IITM-Graded-Projects/Capstone/.venv/lib/python3.11/site-packages/sklearn/metrics/_classification.py:1561: UserWarning: Note that pos_label (set to 'Rejected') is ignored when average != 'binary' (got 'weighted'). You may use labels=[pos_label] to specify a single positive class.
  warnings.warn(

2026-05-01 15:40:19,161:WARNING:/Users/ramsundar/Documents/IITM-Graded-Projects/Capstone/.venv/lib/python3.11/site-packages/sklearn/metrics/_classification.py:1561: UserWarning: Note that pos_label (set to 'Rejected') is ignored when average != 'binary' (got 'weighted'). You may use labels=[pos_label] to specify a single positive class.
  warnings.warn(

2026-05-01 15:40:19,165:WARNING:/Users/ramsundar/Documents/IITM-Graded-Projects/Capstone/.venv/lib/python3.11/site-packages/sklearn/metrics/_classification.py:1561: UserWarning: Note that pos_label (set to 'Rejected') is ignored when average != 'binary' (got 'weighted'). You may use labels=[pos_label] to specify a single positive class.
  warnings.warn(

2026-05-01 15:40:36,231:WARNING:/Users/ramsundar/Documents/IITM-Graded-Projects/Capstone/.venv/lib/python3.11/site-packages/sklearn/metrics/_classification.py:1561: UserWarning: Note that pos_label (set to 'Rejected') is ignored when average != 'binary' (got 'weighted'). You may use labels=[pos_label] to specify a single positive class.
  warnings.warn(

2026-05-01 15:40:36,242:WARNING:/Users/ramsundar/Documents/IITM-Graded-Projects/Capstone/.venv/lib/python3.11/site-packages/sklearn/metrics/_classification.py:1561: UserWarning: Note that pos_label (set to 'Rejected') is ignored when average != 'binary' (got 'weighted'). You may use labels=[pos_label] to specify a single positive class.
  warnings.warn(

2026-05-01 15:40:36,247:WARNING:/Users/ramsundar/Documents/IITM-Graded-Projects/Capstone/.venv/lib/python3.11/site-packages/sklearn/metrics/_classification.py:1561: UserWarning: Note that pos_label (set to 'Rejected') is ignored when average != 'binary' (got 'weighted'). You may use labels=[pos_label] to specify a single positive class.
  warnings.warn(

2026-05-01 15:40:36,251:WARNING:/Users/ramsundar/Documents/IITM-Graded-Projects/Capstone/.venv/lib/python3.11/site-packages/sklearn/metrics/_classification.py:1561: UserWarning: Note that pos_label (set to 'Rejected') is ignored when average != 'binary' (got 'weighted'). You may use labels=[pos_label] to specify a single positive class.
  warnings.warn(

2026-05-01 15:40:36,259:WARNING:/Users/ramsundar/Documents/IITM-Graded-Projects/Capstone/.venv/lib/python3.11/site-packages/sklearn/metrics/_classification.py:1561: UserWarning: Note that pos_label (set to 'Rejected') is ignored when average != 'binary' (got 'weighted'). You may use labels=[pos_label] to specify a single positive class.
  warnings.warn(

2026-05-01 15:40:36,264:WARNING:/Users/ramsundar/Documents/IITM-Graded-Projects/Capstone/.venv/lib/python3.11/site-packages/sklearn/metrics/_classification.py:1561: UserWarning: Note that pos_label (set to 'Rejected') is ignored when average != 'binary' (got 'weighted'). You may use labels=[pos_label] to specify a single positive class.
  warnings.warn(

2026-05-01 15:40:36,270:WARNING:/Users/ramsundar/Documents/IITM-Graded-Projects/Capstone/.venv/lib/python3.11/site-packages/sklearn/metrics/_classification.py:1561: UserWarning: Note that pos_label (set to 'Rejected') is ignored when average != 'binary' (got 'weighted'). You may use labels=[pos_label] to specify a single positive class.
  warnings.warn(

2026-05-01 15:40:36,278:WARNING:/Users/ramsundar/Documents/IITM-Graded-Projects/Capstone/.venv/lib/python3.11/site-packages/sklearn/metrics/_classification.py:1561: UserWarning: Note that pos_label (set to 'Rejected') is ignored when average != 'binary' (got 'weighted'). You may use labels=[pos_label] to specify a single positive class.
  warnings.warn(

2026-05-01 15:40:36,288:WARNING:/Users/ramsundar/Documents/IITM-Graded-Projects/Capstone/.venv/lib/python3.11/site-packages/sklearn/metrics/_classification.py:1561: UserWarning: Note that pos_label (set to 'Rejected') is ignored when average != 'binary' (got 'weighted'). You may use labels=[pos_label] to specify a single positive class.
  warnings.warn(

2026-05-01 15:40:36,388:WARNING:/Users/ramsundar/Documents/IITM-Graded-Projects/Capstone/.venv/lib/python3.11/site-packages/sklearn/metrics/_classification.py:1561: UserWarning: Note that pos_label (set to 'Rejected') is ignored when average != 'binary' (got 'weighted'). You may use labels=[pos_label] to specify a single positive class.
  warnings.warn(

2026-05-01 15:40:36,398:WARNING:/Users/ramsundar/Documents/IITM-Graded-Projects/Capstone/.venv/lib/python3.11/site-packages/sklearn/metrics/_classification.py:1561: UserWarning: Note that pos_label (set to 'Rejected') is ignored when average != 'binary' (got 'weighted'). You may use labels=[pos_label] to specify a single positive class.
  warnings.warn(

2026-05-01 15:40:36,401:WARNING:/Users/ramsundar/Documents/IITM-Graded-Projects/Capstone/.venv/lib/python3.11/site-packages/sklearn/metrics/_classification.py:1561: UserWarning: Note that pos_label (set to 'Rejected') is ignored when average != 'binary' (got 'weighted'). You may use labels=[pos_label] to specify a single positive class.
  warnings.warn(

2026-05-01 15:40:36,401:WARNING:/Users/ramsundar/Documents/IITM-Graded-Projects/Capstone/.venv/lib/python3.11/site-packages/sklearn/metrics/_classification.py:1561: UserWarning: Note that pos_label (set to 'Rejected') is ignored when average != 'binary' (got 'weighted'). You may use labels=[pos_label] to specify a single positive class.
  warnings.warn(

2026-05-01 15:40:36,409:WARNING:/Users/ramsundar/Documents/IITM-Graded-Projects/Capstone/.venv/lib/python3.11/site-packages/sklearn/metrics/_classification.py:1561: UserWarning: Note that pos_label (set to 'Rejected') is ignored when average != 'binary' (got 'weighted'). You may use labels=[pos_label] to specify a single positive class.
  warnings.warn(

2026-05-01 15:40:36,412:WARNING:/Users/ramsundar/Documents/IITM-Graded-Projects/Capstone/.venv/lib/python3.11/site-packages/sklearn/metrics/_classification.py:1561: UserWarning: Note that pos_label (set to 'Rejected') is ignored when average != 'binary' (got 'weighted'). You may use labels=[pos_label] to specify a single positive class.
  warnings.warn(

2026-05-01 15:40:36,415:WARNING:/Users/ramsundar/Documents/IITM-Graded-Projects/Capstone/.venv/lib/python3.11/site-packages/sklearn/metrics/_classification.py:1561: UserWarning: Note that pos_label (set to 'Rejected') is ignored when average != 'binary' (got 'weighted'). You may use labels=[pos_label] to specify a single positive class.
  warnings.warn(

2026-05-01 15:40:36,421:WARNING:/Users/ramsundar/Documents/IITM-Graded-Projects/Capstone/.venv/lib/python3.11/site-packages/sklearn/metrics/_classification.py:1561: UserWarning: Note that pos_label (set to 'Rejected') is ignored when average != 'binary' (got 'weighted'). You may use labels=[pos_label] to specify a single positive class.
  warnings.warn(

2026-05-01 15:40:36,424:WARNING:/Users/ramsundar/Documents/IITM-Graded-Projects/Capstone/.venv/lib/python3.11/site-packages/sklearn/metrics/_classification.py:1561: UserWarning: Note that pos_label (set to 'Rejected') is ignored when average != 'binary' (got 'weighted'). You may use labels=[pos_label] to specify a single positive class.
  warnings.warn(

2026-05-01 15:40:36,841:WARNING:/Users/ramsundar/Documents/IITM-Graded-Projects/Capstone/.venv/lib/python3.11/site-packages/sklearn/metrics/_classification.py:1561: UserWarning: Note that pos_label (set to 'Rejected') is ignored when average != 'binary' (got 'weighted'). You may use labels=[pos_label] to specify a single positive class.
  warnings.warn(

2026-05-01 15:40:36,846:WARNING:/Users/ramsundar/Documents/IITM-Graded-Projects/Capstone/.venv/lib/python3.11/site-packages/sklearn/metrics/_classification.py:1561: UserWarning: Note that pos_label (set to 'Rejected') is ignored when average != 'binary' (got 'weighted'). You may use labels=[pos_label] to specify a single positive class.
  warnings.warn(

2026-05-01 15:40:36,851:WARNING:/Users/ramsundar/Documents/IITM-Graded-Projects/Capstone/.venv/lib/python3.11/site-packages/sklearn/metrics/_classification.py:1561: UserWarning: Note that pos_label (set to 'Rejected') is ignored when average != 'binary' (got 'weighted'). You may use labels=[pos_label] to specify a single positive class.
  warnings.warn(

2026-05-01 15:40:36,870:WARNING:/Users/ramsundar/Documents/IITM-Graded-Projects/Capstone/.venv/lib/python3.11/site-packages/sklearn/metrics/_classification.py:1561: UserWarning: Note that pos_label (set to 'Rejected') is ignored when average != 'binary' (got 'weighted'). You may use labels=[pos_label] to specify a single positive class.
  warnings.warn(

2026-05-01 15:40:36,874:WARNING:/Users/ramsundar/Documents/IITM-Graded-Projects/Capstone/.venv/lib/python3.11/site-packages/sklearn/metrics/_classification.py:1561: UserWarning: Note that pos_label (set to 'Rejected') is ignored when average != 'binary' (got 'weighted'). You may use labels=[pos_label] to specify a single positive class.
  warnings.warn(

2026-05-01 15:40:36,879:WARNING:/Users/ramsundar/Documents/IITM-Graded-Projects/Capstone/.venv/lib/python3.11/site-packages/sklearn/metrics/_classification.py:1561: UserWarning: Note that pos_label (set to 'Rejected') is ignored when average != 'binary' (got 'weighted'). You may use labels=[pos_label] to specify a single positive class.
  warnings.warn(

2026-05-01 15:40:37,062:WARNING:/Users/ramsundar/Documents/IITM-Graded-Projects/Capstone/.venv/lib/python3.11/site-packages/sklearn/metrics/_classification.py:1561: UserWarning: Note that pos_label (set to 'Rejected') is ignored when average != 'binary' (got 'weighted'). You may use labels=[pos_label] to specify a single positive class.
  warnings.warn(

2026-05-01 15:40:37,066:WARNING:/Users/ramsundar/Documents/IITM-Graded-Projects/Capstone/.venv/lib/python3.11/site-packages/sklearn/metrics/_classification.py:1561: UserWarning: Note that pos_label (set to 'Rejected') is ignored when average != 'binary' (got 'weighted'). You may use labels=[pos_label] to specify a single positive class.
  warnings.warn(

2026-05-01 15:40:37,071:WARNING:/Users/ramsundar/Documents/IITM-Graded-Projects/Capstone/.venv/lib/python3.11/site-packages/sklearn/metrics/_classification.py:1561: UserWarning: Note that pos_label (set to 'Rejected') is ignored when average != 'binary' (got 'weighted'). You may use labels=[pos_label] to specify a single positive class.
  warnings.warn(

2026-05-01 15:40:37,089:WARNING:/Users/ramsundar/Documents/IITM-Graded-Projects/Capstone/.venv/lib/python3.11/site-packages/sklearn/metrics/_classification.py:1561: UserWarning: Note that pos_label (set to 'Rejected') is ignored when average != 'binary' (got 'weighted'). You may use labels=[pos_label] to specify a single positive class.
  warnings.warn(

2026-05-01 15:40:37,094:WARNING:/Users/ramsundar/Documents/IITM-Graded-Projects/Capstone/.venv/lib/python3.11/site-packages/sklearn/metrics/_classification.py:1561: UserWarning: Note that pos_label (set to 'Rejected') is ignored when average != 'binary' (got 'weighted'). You may use labels=[pos_label] to specify a single positive class.
  warnings.warn(

2026-05-01 15:40:37,098:WARNING:/Users/ramsundar/Documents/IITM-Graded-Projects/Capstone/.venv/lib/python3.11/site-packages/sklearn/metrics/_classification.py:1561: UserWarning: Note that pos_label (set to 'Rejected') is ignored when average != 'binary' (got 'weighted'). You may use labels=[pos_label] to specify a single positive class.
  warnings.warn(

2026-05-01 15:40:46,374:WARNING:/Users/ramsundar/Documents/IITM-Graded-Projects/Capstone/.venv/lib/python3.11/site-packages/sklearn/metrics/_classification.py:1561: UserWarning: Note that pos_label (set to 'Rejected') is ignored when average != 'binary' (got 'weighted'). You may use labels=[pos_label] to specify a single positive class.
  warnings.warn(

2026-05-01 15:40:46,379:WARNING:/Users/ramsundar/Documents/IITM-Graded-Projects/Capstone/.venv/lib/python3.11/site-packages/sklearn/metrics/_classification.py:1561: UserWarning: Note that pos_label (set to 'Rejected') is ignored when average != 'binary' (got 'weighted'). You may use labels=[pos_label] to specify a single positive class.
  warnings.warn(

2026-05-01 15:40:46,390:WARNING:/Users/ramsundar/Documents/IITM-Graded-Projects/Capstone/.venv/lib/python3.11/site-packages/sklearn/metrics/_classification.py:1561: UserWarning: Note that pos_label (set to 'Rejected') is ignored when average != 'binary' (got 'weighted'). You may use labels=[pos_label] to specify a single positive class.
  warnings.warn(

2026-05-01 15:40:46,403:WARNING:/Users/ramsundar/Documents/IITM-Graded-Projects/Capstone/.venv/lib/python3.11/site-packages/sklearn/metrics/_classification.py:1561: UserWarning: Note that pos_label (set to 'Rejected') is ignored when average != 'binary' (got 'weighted'). You may use labels=[pos_label] to specify a single positive class.
  warnings.warn(

2026-05-01 15:40:46,406:WARNING:/Users/ramsundar/Documents/IITM-Graded-Projects/Capstone/.venv/lib/python3.11/site-packages/sklearn/metrics/_classification.py:1509: UndefinedMetricWarning: Precision is ill-defined and being set to 0.0 in labels with no predicted samples. Use `zero_division` parameter to control this behavior.
  _warn_prf(average, modifier, f"{metric.capitalize()} is", len(result))

2026-05-01 15:40:46,410:WARNING:/Users/ramsundar/Documents/IITM-Graded-Projects/Capstone/.venv/lib/python3.11/site-packages/sklearn/metrics/_classification.py:1561: UserWarning: Note that pos_label (set to 'Rejected') is ignored when average != 'binary' (got 'weighted'). You may use labels=[pos_label] to specify a single positive class.
  warnings.warn(

2026-05-01 15:40:46,411:WARNING:/Users/ramsundar/Documents/IITM-Graded-Projects/Capstone/.venv/lib/python3.11/site-packages/sklearn/metrics/_classification.py:1509: UndefinedMetricWarning: Precision is ill-defined and being set to 0.0 in labels with no predicted samples. Use `zero_division` parameter to control this behavior.
  _warn_prf(average, modifier, f"{metric.capitalize()} is", len(result))

2026-05-01 15:40:46,417:WARNING:/Users/ramsundar/Documents/IITM-Graded-Projects/Capstone/.venv/lib/python3.11/site-packages/sklearn/metrics/_classification.py:1561: UserWarning: Note that pos_label (set to 'Rejected') is ignored when average != 'binary' (got 'weighted'). You may use labels=[pos_label] to specify a single positive class.
  warnings.warn(

2026-05-01 15:40:46,463:WARNING:/Users/ramsundar/Documents/IITM-Graded-Projects/Capstone/.venv/lib/python3.11/site-packages/sklearn/metrics/_classification.py:1561: UserWarning: Note that pos_label (set to 'Rejected') is ignored when average != 'binary' (got 'weighted'). You may use labels=[pos_label] to specify a single positive class.
  warnings.warn(

2026-05-01 15:40:46,471:WARNING:/Users/ramsundar/Documents/IITM-Graded-Projects/Capstone/.venv/lib/python3.11/site-packages/sklearn/metrics/_classification.py:1561: UserWarning: Note that pos_label (set to 'Rejected') is ignored when average != 'binary' (got 'weighted'). You may use labels=[pos_label] to specify a single positive class.
  warnings.warn(

2026-05-01 15:40:46,473:WARNING:/Users/ramsundar/Documents/IITM-Graded-Projects/Capstone/.venv/lib/python3.11/site-packages/sklearn/metrics/_classification.py:1509: UndefinedMetricWarning: Precision is ill-defined and being set to 0.0 in labels with no predicted samples. Use `zero_division` parameter to control this behavior.
  _warn_prf(average, modifier, f"{metric.capitalize()} is", len(result))

2026-05-01 15:40:46,475:WARNING:/Users/ramsundar/Documents/IITM-Graded-Projects/Capstone/.venv/lib/python3.11/site-packages/sklearn/metrics/_classification.py:1561: UserWarning: Note that pos_label (set to 'Rejected') is ignored when average != 'binary' (got 'weighted'). You may use labels=[pos_label] to specify a single positive class.
  warnings.warn(

2026-05-01 15:40:46,510:WARNING:/Users/ramsundar/Documents/IITM-Graded-Projects/Capstone/.venv/lib/python3.11/site-packages/sklearn/metrics/_classification.py:1561: UserWarning: Note that pos_label (set to 'Rejected') is ignored when average != 'binary' (got 'weighted'). You may use labels=[pos_label] to specify a single positive class.
  warnings.warn(

2026-05-01 15:40:46,514:WARNING:/Users/ramsundar/Documents/IITM-Graded-Projects/Capstone/.venv/lib/python3.11/site-packages/sklearn/metrics/_classification.py:1561: UserWarning: Note that pos_label (set to 'Rejected') is ignored when average != 'binary' (got 'weighted'). You may use labels=[pos_label] to specify a single positive class.
  warnings.warn(

2026-05-01 15:40:46,515:WARNING:/Users/ramsundar/Documents/IITM-Graded-Projects/Capstone/.venv/lib/python3.11/site-packages/sklearn/metrics/_classification.py:1561: UserWarning: Note that pos_label (set to 'Rejected') is ignored when average != 'binary' (got 'weighted'). You may use labels=[pos_label] to specify a single positive class.
  warnings.warn(

2026-05-01 15:40:46,518:WARNING:/Users/ramsundar/Documents/IITM-Graded-Projects/Capstone/.venv/lib/python3.11/site-packages/sklearn/metrics/_classification.py:1509: UndefinedMetricWarning: Precision is ill-defined and being set to 0.0 in labels with no predicted samples. Use `zero_division` parameter to control this behavior.
  _warn_prf(average, modifier, f"{metric.capitalize()} is", len(result))

2026-05-01 15:40:46,519:WARNING:/Users/ramsundar/Documents/IITM-Graded-Projects/Capstone/.venv/lib/python3.11/site-packages/sklearn/metrics/_classification.py:1561: UserWarning: Note that pos_label (set to 'Rejected') is ignored when average != 'binary' (got 'weighted'). You may use labels=[pos_label] to specify a single positive class.
  warnings.warn(

2026-05-01 15:40:46,520:WARNING:/Users/ramsundar/Documents/IITM-Graded-Projects/Capstone/.venv/lib/python3.11/site-packages/sklearn/metrics/_classification.py:1561: UserWarning: Note that pos_label (set to 'Rejected') is ignored when average != 'binary' (got 'weighted'). You may use labels=[pos_label] to specify a single positive class.
  warnings.warn(

2026-05-01 15:40:46,522:WARNING:/Users/ramsundar/Documents/IITM-Graded-Projects/Capstone/.venv/lib/python3.11/site-packages/sklearn/metrics/_classification.py:1509: UndefinedMetricWarning: Precision is ill-defined and being set to 0.0 in labels with no predicted samples. Use `zero_division` parameter to control this behavior.
  _warn_prf(average, modifier, f"{metric.capitalize()} is", len(result))

2026-05-01 15:40:46,524:WARNING:/Users/ramsundar/Documents/IITM-Graded-Projects/Capstone/.venv/lib/python3.11/site-packages/sklearn/metrics/_classification.py:1561: UserWarning: Note that pos_label (set to 'Rejected') is ignored when average != 'binary' (got 'weighted'). You may use labels=[pos_label] to specify a single positive class.
  warnings.warn(

2026-05-01 15:40:46,533:WARNING:/Users/ramsundar/Documents/IITM-Graded-Projects/Capstone/.venv/lib/python3.11/site-packages/sklearn/metrics/_classification.py:1561: UserWarning: Note that pos_label (set to 'Rejected') is ignored when average != 'binary' (got 'weighted'). You may use labels=[pos_label] to specify a single positive class.
  warnings.warn(

2026-05-01 15:40:46,538:WARNING:/Users/ramsundar/Documents/IITM-Graded-Projects/Capstone/.venv/lib/python3.11/site-packages/sklearn/metrics/_classification.py:1561: UserWarning: Note that pos_label (set to 'Rejected') is ignored when average != 'binary' (got 'weighted'). You may use labels=[pos_label] to specify a single positive class.
  warnings.warn(

2026-05-01 15:40:46,541:WARNING:/Users/ramsundar/Documents/IITM-Graded-Projects/Capstone/.venv/lib/python3.11/site-packages/sklearn/metrics/_classification.py:1509: UndefinedMetricWarning: Precision is ill-defined and being set to 0.0 in labels with no predicted samples. Use `zero_division` parameter to control this behavior.
  _warn_prf(average, modifier, f"{metric.capitalize()} is", len(result))

2026-05-01 15:40:46,543:WARNING:/Users/ramsundar/Documents/IITM-Graded-Projects/Capstone/.venv/lib/python3.11/site-packages/sklearn/metrics/_classification.py:1561: UserWarning: Note that pos_label (set to 'Rejected') is ignored when average != 'binary' (got 'weighted'). You may use labels=[pos_label] to specify a single positive class.
  warnings.warn(

2026-05-01 15:40:46,554:WARNING:/Users/ramsundar/Documents/IITM-Graded-Projects/Capstone/.venv/lib/python3.11/site-packages/sklearn/metrics/_classification.py:1561: UserWarning: Note that pos_label (set to 'Rejected') is ignored when average != 'binary' (got 'weighted'). You may use labels=[pos_label] to specify a single positive class.
  warnings.warn(

2026-05-01 15:40:46,558:WARNING:/Users/ramsundar/Documents/IITM-Graded-Projects/Capstone/.venv/lib/python3.11/site-packages/sklearn/metrics/_classification.py:1561: UserWarning: Note that pos_label (set to 'Rejected') is ignored when average != 'binary' (got 'weighted'). You may use labels=[pos_label] to specify a single positive class.
  warnings.warn(

2026-05-01 15:40:46,561:WARNING:/Users/ramsundar/Documents/IITM-Graded-Projects/Capstone/.venv/lib/python3.11/site-packages/sklearn/metrics/_classification.py:1509: UndefinedMetricWarning: Precision is ill-defined and being set to 0.0 in labels with no predicted samples. Use `zero_division` parameter to control this behavior.
  _warn_prf(average, modifier, f"{metric.capitalize()} is", len(result))

2026-05-01 15:40:46,563:WARNING:/Users/ramsundar/Documents/IITM-Graded-Projects/Capstone/.venv/lib/python3.11/site-packages/sklearn/metrics/_classification.py:1561: UserWarning: Note that pos_label (set to 'Rejected') is ignored when average != 'binary' (got 'weighted'). You may use labels=[pos_label] to specify a single positive class.
  warnings.warn(

2026-05-01 15:40:46,594:WARNING:/Users/ramsundar/Documents/IITM-Graded-Projects/Capstone/.venv/lib/python3.11/site-packages/sklearn/metrics/_classification.py:1561: UserWarning: Note that pos_label (set to 'Rejected') is ignored when average != 'binary' (got 'weighted'). You may use labels=[pos_label] to specify a single positive class.
  warnings.warn(

2026-05-01 15:40:46,598:WARNING:/Users/ramsundar/Documents/IITM-Graded-Projects/Capstone/.venv/lib/python3.11/site-packages/sklearn/metrics/_classification.py:1561: UserWarning: Note that pos_label (set to 'Rejected') is ignored when average != 'binary' (got 'weighted'). You may use labels=[pos_label] to specify a single positive class.
  warnings.warn(

2026-05-01 15:40:46,601:WARNING:/Users/ramsundar/Documents/IITM-Graded-Projects/Capstone/.venv/lib/python3.11/site-packages/sklearn/metrics/_classification.py:1509: UndefinedMetricWarning: Precision is ill-defined and being set to 0.0 in labels with no predicted samples. Use `zero_division` parameter to control this behavior.
  _warn_prf(average, modifier, f"{metric.capitalize()} is", len(result))

2026-05-01 15:40:46,603:WARNING:/Users/ramsundar/Documents/IITM-Graded-Projects/Capstone/.venv/lib/python3.11/site-packages/sklearn/metrics/_classification.py:1561: UserWarning: Note that pos_label (set to 'Rejected') is ignored when average != 'binary' (got 'weighted'). You may use labels=[pos_label] to specify a single positive class.
  warnings.warn(

2026-05-01 15:40:46,612:WARNING:/Users/ramsundar/Documents/IITM-Graded-Projects/Capstone/.venv/lib/python3.11/site-packages/sklearn/metrics/_classification.py:1561: UserWarning: Note that pos_label (set to 'Rejected') is ignored when average != 'binary' (got 'weighted'). You may use labels=[pos_label] to specify a single positive class.
  warnings.warn(

2026-05-01 15:40:46,617:WARNING:/Users/ramsundar/Documents/IITM-Graded-Projects/Capstone/.venv/lib/python3.11/site-packages/sklearn/metrics/_classification.py:1561: UserWarning: Note that pos_label (set to 'Rejected') is ignored when average != 'binary' (got 'weighted'). You may use labels=[pos_label] to specify a single positive class.
  warnings.warn(

2026-05-01 15:40:46,620:WARNING:/Users/ramsundar/Documents/IITM-Graded-Projects/Capstone/.venv/lib/python3.11/site-packages/sklearn/metrics/_classification.py:1509: UndefinedMetricWarning: Precision is ill-defined and being set to 0.0 in labels with no predicted samples. Use `zero_division` parameter to control this behavior.
  _warn_prf(average, modifier, f"{metric.capitalize()} is", len(result))

2026-05-01 15:40:46,622:WARNING:/Users/ramsundar/Documents/IITM-Graded-Projects/Capstone/.venv/lib/python3.11/site-packages/sklearn/metrics/_classification.py:1561: UserWarning: Note that pos_label (set to 'Rejected') is ignored when average != 'binary' (got 'weighted'). You may use labels=[pos_label] to specify a single positive class.
  warnings.warn(

2026-05-01 15:40:46,891:WARNING:/Users/ramsundar/Documents/IITM-Graded-Projects/Capstone/.venv/lib/python3.11/site-packages/sklearn/metrics/_classification.py:1561: UserWarning: Note that pos_label (set to 'Rejected') is ignored when average != 'binary' (got 'weighted'). You may use labels=[pos_label] to specify a single positive class.
  warnings.warn(

2026-05-01 15:40:46,895:WARNING:/Users/ramsundar/Documents/IITM-Graded-Projects/Capstone/.venv/lib/python3.11/site-packages/sklearn/metrics/_classification.py:1561: UserWarning: Note that pos_label (set to 'Rejected') is ignored when average != 'binary' (got 'weighted'). You may use labels=[pos_label] to specify a single positive class.
  warnings.warn(

2026-05-01 15:40:46,898:WARNING:/Users/ramsundar/Documents/IITM-Graded-Projects/Capstone/.venv/lib/python3.11/site-packages/sklearn/metrics/_classification.py:1509: UndefinedMetricWarning: Precision is ill-defined and being set to 0.0 in labels with no predicted samples. Use `zero_division` parameter to control this behavior.
  _warn_prf(average, modifier, f"{metric.capitalize()} is", len(result))

2026-05-01 15:40:46,900:WARNING:/Users/ramsundar/Documents/IITM-Graded-Projects/Capstone/.venv/lib/python3.11/site-packages/sklearn/metrics/_classification.py:1561: UserWarning: Note that pos_label (set to 'Rejected') is ignored when average != 'binary' (got 'weighted'). You may use labels=[pos_label] to specify a single positive class.
  warnings.warn(

2026-05-01 15:44:32,722:WARNING:/Users/ramsundar/Documents/IITM-Graded-Projects/Capstone/.venv/lib/python3.11/site-packages/pycaret/internal/metrics.py:204: FitFailedWarning: Metric 'make_scorer(roc_auc_score, response_method=('decision_function', 'predict_proba'), average=weighted, multi_class=ovr)' failed and error score 0.0 has been returned instead. If this is a custom metric, this usually means that the error is in the metric code. Full exception below:
Traceback (most recent call last):
  File "/Users/ramsundar/Documents/IITM-Graded-Projects/Capstone/.venv/lib/python3.11/site-packages/pycaret/internal/metrics.py", line 196, in _score
    return super()._score(
           ^^^^^^^^^^^^^^^
  File "/Users/ramsundar/Documents/IITM-Graded-Projects/Capstone/.venv/lib/python3.11/site-packages/sklearn/metrics/_scorer.py", line 350, in _score
    return self._sign * self._score_func(y_true, y_pred, **scoring_kwargs)
                        ^^^^^^^^^^^^^^^^^^^^^^^^^^^^^^^^^^^^^^^^^^^^^^^^^^
  File "/Users/ramsundar/Documents/IITM-Graded-Projects/Capstone/.venv/lib/python3.11/site-packages/pycaret/internal/metrics.py", line 144, in __call__
    return self.score_func(y_true, y_pred, **kwargs)
           ^^^^^^^^^^^^^^^^^^^^^^^^^^^^^^^^^^^^^^^^^
  File "/Users/ramsundar/Documents/IITM-Graded-Projects/Capstone/.venv/lib/python3.11/site-packages/sklearn/utils/_param_validation.py", line 213, in wrapper
    return func(*args, **kwargs)
           ^^^^^^^^^^^^^^^^^^^^^
  File "/Users/ramsundar/Documents/IITM-Graded-Projects/Capstone/.venv/lib/python3.11/site-packages/sklearn/metrics/_ranking.py", line 634, in roc_auc_score
    return _multiclass_roc_auc_score(
           ^^^^^^^^^^^^^^^^^^^^^^^^^^
  File "/Users/ramsundar/Documents/IITM-Graded-Projects/Capstone/.venv/lib/python3.11/site-packages/sklearn/metrics/_ranking.py", line 707, in _multiclass_roc_auc_score
    raise ValueError(
ValueError: Target scores need to be probabilities for multiclass roc_auc, i.e. they should sum up to 1.0 over classes

  warnings.warn(

2026-05-01 15:44:32,725:WARNING:/Users/ramsundar/Documents/IITM-Graded-Projects/Capstone/.venv/lib/python3.11/site-packages/sklearn/metrics/_classification.py:1561: UserWarning: Note that pos_label (set to 'Rejected') is ignored when average != 'binary' (got 'weighted'). You may use labels=[pos_label] to specify a single positive class.
  warnings.warn(

2026-05-01 15:44:32,730:WARNING:/Users/ramsundar/Documents/IITM-Graded-Projects/Capstone/.venv/lib/python3.11/site-packages/sklearn/metrics/_classification.py:1561: UserWarning: Note that pos_label (set to 'Rejected') is ignored when average != 'binary' (got 'weighted'). You may use labels=[pos_label] to specify a single positive class.
  warnings.warn(

2026-05-01 15:44:32,736:WARNING:/Users/ramsundar/Documents/IITM-Graded-Projects/Capstone/.venv/lib/python3.11/site-packages/sklearn/metrics/_classification.py:1561: UserWarning: Note that pos_label (set to 'Rejected') is ignored when average != 'binary' (got 'weighted'). You may use labels=[pos_label] to specify a single positive class.
  warnings.warn(

2026-05-01 15:44:32,744:WARNING:/Users/ramsundar/Documents/IITM-Graded-Projects/Capstone/.venv/lib/python3.11/site-packages/pycaret/internal/metrics.py:204: FitFailedWarning: Metric 'make_scorer(roc_auc_score, response_method=('decision_function', 'predict_proba'), average=weighted, multi_class=ovr)' failed and error score 0.0 has been returned instead. If this is a custom metric, this usually means that the error is in the metric code. Full exception below:
Traceback (most recent call last):
  File "/Users/ramsundar/Documents/IITM-Graded-Projects/Capstone/.venv/lib/python3.11/site-packages/pycaret/internal/metrics.py", line 196, in _score
    return super()._score(
           ^^^^^^^^^^^^^^^
  File "/Users/ramsundar/Documents/IITM-Graded-Projects/Capstone/.venv/lib/python3.11/site-packages/sklearn/metrics/_scorer.py", line 350, in _score
    return self._sign * self._score_func(y_true, y_pred, **scoring_kwargs)
                        ^^^^^^^^^^^^^^^^^^^^^^^^^^^^^^^^^^^^^^^^^^^^^^^^^^
  File "/Users/ramsundar/Documents/IITM-Graded-Projects/Capstone/.venv/lib/python3.11/site-packages/pycaret/internal/metrics.py", line 144, in __call__
    return self.score_func(y_true, y_pred, **kwargs)
           ^^^^^^^^^^^^^^^^^^^^^^^^^^^^^^^^^^^^^^^^^
  File "/Users/ramsundar/Documents/IITM-Graded-Projects/Capstone/.venv/lib/python3.11/site-packages/sklearn/utils/_param_validation.py", line 213, in wrapper
    return func(*args, **kwargs)
           ^^^^^^^^^^^^^^^^^^^^^
  File "/Users/ramsundar/Documents/IITM-Graded-Projects/Capstone/.venv/lib/python3.11/site-packages/sklearn/metrics/_ranking.py", line 634, in roc_auc_score
    return _multiclass_roc_auc_score(
           ^^^^^^^^^^^^^^^^^^^^^^^^^^
  File "/Users/ramsundar/Documents/IITM-Graded-Projects/Capstone/.venv/lib/python3.11/site-packages/sklearn/metrics/_ranking.py", line 707, in _multiclass_roc_auc_score
    raise ValueError(
ValueError: Target scores need to be probabilities for multiclass roc_auc, i.e. they should sum up to 1.0 over classes

  warnings.warn(

2026-05-01 15:44:32,746:WARNING:/Users/ramsundar/Documents/IITM-Graded-Projects/Capstone/.venv/lib/python3.11/site-packages/sklearn/metrics/_classification.py:1561: UserWarning: Note that pos_label (set to 'Rejected') is ignored when average != 'binary' (got 'weighted'). You may use labels=[pos_label] to specify a single positive class.
  warnings.warn(

2026-05-01 15:44:32,751:WARNING:/Users/ramsundar/Documents/IITM-Graded-Projects/Capstone/.venv/lib/python3.11/site-packages/sklearn/metrics/_classification.py:1561: UserWarning: Note that pos_label (set to 'Rejected') is ignored when average != 'binary' (got 'weighted'). You may use labels=[pos_label] to specify a single positive class.
  warnings.warn(

2026-05-01 15:44:32,755:WARNING:/Users/ramsundar/Documents/IITM-Graded-Projects/Capstone/.venv/lib/python3.11/site-packages/sklearn/metrics/_classification.py:1561: UserWarning: Note that pos_label (set to 'Rejected') is ignored when average != 'binary' (got 'weighted'). You may use labels=[pos_label] to specify a single positive class.
  warnings.warn(

2026-05-01 15:44:32,799:WARNING:/Users/ramsundar/Documents/IITM-Graded-Projects/Capstone/.venv/lib/python3.11/site-packages/pycaret/internal/metrics.py:204: FitFailedWarning: Metric 'make_scorer(roc_auc_score, response_method=('decision_function', 'predict_proba'), average=weighted, multi_class=ovr)' failed and error score 0.0 has been returned instead. If this is a custom metric, this usually means that the error is in the metric code. Full exception below:
Traceback (most recent call last):
  File "/Users/ramsundar/Documents/IITM-Graded-Projects/Capstone/.venv/lib/python3.11/site-packages/pycaret/internal/metrics.py", line 196, in _score
    return super()._score(
           ^^^^^^^^^^^^^^^
  File "/Users/ramsundar/Documents/IITM-Graded-Projects/Capstone/.venv/lib/python3.11/site-packages/sklearn/metrics/_scorer.py", line 350, in _score
    return self._sign * self._score_func(y_true, y_pred, **scoring_kwargs)
                        ^^^^^^^^^^^^^^^^^^^^^^^^^^^^^^^^^^^^^^^^^^^^^^^^^^
  File "/Users/ramsundar/Documents/IITM-Graded-Projects/Capstone/.venv/lib/python3.11/site-packages/pycaret/internal/metrics.py", line 144, in __call__
    return self.score_func(y_true, y_pred, **kwargs)
           ^^^^^^^^^^^^^^^^^^^^^^^^^^^^^^^^^^^^^^^^^
  File "/Users/ramsundar/Documents/IITM-Graded-Projects/Capstone/.venv/lib/python3.11/site-packages/sklearn/utils/_param_validation.py", line 213, in wrapper
    return func(*args, **kwargs)
           ^^^^^^^^^^^^^^^^^^^^^
  File "/Users/ramsundar/Documents/IITM-Graded-Projects/Capstone/.venv/lib/python3.11/site-packages/sklearn/metrics/_ranking.py", line 634, in roc_auc_score
    return _multiclass_roc_auc_score(
           ^^^^^^^^^^^^^^^^^^^^^^^^^^
  File "/Users/ramsundar/Documents/IITM-Graded-Projects/Capstone/.venv/lib/python3.11/site-packages/sklearn/metrics/_ranking.py", line 707, in _multiclass_roc_auc_score
    raise ValueError(
ValueError: Target scores need to be probabilities for multiclass roc_auc, i.e. they should sum up to 1.0 over classes

  warnings.warn(

2026-05-01 15:44:32,801:WARNING:/Users/ramsundar/Documents/IITM-Graded-Projects/Capstone/.venv/lib/python3.11/site-packages/sklearn/metrics/_classification.py:1561: UserWarning: Note that pos_label (set to 'Rejected') is ignored when average != 'binary' (got 'weighted'). You may use labels=[pos_label] to specify a single positive class.
  warnings.warn(

2026-05-01 15:44:32,806:WARNING:/Users/ramsundar/Documents/IITM-Graded-Projects/Capstone/.venv/lib/python3.11/site-packages/sklearn/metrics/_classification.py:1561: UserWarning: Note that pos_label (set to 'Rejected') is ignored when average != 'binary' (got 'weighted'). You may use labels=[pos_label] to specify a single positive class.
  warnings.warn(

2026-05-01 15:44:32,810:WARNING:/Users/ramsundar/Documents/IITM-Graded-Projects/Capstone/.venv/lib/python3.11/site-packages/sklearn/metrics/_classification.py:1561: UserWarning: Note that pos_label (set to 'Rejected') is ignored when average != 'binary' (got 'weighted'). You may use labels=[pos_label] to specify a single positive class.
  warnings.warn(

2026-05-01 15:44:32,823:WARNING:/Users/ramsundar/Documents/IITM-Graded-Projects/Capstone/.venv/lib/python3.11/site-packages/pycaret/internal/metrics.py:204: FitFailedWarning: Metric 'make_scorer(roc_auc_score, response_method=('decision_function', 'predict_proba'), average=weighted, multi_class=ovr)' failed and error score 0.0 has been returned instead. If this is a custom metric, this usually means that the error is in the metric code. Full exception below:
Traceback (most recent call last):
  File "/Users/ramsundar/Documents/IITM-Graded-Projects/Capstone/.venv/lib/python3.11/site-packages/pycaret/internal/metrics.py", line 196, in _score
    return super()._score(
           ^^^^^^^^^^^^^^^
  File "/Users/ramsundar/Documents/IITM-Graded-Projects/Capstone/.venv/lib/python3.11/site-packages/sklearn/metrics/_scorer.py", line 350, in _score
    return self._sign * self._score_func(y_true, y_pred, **scoring_kwargs)
                        ^^^^^^^^^^^^^^^^^^^^^^^^^^^^^^^^^^^^^^^^^^^^^^^^^^
  File "/Users/ramsundar/Documents/IITM-Graded-Projects/Capstone/.venv/lib/python3.11/site-packages/pycaret/internal/metrics.py", line 144, in __call__
    return self.score_func(y_true, y_pred, **kwargs)
           ^^^^^^^^^^^^^^^^^^^^^^^^^^^^^^^^^^^^^^^^^
  File "/Users/ramsundar/Documents/IITM-Graded-Projects/Capstone/.venv/lib/python3.11/site-packages/sklearn/utils/_param_validation.py", line 213, in wrapper
    return func(*args, **kwargs)
           ^^^^^^^^^^^^^^^^^^^^^
  File "/Users/ramsundar/Documents/IITM-Graded-Projects/Capstone/.venv/lib/python3.11/site-packages/sklearn/metrics/_ranking.py", line 634, in roc_auc_score
    return _multiclass_roc_auc_score(
           ^^^^^^^^^^^^^^^^^^^^^^^^^^
  File "/Users/ramsundar/Documents/IITM-Graded-Projects/Capstone/.venv/lib/python3.11/site-packages/sklearn/metrics/_ranking.py", line 707, in _multiclass_roc_auc_score
    raise ValueError(
ValueError: Target scores need to be probabilities for multiclass roc_auc, i.e. they should sum up to 1.0 over classes

  warnings.warn(

2026-05-01 15:44:32,825:WARNING:/Users/ramsundar/Documents/IITM-Graded-Projects/Capstone/.venv/lib/python3.11/site-packages/sklearn/metrics/_classification.py:1561: UserWarning: Note that pos_label (set to 'Rejected') is ignored when average != 'binary' (got 'weighted'). You may use labels=[pos_label] to specify a single positive class.
  warnings.warn(

2026-05-01 15:44:32,831:WARNING:/Users/ramsundar/Documents/IITM-Graded-Projects/Capstone/.venv/lib/python3.11/site-packages/sklearn/metrics/_classification.py:1561: UserWarning: Note that pos_label (set to 'Rejected') is ignored when average != 'binary' (got 'weighted'). You may use labels=[pos_label] to specify a single positive class.
  warnings.warn(

2026-05-01 15:44:32,839:WARNING:/Users/ramsundar/Documents/IITM-Graded-Projects/Capstone/.venv/lib/python3.11/site-packages/sklearn/metrics/_classification.py:1561: UserWarning: Note that pos_label (set to 'Rejected') is ignored when average != 'binary' (got 'weighted'). You may use labels=[pos_label] to specify a single positive class.
  warnings.warn(

2026-05-01 15:44:32,844:WARNING:/Users/ramsundar/Documents/IITM-Graded-Projects/Capstone/.venv/lib/python3.11/site-packages/pycaret/internal/metrics.py:204: FitFailedWarning: Metric 'make_scorer(roc_auc_score, response_method=('decision_function', 'predict_proba'), average=weighted, multi_class=ovr)' failed and error score 0.0 has been returned instead. If this is a custom metric, this usually means that the error is in the metric code. Full exception below:
Traceback (most recent call last):
  File "/Users/ramsundar/Documents/IITM-Graded-Projects/Capstone/.venv/lib/python3.11/site-packages/pycaret/internal/metrics.py", line 196, in _score
    return super()._score(
           ^^^^^^^^^^^^^^^
  File "/Users/ramsundar/Documents/IITM-Graded-Projects/Capstone/.venv/lib/python3.11/site-packages/sklearn/metrics/_scorer.py", line 350, in _score
    return self._sign * self._score_func(y_true, y_pred, **scoring_kwargs)
                        ^^^^^^^^^^^^^^^^^^^^^^^^^^^^^^^^^^^^^^^^^^^^^^^^^^
  File "/Users/ramsundar/Documents/IITM-Graded-Projects/Capstone/.venv/lib/python3.11/site-packages/pycaret/internal/metrics.py", line 144, in __call__
    return self.score_func(y_true, y_pred, **kwargs)
           ^^^^^^^^^^^^^^^^^^^^^^^^^^^^^^^^^^^^^^^^^
  File "/Users/ramsundar/Documents/IITM-Graded-Projects/Capstone/.venv/lib/python3.11/site-packages/sklearn/utils/_param_validation.py", line 213, in wrapper
    return func(*args, **kwargs)
           ^^^^^^^^^^^^^^^^^^^^^
  File "/Users/ramsundar/Documents/IITM-Graded-Projects/Capstone/.venv/lib/python3.11/site-packages/sklearn/metrics/_ranking.py", line 634, in roc_auc_score
    return _multiclass_roc_auc_score(
           ^^^^^^^^^^^^^^^^^^^^^^^^^^
  File "/Users/ramsundar/Documents/IITM-Graded-Projects/Capstone/.venv/lib/python3.11/site-packages/sklearn/metrics/_ranking.py", line 707, in _multiclass_roc_auc_score
    raise ValueError(
ValueError: Target scores need to be probabilities for multiclass roc_auc, i.e. they should sum up to 1.0 over classes

  warnings.warn(

2026-05-01 15:44:32,847:WARNING:/Users/ramsundar/Documents/IITM-Graded-Projects/Capstone/.venv/lib/python3.11/site-packages/sklearn/metrics/_classification.py:1561: UserWarning: Note that pos_label (set to 'Rejected') is ignored when average != 'binary' (got 'weighted'). You may use labels=[pos_label] to specify a single positive class.
  warnings.warn(

2026-05-01 15:44:32,853:WARNING:/Users/ramsundar/Documents/IITM-Graded-Projects/Capstone/.venv/lib/python3.11/site-packages/sklearn/metrics/_classification.py:1561: UserWarning: Note that pos_label (set to 'Rejected') is ignored when average != 'binary' (got 'weighted'). You may use labels=[pos_label] to specify a single positive class.
  warnings.warn(

2026-05-01 15:44:32,858:WARNING:/Users/ramsundar/Documents/IITM-Graded-Projects/Capstone/.venv/lib/python3.11/site-packages/sklearn/metrics/_classification.py:1561: UserWarning: Note that pos_label (set to 'Rejected') is ignored when average != 'binary' (got 'weighted'). You may use labels=[pos_label] to specify a single positive class.
  warnings.warn(

2026-05-01 15:44:32,956:WARNING:/Users/ramsundar/Documents/IITM-Graded-Projects/Capstone/.venv/lib/python3.11/site-packages/pycaret/internal/metrics.py:204: FitFailedWarning: Metric 'make_scorer(roc_auc_score, response_method=('decision_function', 'predict_proba'), average=weighted, multi_class=ovr)' failed and error score 0.0 has been returned instead. If this is a custom metric, this usually means that the error is in the metric code. Full exception below:
Traceback (most recent call last):
  File "/Users/ramsundar/Documents/IITM-Graded-Projects/Capstone/.venv/lib/python3.11/site-packages/pycaret/internal/metrics.py", line 196, in _score
    return super()._score(
           ^^^^^^^^^^^^^^^
  File "/Users/ramsundar/Documents/IITM-Graded-Projects/Capstone/.venv/lib/python3.11/site-packages/sklearn/metrics/_scorer.py", line 350, in _score
    return self._sign * self._score_func(y_true, y_pred, **scoring_kwargs)
                        ^^^^^^^^^^^^^^^^^^^^^^^^^^^^^^^^^^^^^^^^^^^^^^^^^^
  File "/Users/ramsundar/Documents/IITM-Graded-Projects/Capstone/.venv/lib/python3.11/site-packages/pycaret/internal/metrics.py", line 144, in __call__
    return self.score_func(y_true, y_pred, **kwargs)
           ^^^^^^^^^^^^^^^^^^^^^^^^^^^^^^^^^^^^^^^^^
  File "/Users/ramsundar/Documents/IITM-Graded-Projects/Capstone/.venv/lib/python3.11/site-packages/sklearn/utils/_param_validation.py", line 213, in wrapper
    return func(*args, **kwargs)
           ^^^^^^^^^^^^^^^^^^^^^
  File "/Users/ramsundar/Documents/IITM-Graded-Projects/Capstone/.venv/lib/python3.11/site-packages/sklearn/metrics/_ranking.py", line 634, in roc_auc_score
    return _multiclass_roc_auc_score(
           ^^^^^^^^^^^^^^^^^^^^^^^^^^
  File "/Users/ramsundar/Documents/IITM-Graded-Projects/Capstone/.venv/lib/python3.11/site-packages/sklearn/metrics/_ranking.py", line 707, in _multiclass_roc_auc_score
    raise ValueError(
ValueError: Target scores need to be probabilities for multiclass roc_auc, i.e. they should sum up to 1.0 over classes

  warnings.warn(

2026-05-01 15:44:32,959:WARNING:/Users/ramsundar/Documents/IITM-Graded-Projects/Capstone/.venv/lib/python3.11/site-packages/sklearn/metrics/_classification.py:1561: UserWarning: Note that pos_label (set to 'Rejected') is ignored when average != 'binary' (got 'weighted'). You may use labels=[pos_label] to specify a single positive class.
  warnings.warn(

2026-05-01 15:44:32,964:WARNING:/Users/ramsundar/Documents/IITM-Graded-Projects/Capstone/.venv/lib/python3.11/site-packages/sklearn/metrics/_classification.py:1561: UserWarning: Note that pos_label (set to 'Rejected') is ignored when average != 'binary' (got 'weighted'). You may use labels=[pos_label] to specify a single positive class.
  warnings.warn(

2026-05-01 15:44:32,969:WARNING:/Users/ramsundar/Documents/IITM-Graded-Projects/Capstone/.venv/lib/python3.11/site-packages/sklearn/metrics/_classification.py:1561: UserWarning: Note that pos_label (set to 'Rejected') is ignored when average != 'binary' (got 'weighted'). You may use labels=[pos_label] to specify a single positive class.
  warnings.warn(

2026-05-01 15:44:33,326:WARNING:/Users/ramsundar/Documents/IITM-Graded-Projects/Capstone/.venv/lib/python3.11/site-packages/pycaret/internal/metrics.py:204: FitFailedWarning: Metric 'make_scorer(roc_auc_score, response_method=('decision_function', 'predict_proba'), average=weighted, multi_class=ovr)' failed and error score 0.0 has been returned instead. If this is a custom metric, this usually means that the error is in the metric code. Full exception below:
Traceback (most recent call last):
  File "/Users/ramsundar/Documents/IITM-Graded-Projects/Capstone/.venv/lib/python3.11/site-packages/pycaret/internal/metrics.py", line 196, in _score
    return super()._score(
           ^^^^^^^^^^^^^^^
  File "/Users/ramsundar/Documents/IITM-Graded-Projects/Capstone/.venv/lib/python3.11/site-packages/sklearn/metrics/_scorer.py", line 350, in _score
    return self._sign * self._score_func(y_true, y_pred, **scoring_kwargs)
                        ^^^^^^^^^^^^^^^^^^^^^^^^^^^^^^^^^^^^^^^^^^^^^^^^^^
  File "/Users/ramsundar/Documents/IITM-Graded-Projects/Capstone/.venv/lib/python3.11/site-packages/pycaret/internal/metrics.py", line 144, in __call__
    return self.score_func(y_true, y_pred, **kwargs)
           ^^^^^^^^^^^^^^^^^^^^^^^^^^^^^^^^^^^^^^^^^
  File "/Users/ramsundar/Documents/IITM-Graded-Projects/Capstone/.venv/lib/python3.11/site-packages/sklearn/utils/_param_validation.py", line 213, in wrapper
    return func(*args, **kwargs)
           ^^^^^^^^^^^^^^^^^^^^^
  File "/Users/ramsundar/Documents/IITM-Graded-Projects/Capstone/.venv/lib/python3.11/site-packages/sklearn/metrics/_ranking.py", line 634, in roc_auc_score
    return _multiclass_roc_auc_score(
           ^^^^^^^^^^^^^^^^^^^^^^^^^^
  File "/Users/ramsundar/Documents/IITM-Graded-Projects/Capstone/.venv/lib/python3.11/site-packages/sklearn/metrics/_ranking.py", line 707, in _multiclass_roc_auc_score
    raise ValueError(
ValueError: Target scores need to be probabilities for multiclass roc_auc, i.e. they should sum up to 1.0 over classes

  warnings.warn(

2026-05-01 15:44:33,328:WARNING:/Users/ramsundar/Documents/IITM-Graded-Projects/Capstone/.venv/lib/python3.11/site-packages/sklearn/metrics/_classification.py:1561: UserWarning: Note that pos_label (set to 'Rejected') is ignored when average != 'binary' (got 'weighted'). You may use labels=[pos_label] to specify a single positive class.
  warnings.warn(

2026-05-01 15:44:33,333:WARNING:/Users/ramsundar/Documents/IITM-Graded-Projects/Capstone/.venv/lib/python3.11/site-packages/sklearn/metrics/_classification.py:1561: UserWarning: Note that pos_label (set to 'Rejected') is ignored when average != 'binary' (got 'weighted'). You may use labels=[pos_label] to specify a single positive class.
  warnings.warn(

2026-05-01 15:44:33,337:WARNING:/Users/ramsundar/Documents/IITM-Graded-Projects/Capstone/.venv/lib/python3.11/site-packages/sklearn/metrics/_classification.py:1561: UserWarning: Note that pos_label (set to 'Rejected') is ignored when average != 'binary' (got 'weighted'). You may use labels=[pos_label] to specify a single positive class.
  warnings.warn(

2026-05-01 15:44:33,448:WARNING:/Users/ramsundar/Documents/IITM-Graded-Projects/Capstone/.venv/lib/python3.11/site-packages/pycaret/internal/metrics.py:204: FitFailedWarning: Metric 'make_scorer(roc_auc_score, response_method=('decision_function', 'predict_proba'), average=weighted, multi_class=ovr)' failed and error score 0.0 has been returned instead. If this is a custom metric, this usually means that the error is in the metric code. Full exception below:
Traceback (most recent call last):
  File "/Users/ramsundar/Documents/IITM-Graded-Projects/Capstone/.venv/lib/python3.11/site-packages/pycaret/internal/metrics.py", line 196, in _score
    return super()._score(
           ^^^^^^^^^^^^^^^
  File "/Users/ramsundar/Documents/IITM-Graded-Projects/Capstone/.venv/lib/python3.11/site-packages/sklearn/metrics/_scorer.py", line 350, in _score
    return self._sign * self._score_func(y_true, y_pred, **scoring_kwargs)
                        ^^^^^^^^^^^^^^^^^^^^^^^^^^^^^^^^^^^^^^^^^^^^^^^^^^
  File "/Users/ramsundar/Documents/IITM-Graded-Projects/Capstone/.venv/lib/python3.11/site-packages/pycaret/internal/metrics.py", line 144, in __call__
    return self.score_func(y_true, y_pred, **kwargs)
           ^^^^^^^^^^^^^^^^^^^^^^^^^^^^^^^^^^^^^^^^^
  File "/Users/ramsundar/Documents/IITM-Graded-Projects/Capstone/.venv/lib/python3.11/site-packages/sklearn/utils/_param_validation.py", line 213, in wrapper
    return func(*args, **kwargs)
           ^^^^^^^^^^^^^^^^^^^^^
  File "/Users/ramsundar/Documents/IITM-Graded-Projects/Capstone/.venv/lib/python3.11/site-packages/sklearn/metrics/_ranking.py", line 634, in roc_auc_score
    return _multiclass_roc_auc_score(
           ^^^^^^^^^^^^^^^^^^^^^^^^^^
  File "/Users/ramsundar/Documents/IITM-Graded-Projects/Capstone/.venv/lib/python3.11/site-packages/sklearn/metrics/_ranking.py", line 707, in _multiclass_roc_auc_score
    raise ValueError(
ValueError: Target scores need to be probabilities for multiclass roc_auc, i.e. they should sum up to 1.0 over classes

  warnings.warn(

2026-05-01 15:44:33,450:WARNING:/Users/ramsundar/Documents/IITM-Graded-Projects/Capstone/.venv/lib/python3.11/site-packages/sklearn/metrics/_classification.py:1561: UserWarning: Note that pos_label (set to 'Rejected') is ignored when average != 'binary' (got 'weighted'). You may use labels=[pos_label] to specify a single positive class.
  warnings.warn(

2026-05-01 15:44:33,455:WARNING:/Users/ramsundar/Documents/IITM-Graded-Projects/Capstone/.venv/lib/python3.11/site-packages/sklearn/metrics/_classification.py:1561: UserWarning: Note that pos_label (set to 'Rejected') is ignored when average != 'binary' (got 'weighted'). You may use labels=[pos_label] to specify a single positive class.
  warnings.warn(

2026-05-01 15:44:33,460:WARNING:/Users/ramsundar/Documents/IITM-Graded-Projects/Capstone/.venv/lib/python3.11/site-packages/sklearn/metrics/_classification.py:1561: UserWarning: Note that pos_label (set to 'Rejected') is ignored when average != 'binary' (got 'weighted'). You may use labels=[pos_label] to specify a single positive class.
  warnings.warn(

2026-05-01 15:44:33,480:WARNING:/Users/ramsundar/Documents/IITM-Graded-Projects/Capstone/.venv/lib/python3.11/site-packages/pycaret/internal/metrics.py:204: FitFailedWarning: Metric 'make_scorer(roc_auc_score, response_method=('decision_function', 'predict_proba'), average=weighted, multi_class=ovr)' failed and error score 0.0 has been returned instead. If this is a custom metric, this usually means that the error is in the metric code. Full exception below:
Traceback (most recent call last):
  File "/Users/ramsundar/Documents/IITM-Graded-Projects/Capstone/.venv/lib/python3.11/site-packages/pycaret/internal/metrics.py", line 196, in _score
    return super()._score(
           ^^^^^^^^^^^^^^^
  File "/Users/ramsundar/Documents/IITM-Graded-Projects/Capstone/.venv/lib/python3.11/site-packages/sklearn/metrics/_scorer.py", line 350, in _score
    return self._sign * self._score_func(y_true, y_pred, **scoring_kwargs)
                        ^^^^^^^^^^^^^^^^^^^^^^^^^^^^^^^^^^^^^^^^^^^^^^^^^^
  File "/Users/ramsundar/Documents/IITM-Graded-Projects/Capstone/.venv/lib/python3.11/site-packages/pycaret/internal/metrics.py", line 144, in __call__
    return self.score_func(y_true, y_pred, **kwargs)
           ^^^^^^^^^^^^^^^^^^^^^^^^^^^^^^^^^^^^^^^^^
  File "/Users/ramsundar/Documents/IITM-Graded-Projects/Capstone/.venv/lib/python3.11/site-packages/sklearn/utils/_param_validation.py", line 213, in wrapper
    return func(*args, **kwargs)
           ^^^^^^^^^^^^^^^^^^^^^
  File "/Users/ramsundar/Documents/IITM-Graded-Projects/Capstone/.venv/lib/python3.11/site-packages/sklearn/metrics/_ranking.py", line 634, in roc_auc_score
    return _multiclass_roc_auc_score(
           ^^^^^^^^^^^^^^^^^^^^^^^^^^
  File "/Users/ramsundar/Documents/IITM-Graded-Projects/Capstone/.venv/lib/python3.11/site-packages/sklearn/metrics/_ranking.py", line 707, in _multiclass_roc_auc_score
    raise ValueError(
ValueError: Target scores need to be probabilities for multiclass roc_auc, i.e. they should sum up to 1.0 over classes

  warnings.warn(

2026-05-01 15:44:33,482:WARNING:/Users/ramsundar/Documents/IITM-Graded-Projects/Capstone/.venv/lib/python3.11/site-packages/sklearn/metrics/_classification.py:1561: UserWarning: Note that pos_label (set to 'Rejected') is ignored when average != 'binary' (got 'weighted'). You may use labels=[pos_label] to specify a single positive class.
  warnings.warn(

2026-05-01 15:44:33,487:WARNING:/Users/ramsundar/Documents/IITM-Graded-Projects/Capstone/.venv/lib/python3.11/site-packages/sklearn/metrics/_classification.py:1561: UserWarning: Note that pos_label (set to 'Rejected') is ignored when average != 'binary' (got 'weighted'). You may use labels=[pos_label] to specify a single positive class.
  warnings.warn(

2026-05-01 15:44:33,492:WARNING:/Users/ramsundar/Documents/IITM-Graded-Projects/Capstone/.venv/lib/python3.11/site-packages/sklearn/metrics/_classification.py:1561: UserWarning: Note that pos_label (set to 'Rejected') is ignored when average != 'binary' (got 'weighted'). You may use labels=[pos_label] to specify a single positive class.
  warnings.warn(

2026-05-01 15:44:33,512:WARNING:/Users/ramsundar/Documents/IITM-Graded-Projects/Capstone/.venv/lib/python3.11/site-packages/pycaret/internal/metrics.py:204: FitFailedWarning: Metric 'make_scorer(roc_auc_score, response_method=('decision_function', 'predict_proba'), average=weighted, multi_class=ovr)' failed and error score 0.0 has been returned instead. If this is a custom metric, this usually means that the error is in the metric code. Full exception below:
Traceback (most recent call last):
  File "/Users/ramsundar/Documents/IITM-Graded-Projects/Capstone/.venv/lib/python3.11/site-packages/pycaret/internal/metrics.py", line 196, in _score
    return super()._score(
           ^^^^^^^^^^^^^^^
  File "/Users/ramsundar/Documents/IITM-Graded-Projects/Capstone/.venv/lib/python3.11/site-packages/sklearn/metrics/_scorer.py", line 350, in _score
    return self._sign * self._score_func(y_true, y_pred, **scoring_kwargs)
                        ^^^^^^^^^^^^^^^^^^^^^^^^^^^^^^^^^^^^^^^^^^^^^^^^^^
  File "/Users/ramsundar/Documents/IITM-Graded-Projects/Capstone/.venv/lib/python3.11/site-packages/pycaret/internal/metrics.py", line 144, in __call__
    return self.score_func(y_true, y_pred, **kwargs)
           ^^^^^^^^^^^^^^^^^^^^^^^^^^^^^^^^^^^^^^^^^
  File "/Users/ramsundar/Documents/IITM-Graded-Projects/Capstone/.venv/lib/python3.11/site-packages/sklearn/utils/_param_validation.py", line 213, in wrapper
    return func(*args, **kwargs)
           ^^^^^^^^^^^^^^^^^^^^^
  File "/Users/ramsundar/Documents/IITM-Graded-Projects/Capstone/.venv/lib/python3.11/site-packages/sklearn/metrics/_ranking.py", line 634, in roc_auc_score
    return _multiclass_roc_auc_score(
           ^^^^^^^^^^^^^^^^^^^^^^^^^^
  File "/Users/ramsundar/Documents/IITM-Graded-Projects/Capstone/.venv/lib/python3.11/site-packages/sklearn/metrics/_ranking.py", line 707, in _multiclass_roc_auc_score
    raise ValueError(
ValueError: Target scores need to be probabilities for multiclass roc_auc, i.e. they should sum up to 1.0 over classes

  warnings.warn(

2026-05-01 15:44:33,514:WARNING:/Users/ramsundar/Documents/IITM-Graded-Projects/Capstone/.venv/lib/python3.11/site-packages/sklearn/metrics/_classification.py:1561: UserWarning: Note that pos_label (set to 'Rejected') is ignored when average != 'binary' (got 'weighted'). You may use labels=[pos_label] to specify a single positive class.
  warnings.warn(

2026-05-01 15:44:33,519:WARNING:/Users/ramsundar/Documents/IITM-Graded-Projects/Capstone/.venv/lib/python3.11/site-packages/sklearn/metrics/_classification.py:1561: UserWarning: Note that pos_label (set to 'Rejected') is ignored when average != 'binary' (got 'weighted'). You may use labels=[pos_label] to specify a single positive class.
  warnings.warn(

2026-05-01 15:44:33,523:WARNING:/Users/ramsundar/Documents/IITM-Graded-Projects/Capstone/.venv/lib/python3.11/site-packages/sklearn/metrics/_classification.py:1561: UserWarning: Note that pos_label (set to 'Rejected') is ignored when average != 'binary' (got 'weighted'). You may use labels=[pos_label] to specify a single positive class.
  warnings.warn(

2026-05-01 15:45:07,939:WARNING:/Users/ramsundar/Documents/IITM-Graded-Projects/Capstone/.venv/lib/python3.11/site-packages/pycaret/internal/metrics.py:204: FitFailedWarning: Metric 'make_scorer(roc_auc_score, response_method=('decision_function', 'predict_proba'), average=weighted, multi_class=ovr)' failed and error score 0.0 has been returned instead. If this is a custom metric, this usually means that the error is in the metric code. Full exception below:
Traceback (most recent call last):
  File "/Users/ramsundar/Documents/IITM-Graded-Projects/Capstone/.venv/lib/python3.11/site-packages/pycaret/internal/metrics.py", line 196, in _score
    return super()._score(
           ^^^^^^^^^^^^^^^
  File "/Users/ramsundar/Documents/IITM-Graded-Projects/Capstone/.venv/lib/python3.11/site-packages/sklearn/metrics/_scorer.py", line 350, in _score
    return self._sign * self._score_func(y_true, y_pred, **scoring_kwargs)
                        ^^^^^^^^^^^^^^^^^^^^^^^^^^^^^^^^^^^^^^^^^^^^^^^^^^
  File "/Users/ramsundar/Documents/IITM-Graded-Projects/Capstone/.venv/lib/python3.11/site-packages/pycaret/internal/metrics.py", line 144, in __call__
    return self.score_func(y_true, y_pred, **kwargs)
           ^^^^^^^^^^^^^^^^^^^^^^^^^^^^^^^^^^^^^^^^^
  File "/Users/ramsundar/Documents/IITM-Graded-Projects/Capstone/.venv/lib/python3.11/site-packages/sklearn/utils/_param_validation.py", line 213, in wrapper
    return func(*args, **kwargs)
           ^^^^^^^^^^^^^^^^^^^^^
  File "/Users/ramsundar/Documents/IITM-Graded-Projects/Capstone/.venv/lib/python3.11/site-packages/sklearn/metrics/_ranking.py", line 634, in roc_auc_score
    return _multiclass_roc_auc_score(
           ^^^^^^^^^^^^^^^^^^^^^^^^^^
  File "/Users/ramsundar/Documents/IITM-Graded-Projects/Capstone/.venv/lib/python3.11/site-packages/sklearn/metrics/_ranking.py", line 707, in _multiclass_roc_auc_score
    raise ValueError(
ValueError: Target scores need to be probabilities for multiclass roc_auc, i.e. they should sum up to 1.0 over classes

  warnings.warn(

2026-05-01 15:45:07,942:WARNING:/Users/ramsundar/Documents/IITM-Graded-Projects/Capstone/.venv/lib/python3.11/site-packages/sklearn/metrics/_classification.py:1561: UserWarning: Note that pos_label (set to 'Rejected') is ignored when average != 'binary' (got 'weighted'). You may use labels=[pos_label] to specify a single positive class.
  warnings.warn(

2026-05-01 15:45:07,947:WARNING:/Users/ramsundar/Documents/IITM-Graded-Projects/Capstone/.venv/lib/python3.11/site-packages/sklearn/metrics/_classification.py:1561: UserWarning: Note that pos_label (set to 'Rejected') is ignored when average != 'binary' (got 'weighted'). You may use labels=[pos_label] to specify a single positive class.
  warnings.warn(

2026-05-01 15:45:07,952:WARNING:/Users/ramsundar/Documents/IITM-Graded-Projects/Capstone/.venv/lib/python3.11/site-packages/sklearn/metrics/_classification.py:1561: UserWarning: Note that pos_label (set to 'Rejected') is ignored when average != 'binary' (got 'weighted'). You may use labels=[pos_label] to specify a single positive class.
  warnings.warn(

2026-05-01 15:45:07,972:WARNING:/Users/ramsundar/Documents/IITM-Graded-Projects/Capstone/.venv/lib/python3.11/site-packages/pycaret/internal/metrics.py:204: FitFailedWarning: Metric 'make_scorer(roc_auc_score, response_method=('decision_function', 'predict_proba'), average=weighted, multi_class=ovr)' failed and error score 0.0 has been returned instead. If this is a custom metric, this usually means that the error is in the metric code. Full exception below:
Traceback (most recent call last):
  File "/Users/ramsundar/Documents/IITM-Graded-Projects/Capstone/.venv/lib/python3.11/site-packages/pycaret/internal/metrics.py", line 196, in _score
    return super()._score(
           ^^^^^^^^^^^^^^^
  File "/Users/ramsundar/Documents/IITM-Graded-Projects/Capstone/.venv/lib/python3.11/site-packages/sklearn/metrics/_scorer.py", line 350, in _score
    return self._sign * self._score_func(y_true, y_pred, **scoring_kwargs)
                        ^^^^^^^^^^^^^^^^^^^^^^^^^^^^^^^^^^^^^^^^^^^^^^^^^^
  File "/Users/ramsundar/Documents/IITM-Graded-Projects/Capstone/.venv/lib/python3.11/site-packages/pycaret/internal/metrics.py", line 144, in __call__
    return self.score_func(y_true, y_pred, **kwargs)
           ^^^^^^^^^^^^^^^^^^^^^^^^^^^^^^^^^^^^^^^^^
  File "/Users/ramsundar/Documents/IITM-Graded-Projects/Capstone/.venv/lib/python3.11/site-packages/sklearn/utils/_param_validation.py", line 213, in wrapper
    return func(*args, **kwargs)
           ^^^^^^^^^^^^^^^^^^^^^
  File "/Users/ramsundar/Documents/IITM-Graded-Projects/Capstone/.venv/lib/python3.11/site-packages/sklearn/metrics/_ranking.py", line 634, in roc_auc_score
    return _multiclass_roc_auc_score(
           ^^^^^^^^^^^^^^^^^^^^^^^^^^
  File "/Users/ramsundar/Documents/IITM-Graded-Projects/Capstone/.venv/lib/python3.11/site-packages/sklearn/metrics/_ranking.py", line 707, in _multiclass_roc_auc_score
    raise ValueError(
ValueError: Target scores need to be probabilities for multiclass roc_auc, i.e. they should sum up to 1.0 over classes

  warnings.warn(

2026-05-01 15:45:07,974:WARNING:/Users/ramsundar/Documents/IITM-Graded-Projects/Capstone/.venv/lib/python3.11/site-packages/sklearn/metrics/_classification.py:1561: UserWarning: Note that pos_label (set to 'Rejected') is ignored when average != 'binary' (got 'weighted'). You may use labels=[pos_label] to specify a single positive class.
  warnings.warn(

2026-05-01 15:45:07,979:WARNING:/Users/ramsundar/Documents/IITM-Graded-Projects/Capstone/.venv/lib/python3.11/site-packages/sklearn/metrics/_classification.py:1561: UserWarning: Note that pos_label (set to 'Rejected') is ignored when average != 'binary' (got 'weighted'). You may use labels=[pos_label] to specify a single positive class.
  warnings.warn(

2026-05-01 15:45:07,987:WARNING:/Users/ramsundar/Documents/IITM-Graded-Projects/Capstone/.venv/lib/python3.11/site-packages/sklearn/metrics/_classification.py:1561: UserWarning: Note that pos_label (set to 'Rejected') is ignored when average != 'binary' (got 'weighted'). You may use labels=[pos_label] to specify a single positive class.
  warnings.warn(

2026-05-01 15:45:08,040:WARNING:/Users/ramsundar/Documents/IITM-Graded-Projects/Capstone/.venv/lib/python3.11/site-packages/pycaret/internal/metrics.py:204: FitFailedWarning: Metric 'make_scorer(roc_auc_score, response_method=('decision_function', 'predict_proba'), average=weighted, multi_class=ovr)' failed and error score 0.0 has been returned instead. If this is a custom metric, this usually means that the error is in the metric code. Full exception below:
Traceback (most recent call last):
  File "/Users/ramsundar/Documents/IITM-Graded-Projects/Capstone/.venv/lib/python3.11/site-packages/pycaret/internal/metrics.py", line 196, in _score
    return super()._score(
           ^^^^^^^^^^^^^^^
  File "/Users/ramsundar/Documents/IITM-Graded-Projects/Capstone/.venv/lib/python3.11/site-packages/sklearn/metrics/_scorer.py", line 350, in _score
    return self._sign * self._score_func(y_true, y_pred, **scoring_kwargs)
                        ^^^^^^^^^^^^^^^^^^^^^^^^^^^^^^^^^^^^^^^^^^^^^^^^^^
  File "/Users/ramsundar/Documents/IITM-Graded-Projects/Capstone/.venv/lib/python3.11/site-packages/pycaret/internal/metrics.py", line 144, in __call__
    return self.score_func(y_true, y_pred, **kwargs)
           ^^^^^^^^^^^^^^^^^^^^^^^^^^^^^^^^^^^^^^^^^
  File "/Users/ramsundar/Documents/IITM-Graded-Projects/Capstone/.venv/lib/python3.11/site-packages/sklearn/utils/_param_validation.py", line 213, in wrapper
    return func(*args, **kwargs)
           ^^^^^^^^^^^^^^^^^^^^^
  File "/Users/ramsundar/Documents/IITM-Graded-Projects/Capstone/.venv/lib/python3.11/site-packages/sklearn/metrics/_ranking.py", line 634, in roc_auc_score
    return _multiclass_roc_auc_score(
           ^^^^^^^^^^^^^^^^^^^^^^^^^^
  File "/Users/ramsundar/Documents/IITM-Graded-Projects/Capstone/.venv/lib/python3.11/site-packages/sklearn/metrics/_ranking.py", line 707, in _multiclass_roc_auc_score
    raise ValueError(
ValueError: Target scores need to be probabilities for multiclass roc_auc, i.e. they should sum up to 1.0 over classes

  warnings.warn(

2026-05-01 15:45:08,043:WARNING:/Users/ramsundar/Documents/IITM-Graded-Projects/Capstone/.venv/lib/python3.11/site-packages/sklearn/metrics/_classification.py:1561: UserWarning: Note that pos_label (set to 'Rejected') is ignored when average != 'binary' (got 'weighted'). You may use labels=[pos_label] to specify a single positive class.
  warnings.warn(

2026-05-01 15:45:08,051:WARNING:/Users/ramsundar/Documents/IITM-Graded-Projects/Capstone/.venv/lib/python3.11/site-packages/sklearn/metrics/_classification.py:1561: UserWarning: Note that pos_label (set to 'Rejected') is ignored when average != 'binary' (got 'weighted'). You may use labels=[pos_label] to specify a single positive class.
  warnings.warn(

2026-05-01 15:45:08,054:WARNING:/Users/ramsundar/Documents/IITM-Graded-Projects/Capstone/.venv/lib/python3.11/site-packages/pycaret/internal/metrics.py:204: FitFailedWarning: Metric 'make_scorer(roc_auc_score, response_method=('decision_function', 'predict_proba'), average=weighted, multi_class=ovr)' failed and error score 0.0 has been returned instead. If this is a custom metric, this usually means that the error is in the metric code. Full exception below:
Traceback (most recent call last):
  File "/Users/ramsundar/Documents/IITM-Graded-Projects/Capstone/.venv/lib/python3.11/site-packages/pycaret/internal/metrics.py", line 196, in _score
    return super()._score(
           ^^^^^^^^^^^^^^^
  File "/Users/ramsundar/Documents/IITM-Graded-Projects/Capstone/.venv/lib/python3.11/site-packages/sklearn/metrics/_scorer.py", line 350, in _score
    return self._sign * self._score_func(y_true, y_pred, **scoring_kwargs)
                        ^^^^^^^^^^^^^^^^^^^^^^^^^^^^^^^^^^^^^^^^^^^^^^^^^^
  File "/Users/ramsundar/Documents/IITM-Graded-Projects/Capstone/.venv/lib/python3.11/site-packages/pycaret/internal/metrics.py", line 144, in __call__
    return self.score_func(y_true, y_pred, **kwargs)
           ^^^^^^^^^^^^^^^^^^^^^^^^^^^^^^^^^^^^^^^^^
  File "/Users/ramsundar/Documents/IITM-Graded-Projects/Capstone/.venv/lib/python3.11/site-packages/sklearn/utils/_param_validation.py", line 213, in wrapper
    return func(*args, **kwargs)
           ^^^^^^^^^^^^^^^^^^^^^
  File "/Users/ramsundar/Documents/IITM-Graded-Projects/Capstone/.venv/lib/python3.11/site-packages/sklearn/metrics/_ranking.py", line 634, in roc_auc_score
    return _multiclass_roc_auc_score(
           ^^^^^^^^^^^^^^^^^^^^^^^^^^
  File "/Users/ramsundar/Documents/IITM-Graded-Projects/Capstone/.venv/lib/python3.11/site-packages/sklearn/metrics/_ranking.py", line 707, in _multiclass_roc_auc_score
    raise ValueError(
ValueError: Target scores need to be probabilities for multiclass roc_auc, i.e. they should sum up to 1.0 over classes

  warnings.warn(

2026-05-01 15:45:08,056:WARNING:/Users/ramsundar/Documents/IITM-Graded-Projects/Capstone/.venv/lib/python3.11/site-packages/sklearn/metrics/_classification.py:1561: UserWarning: Note that pos_label (set to 'Rejected') is ignored when average != 'binary' (got 'weighted'). You may use labels=[pos_label] to specify a single positive class.
  warnings.warn(

2026-05-01 15:45:08,061:WARNING:/Users/ramsundar/Documents/IITM-Graded-Projects/Capstone/.venv/lib/python3.11/site-packages/sklearn/metrics/_classification.py:1561: UserWarning: Note that pos_label (set to 'Rejected') is ignored when average != 'binary' (got 'weighted'). You may use labels=[pos_label] to specify a single positive class.
  warnings.warn(

2026-05-01 15:45:08,061:WARNING:/Users/ramsundar/Documents/IITM-Graded-Projects/Capstone/.venv/lib/python3.11/site-packages/sklearn/metrics/_classification.py:1561: UserWarning: Note that pos_label (set to 'Rejected') is ignored when average != 'binary' (got 'weighted'). You may use labels=[pos_label] to specify a single positive class.
  warnings.warn(

2026-05-01 15:45:08,065:WARNING:/Users/ramsundar/Documents/IITM-Graded-Projects/Capstone/.venv/lib/python3.11/site-packages/sklearn/metrics/_classification.py:1561: UserWarning: Note that pos_label (set to 'Rejected') is ignored when average != 'binary' (got 'weighted'). You may use labels=[pos_label] to specify a single positive class.
  warnings.warn(

2026-05-01 15:45:08,075:WARNING:/Users/ramsundar/Documents/IITM-Graded-Projects/Capstone/.venv/lib/python3.11/site-packages/pycaret/internal/metrics.py:204: FitFailedWarning: Metric 'make_scorer(roc_auc_score, response_method=('decision_function', 'predict_proba'), average=weighted, multi_class=ovr)' failed and error score 0.0 has been returned instead. If this is a custom metric, this usually means that the error is in the metric code. Full exception below:
Traceback (most recent call last):
  File "/Users/ramsundar/Documents/IITM-Graded-Projects/Capstone/.venv/lib/python3.11/site-packages/pycaret/internal/metrics.py", line 196, in _score
    return super()._score(
           ^^^^^^^^^^^^^^^
  File "/Users/ramsundar/Documents/IITM-Graded-Projects/Capstone/.venv/lib/python3.11/site-packages/sklearn/metrics/_scorer.py", line 350, in _score
    return self._sign * self._score_func(y_true, y_pred, **scoring_kwargs)
                        ^^^^^^^^^^^^^^^^^^^^^^^^^^^^^^^^^^^^^^^^^^^^^^^^^^
  File "/Users/ramsundar/Documents/IITM-Graded-Projects/Capstone/.venv/lib/python3.11/site-packages/pycaret/internal/metrics.py", line 144, in __call__
    return self.score_func(y_true, y_pred, **kwargs)
           ^^^^^^^^^^^^^^^^^^^^^^^^^^^^^^^^^^^^^^^^^
  File "/Users/ramsundar/Documents/IITM-Graded-Projects/Capstone/.venv/lib/python3.11/site-packages/sklearn/utils/_param_validation.py", line 213, in wrapper
    return func(*args, **kwargs)
           ^^^^^^^^^^^^^^^^^^^^^
  File "/Users/ramsundar/Documents/IITM-Graded-Projects/Capstone/.venv/lib/python3.11/site-packages/sklearn/metrics/_ranking.py", line 634, in roc_auc_score
    return _multiclass_roc_auc_score(
           ^^^^^^^^^^^^^^^^^^^^^^^^^^
  File "/Users/ramsundar/Documents/IITM-Graded-Projects/Capstone/.venv/lib/python3.11/site-packages/sklearn/metrics/_ranking.py", line 707, in _multiclass_roc_auc_score
    raise ValueError(
ValueError: Target scores need to be probabilities for multiclass roc_auc, i.e. they should sum up to 1.0 over classes

  warnings.warn(

2026-05-01 15:45:08,078:WARNING:/Users/ramsundar/Documents/IITM-Graded-Projects/Capstone/.venv/lib/python3.11/site-packages/sklearn/metrics/_classification.py:1561: UserWarning: Note that pos_label (set to 'Rejected') is ignored when average != 'binary' (got 'weighted'). You may use labels=[pos_label] to specify a single positive class.
  warnings.warn(

2026-05-01 15:45:08,083:WARNING:/Users/ramsundar/Documents/IITM-Graded-Projects/Capstone/.venv/lib/python3.11/site-packages/sklearn/metrics/_classification.py:1561: UserWarning: Note that pos_label (set to 'Rejected') is ignored when average != 'binary' (got 'weighted'). You may use labels=[pos_label] to specify a single positive class.
  warnings.warn(

2026-05-01 15:45:08,089:WARNING:/Users/ramsundar/Documents/IITM-Graded-Projects/Capstone/.venv/lib/python3.11/site-packages/sklearn/metrics/_classification.py:1561: UserWarning: Note that pos_label (set to 'Rejected') is ignored when average != 'binary' (got 'weighted'). You may use labels=[pos_label] to specify a single positive class.
  warnings.warn(

2026-05-01 15:45:08,143:WARNING:/Users/ramsundar/Documents/IITM-Graded-Projects/Capstone/.venv/lib/python3.11/site-packages/pycaret/internal/metrics.py:204: FitFailedWarning: Metric 'make_scorer(roc_auc_score, response_method=('decision_function', 'predict_proba'), average=weighted, multi_class=ovr)' failed and error score 0.0 has been returned instead. If this is a custom metric, this usually means that the error is in the metric code. Full exception below:
Traceback (most recent call last):
  File "/Users/ramsundar/Documents/IITM-Graded-Projects/Capstone/.venv/lib/python3.11/site-packages/pycaret/internal/metrics.py", line 196, in _score
    return super()._score(
           ^^^^^^^^^^^^^^^
  File "/Users/ramsundar/Documents/IITM-Graded-Projects/Capstone/.venv/lib/python3.11/site-packages/sklearn/metrics/_scorer.py", line 350, in _score
    return self._sign * self._score_func(y_true, y_pred, **scoring_kwargs)
                        ^^^^^^^^^^^^^^^^^^^^^^^^^^^^^^^^^^^^^^^^^^^^^^^^^^
  File "/Users/ramsundar/Documents/IITM-Graded-Projects/Capstone/.venv/lib/python3.11/site-packages/pycaret/internal/metrics.py", line 144, in __call__
    return self.score_func(y_true, y_pred, **kwargs)
           ^^^^^^^^^^^^^^^^^^^^^^^^^^^^^^^^^^^^^^^^^
  File "/Users/ramsundar/Documents/IITM-Graded-Projects/Capstone/.venv/lib/python3.11/site-packages/sklearn/utils/_param_validation.py", line 213, in wrapper
    return func(*args, **kwargs)
           ^^^^^^^^^^^^^^^^^^^^^
  File "/Users/ramsundar/Documents/IITM-Graded-Projects/Capstone/.venv/lib/python3.11/site-packages/sklearn/metrics/_ranking.py", line 634, in roc_auc_score
    return _multiclass_roc_auc_score(
           ^^^^^^^^^^^^^^^^^^^^^^^^^^
  File "/Users/ramsundar/Documents/IITM-Graded-Projects/Capstone/.venv/lib/python3.11/site-packages/sklearn/metrics/_ranking.py", line 707, in _multiclass_roc_auc_score
    raise ValueError(
ValueError: Target scores need to be probabilities for multiclass roc_auc, i.e. they should sum up to 1.0 over classes

  warnings.warn(

2026-05-01 15:45:08,145:WARNING:/Users/ramsundar/Documents/IITM-Graded-Projects/Capstone/.venv/lib/python3.11/site-packages/sklearn/metrics/_classification.py:1561: UserWarning: Note that pos_label (set to 'Rejected') is ignored when average != 'binary' (got 'weighted'). You may use labels=[pos_label] to specify a single positive class.
  warnings.warn(

2026-05-01 15:45:08,150:WARNING:/Users/ramsundar/Documents/IITM-Graded-Projects/Capstone/.venv/lib/python3.11/site-packages/sklearn/metrics/_classification.py:1561: UserWarning: Note that pos_label (set to 'Rejected') is ignored when average != 'binary' (got 'weighted'). You may use labels=[pos_label] to specify a single positive class.
  warnings.warn(

2026-05-01 15:45:08,155:WARNING:/Users/ramsundar/Documents/IITM-Graded-Projects/Capstone/.venv/lib/python3.11/site-packages/sklearn/metrics/_classification.py:1561: UserWarning: Note that pos_label (set to 'Rejected') is ignored when average != 'binary' (got 'weighted'). You may use labels=[pos_label] to specify a single positive class.
  warnings.warn(

2026-05-01 15:45:08,165:WARNING:/Users/ramsundar/Documents/IITM-Graded-Projects/Capstone/.venv/lib/python3.11/site-packages/pycaret/internal/metrics.py:204: FitFailedWarning: Metric 'make_scorer(roc_auc_score, response_method=('decision_function', 'predict_proba'), average=weighted, multi_class=ovr)' failed and error score 0.0 has been returned instead. If this is a custom metric, this usually means that the error is in the metric code. Full exception below:
Traceback (most recent call last):
  File "/Users/ramsundar/Documents/IITM-Graded-Projects/Capstone/.venv/lib/python3.11/site-packages/pycaret/internal/metrics.py", line 196, in _score
    return super()._score(
           ^^^^^^^^^^^^^^^
  File "/Users/ramsundar/Documents/IITM-Graded-Projects/Capstone/.venv/lib/python3.11/site-packages/sklearn/metrics/_scorer.py", line 350, in _score
    return self._sign * self._score_func(y_true, y_pred, **scoring_kwargs)
                        ^^^^^^^^^^^^^^^^^^^^^^^^^^^^^^^^^^^^^^^^^^^^^^^^^^
  File "/Users/ramsundar/Documents/IITM-Graded-Projects/Capstone/.venv/lib/python3.11/site-packages/pycaret/internal/metrics.py", line 144, in __call__
    return self.score_func(y_true, y_pred, **kwargs)
           ^^^^^^^^^^^^^^^^^^^^^^^^^^^^^^^^^^^^^^^^^
  File "/Users/ramsundar/Documents/IITM-Graded-Projects/Capstone/.venv/lib/python3.11/site-packages/sklearn/utils/_param_validation.py", line 213, in wrapper
    return func(*args, **kwargs)
           ^^^^^^^^^^^^^^^^^^^^^
  File "/Users/ramsundar/Documents/IITM-Graded-Projects/Capstone/.venv/lib/python3.11/site-packages/sklearn/metrics/_ranking.py", line 634, in roc_auc_score
    return _multiclass_roc_auc_score(
           ^^^^^^^^^^^^^^^^^^^^^^^^^^
  File "/Users/ramsundar/Documents/IITM-Graded-Projects/Capstone/.venv/lib/python3.11/site-packages/sklearn/metrics/_ranking.py", line 707, in _multiclass_roc_auc_score
    raise ValueError(
ValueError: Target scores need to be probabilities for multiclass roc_auc, i.e. they should sum up to 1.0 over classes

  warnings.warn(

2026-05-01 15:45:08,167:WARNING:/Users/ramsundar/Documents/IITM-Graded-Projects/Capstone/.venv/lib/python3.11/site-packages/sklearn/metrics/_classification.py:1561: UserWarning: Note that pos_label (set to 'Rejected') is ignored when average != 'binary' (got 'weighted'). You may use labels=[pos_label] to specify a single positive class.
  warnings.warn(

2026-05-01 15:45:08,172:WARNING:/Users/ramsundar/Documents/IITM-Graded-Projects/Capstone/.venv/lib/python3.11/site-packages/sklearn/metrics/_classification.py:1561: UserWarning: Note that pos_label (set to 'Rejected') is ignored when average != 'binary' (got 'weighted'). You may use labels=[pos_label] to specify a single positive class.
  warnings.warn(

2026-05-01 15:45:08,177:WARNING:/Users/ramsundar/Documents/IITM-Graded-Projects/Capstone/.venv/lib/python3.11/site-packages/sklearn/metrics/_classification.py:1561: UserWarning: Note that pos_label (set to 'Rejected') is ignored when average != 'binary' (got 'weighted'). You may use labels=[pos_label] to specify a single positive class.
  warnings.warn(

2026-05-01 15:45:08,475:WARNING:/Users/ramsundar/Documents/IITM-Graded-Projects/Capstone/.venv/lib/python3.11/site-packages/pycaret/internal/metrics.py:204: FitFailedWarning: Metric 'make_scorer(roc_auc_score, response_method=('decision_function', 'predict_proba'), average=weighted, multi_class=ovr)' failed and error score 0.0 has been returned instead. If this is a custom metric, this usually means that the error is in the metric code. Full exception below:
Traceback (most recent call last):
  File "/Users/ramsundar/Documents/IITM-Graded-Projects/Capstone/.venv/lib/python3.11/site-packages/pycaret/internal/metrics.py", line 196, in _score
    return super()._score(
           ^^^^^^^^^^^^^^^
  File "/Users/ramsundar/Documents/IITM-Graded-Projects/Capstone/.venv/lib/python3.11/site-packages/sklearn/metrics/_scorer.py", line 350, in _score
    return self._sign * self._score_func(y_true, y_pred, **scoring_kwargs)
                        ^^^^^^^^^^^^^^^^^^^^^^^^^^^^^^^^^^^^^^^^^^^^^^^^^^
  File "/Users/ramsundar/Documents/IITM-Graded-Projects/Capstone/.venv/lib/python3.11/site-packages/pycaret/internal/metrics.py", line 144, in __call__
    return self.score_func(y_true, y_pred, **kwargs)
           ^^^^^^^^^^^^^^^^^^^^^^^^^^^^^^^^^^^^^^^^^
  File "/Users/ramsundar/Documents/IITM-Graded-Projects/Capstone/.venv/lib/python3.11/site-packages/sklearn/utils/_param_validation.py", line 213, in wrapper
    return func(*args, **kwargs)
           ^^^^^^^^^^^^^^^^^^^^^
  File "/Users/ramsundar/Documents/IITM-Graded-Projects/Capstone/.venv/lib/python3.11/site-packages/sklearn/metrics/_ranking.py", line 634, in roc_auc_score
    return _multiclass_roc_auc_score(
           ^^^^^^^^^^^^^^^^^^^^^^^^^^
  File "/Users/ramsundar/Documents/IITM-Graded-Projects/Capstone/.venv/lib/python3.11/site-packages/sklearn/metrics/_ranking.py", line 707, in _multiclass_roc_auc_score
    raise ValueError(
ValueError: Target scores need to be probabilities for multiclass roc_auc, i.e. they should sum up to 1.0 over classes

  warnings.warn(

2026-05-01 15:45:08,477:WARNING:/Users/ramsundar/Documents/IITM-Graded-Projects/Capstone/.venv/lib/python3.11/site-packages/sklearn/metrics/_classification.py:1561: UserWarning: Note that pos_label (set to 'Rejected') is ignored when average != 'binary' (got 'weighted'). You may use labels=[pos_label] to specify a single positive class.
  warnings.warn(

2026-05-01 15:45:08,481:WARNING:/Users/ramsundar/Documents/IITM-Graded-Projects/Capstone/.venv/lib/python3.11/site-packages/sklearn/metrics/_classification.py:1561: UserWarning: Note that pos_label (set to 'Rejected') is ignored when average != 'binary' (got 'weighted'). You may use labels=[pos_label] to specify a single positive class.
  warnings.warn(

2026-05-01 15:45:08,486:WARNING:/Users/ramsundar/Documents/IITM-Graded-Projects/Capstone/.venv/lib/python3.11/site-packages/sklearn/metrics/_classification.py:1561: UserWarning: Note that pos_label (set to 'Rejected') is ignored when average != 'binary' (got 'weighted'). You may use labels=[pos_label] to specify a single positive class.
  warnings.warn(

2026-05-01 15:45:08,539:WARNING:/Users/ramsundar/Documents/IITM-Graded-Projects/Capstone/.venv/lib/python3.11/site-packages/pycaret/internal/metrics.py:204: FitFailedWarning: Metric 'make_scorer(roc_auc_score, response_method=('decision_function', 'predict_proba'), average=weighted, multi_class=ovr)' failed and error score 0.0 has been returned instead. If this is a custom metric, this usually means that the error is in the metric code. Full exception below:
Traceback (most recent call last):
  File "/Users/ramsundar/Documents/IITM-Graded-Projects/Capstone/.venv/lib/python3.11/site-packages/pycaret/internal/metrics.py", line 196, in _score
    return super()._score(
           ^^^^^^^^^^^^^^^
  File "/Users/ramsundar/Documents/IITM-Graded-Projects/Capstone/.venv/lib/python3.11/site-packages/sklearn/metrics/_scorer.py", line 350, in _score
    return self._sign * self._score_func(y_true, y_pred, **scoring_kwargs)
                        ^^^^^^^^^^^^^^^^^^^^^^^^^^^^^^^^^^^^^^^^^^^^^^^^^^
  File "/Users/ramsundar/Documents/IITM-Graded-Projects/Capstone/.venv/lib/python3.11/site-packages/pycaret/internal/metrics.py", line 144, in __call__
    return self.score_func(y_true, y_pred, **kwargs)
           ^^^^^^^^^^^^^^^^^^^^^^^^^^^^^^^^^^^^^^^^^
  File "/Users/ramsundar/Documents/IITM-Graded-Projects/Capstone/.venv/lib/python3.11/site-packages/sklearn/utils/_param_validation.py", line 213, in wrapper
    return func(*args, **kwargs)
           ^^^^^^^^^^^^^^^^^^^^^
  File "/Users/ramsundar/Documents/IITM-Graded-Projects/Capstone/.venv/lib/python3.11/site-packages/sklearn/metrics/_ranking.py", line 634, in roc_auc_score
    return _multiclass_roc_auc_score(
           ^^^^^^^^^^^^^^^^^^^^^^^^^^
  File "/Users/ramsundar/Documents/IITM-Graded-Projects/Capstone/.venv/lib/python3.11/site-packages/sklearn/metrics/_ranking.py", line 707, in _multiclass_roc_auc_score
    raise ValueError(
ValueError: Target scores need to be probabilities for multiclass roc_auc, i.e. they should sum up to 1.0 over classes

  warnings.warn(

2026-05-01 15:45:08,541:WARNING:/Users/ramsundar/Documents/IITM-Graded-Projects/Capstone/.venv/lib/python3.11/site-packages/sklearn/metrics/_classification.py:1561: UserWarning: Note that pos_label (set to 'Rejected') is ignored when average != 'binary' (got 'weighted'). You may use labels=[pos_label] to specify a single positive class.
  warnings.warn(

2026-05-01 15:45:08,545:WARNING:/Users/ramsundar/Documents/IITM-Graded-Projects/Capstone/.venv/lib/python3.11/site-packages/sklearn/metrics/_classification.py:1561: UserWarning: Note that pos_label (set to 'Rejected') is ignored when average != 'binary' (got 'weighted'). You may use labels=[pos_label] to specify a single positive class.
  warnings.warn(

2026-05-01 15:45:08,550:WARNING:/Users/ramsundar/Documents/IITM-Graded-Projects/Capstone/.venv/lib/python3.11/site-packages/sklearn/metrics/_classification.py:1561: UserWarning: Note that pos_label (set to 'Rejected') is ignored when average != 'binary' (got 'weighted'). You may use labels=[pos_label] to specify a single positive class.
  warnings.warn(

2026-05-01 15:45:08,906:WARNING:/Users/ramsundar/Documents/IITM-Graded-Projects/Capstone/.venv/lib/python3.11/site-packages/pycaret/internal/metrics.py:204: FitFailedWarning: Metric 'make_scorer(roc_auc_score, response_method=('decision_function', 'predict_proba'), average=weighted, multi_class=ovr)' failed and error score 0.0 has been returned instead. If this is a custom metric, this usually means that the error is in the metric code. Full exception below:
Traceback (most recent call last):
  File "/Users/ramsundar/Documents/IITM-Graded-Projects/Capstone/.venv/lib/python3.11/site-packages/pycaret/internal/metrics.py", line 196, in _score
    return super()._score(
           ^^^^^^^^^^^^^^^
  File "/Users/ramsundar/Documents/IITM-Graded-Projects/Capstone/.venv/lib/python3.11/site-packages/sklearn/metrics/_scorer.py", line 350, in _score
    return self._sign * self._score_func(y_true, y_pred, **scoring_kwargs)
                        ^^^^^^^^^^^^^^^^^^^^^^^^^^^^^^^^^^^^^^^^^^^^^^^^^^
  File "/Users/ramsundar/Documents/IITM-Graded-Projects/Capstone/.venv/lib/python3.11/site-packages/pycaret/internal/metrics.py", line 144, in __call__
    return self.score_func(y_true, y_pred, **kwargs)
           ^^^^^^^^^^^^^^^^^^^^^^^^^^^^^^^^^^^^^^^^^
  File "/Users/ramsundar/Documents/IITM-Graded-Projects/Capstone/.venv/lib/python3.11/site-packages/sklearn/utils/_param_validation.py", line 213, in wrapper
    return func(*args, **kwargs)
           ^^^^^^^^^^^^^^^^^^^^^
  File "/Users/ramsundar/Documents/IITM-Graded-Projects/Capstone/.venv/lib/python3.11/site-packages/sklearn/metrics/_ranking.py", line 634, in roc_auc_score
    return _multiclass_roc_auc_score(
           ^^^^^^^^^^^^^^^^^^^^^^^^^^
  File "/Users/ramsundar/Documents/IITM-Graded-Projects/Capstone/.venv/lib/python3.11/site-packages/sklearn/metrics/_ranking.py", line 707, in _multiclass_roc_auc_score
    raise ValueError(
ValueError: Target scores need to be probabilities for multiclass roc_auc, i.e. they should sum up to 1.0 over classes

  warnings.warn(

2026-05-01 15:45:08,908:WARNING:/Users/ramsundar/Documents/IITM-Graded-Projects/Capstone/.venv/lib/python3.11/site-packages/sklearn/metrics/_classification.py:1561: UserWarning: Note that pos_label (set to 'Rejected') is ignored when average != 'binary' (got 'weighted'). You may use labels=[pos_label] to specify a single positive class.
  warnings.warn(

2026-05-01 15:45:08,913:WARNING:/Users/ramsundar/Documents/IITM-Graded-Projects/Capstone/.venv/lib/python3.11/site-packages/sklearn/metrics/_classification.py:1561: UserWarning: Note that pos_label (set to 'Rejected') is ignored when average != 'binary' (got 'weighted'). You may use labels=[pos_label] to specify a single positive class.
  warnings.warn(

2026-05-01 15:45:08,917:WARNING:/Users/ramsundar/Documents/IITM-Graded-Projects/Capstone/.venv/lib/python3.11/site-packages/sklearn/metrics/_classification.py:1561: UserWarning: Note that pos_label (set to 'Rejected') is ignored when average != 'binary' (got 'weighted'). You may use labels=[pos_label] to specify a single positive class.
  warnings.warn(

